<Schema name="POC_JM">
  <Dimension type="TimeDimension" visible="true" highCardinality="false" name="Periodo">
    <Hierarchy visible="true" hasAll="true" allMemberName="Todos" allMemberCaption="Todos" primaryKey="sk_tempo">
      <Table name="tempo2" schema="dim">
      </Table>
      <Level name="ano" visible="true" column="ano" nameColumn="ano" type="Integer" uniqueMembers="false" levelType="TimeYears" hideMemberIf="Never" caption="Ano">
      </Level>
      <Level name="mes" visible="true" column="mes" nameColumn="nome_mes" type="Integer" uniqueMembers="false" levelType="TimeMonths" hideMemberIf="Never" caption="M&#234;s">
      </Level>
      <Level name="dia" visible="true" column="sk_tempo" nameColumn="dia" type="Integer" uniqueMembers="true" levelType="TimeDays" hideMemberIf="Never" caption="Dia">
      </Level>
    </Hierarchy>
    <Hierarchy name="amdfull" visible="true" hasAll="true" allMemberName="Todos" allMemberCaption="Todos" primaryKey="sk_tempo" caption="Alt. Masc.">
      <Table name="tempo2" schema="dim">
      </Table>
      <Level name="ano" visible="true" column="ano" nameColumn="ano" type="Integer" internalType="int" uniqueMembers="false" levelType="TimeYears" hideMemberIf="Never" caption="Ano">
      </Level>
      <Level name="mes" visible="true" column="mes" nameColumn="ano_mes_nome" type="Integer" internalType="int" uniqueMembers="false" levelType="TimeMonths" hideMemberIf="Never" caption="M&#234;s">
      </Level>
      <Level name="semana" visible="true" column="num_semana_mes" nameColumn="num_semana_mes" type="Integer" internalType="int" uniqueMembers="false" levelType="TimeUndefined" hideMemberIf="Never" caption="Semana do M&#234;s">
      </Level>
      <Level name="dia" visible="true" column="sk_tempo" nameColumn="ano_mes_dia" type="Integer" internalType="int" uniqueMembers="true" levelType="TimeDays" hideMemberIf="Never" caption="Dia do Ano">
      </Level>
    </Hierarchy>
  </Dimension>
  <Dimension visible="true" highCardinality="false" name="Classificacao">
    <Hierarchy visible="true" hasAll="true">
      <Table name="jm_ficha_servico" schema="fato">
      </Table>
      <Level name="Classificacao" visible="true" column="classificacao" type="String" uniqueMembers="false" levelType="Regular" hideMemberIf="Never">
      </Level>
    </Hierarchy>
  </Dimension>
  <Dimension visible="true" highCardinality="false" name="Codigo contrato">
    <Hierarchy visible="true" hasAll="true">
      <Table name="jm_ficha_servico" schema="fato">
      </Table>
      <Level name="Codigo contrato" visible="true" column="codigo_contrato" type="String" uniqueMembers="false" levelType="Regular" hideMemberIf="Never">
      </Level>
    </Hierarchy>
  </Dimension>
  <Dimension visible="true" highCardinality="false" name="Codigo emitente">
    <Hierarchy visible="true" hasAll="true">
      <Table name="jm_ficha_servico" schema="fato">
      </Table>
      <Level name="Codigo emitente" visible="true" column="codigo_emitente" type="String" uniqueMembers="false" levelType="Regular" hideMemberIf="Never">
      </Level>
    </Hierarchy>
  </Dimension>
  <Dimension visible="true" highCardinality="false" name="equipamento" caption="Equipamento">
    <Hierarchy visible="true" hasAll="true">
      <Table name="jm_ficha_servico" schema="fato">
      </Table>
      <Level name="equipamento" visible="true" column="codigo_equipamento" type="String" uniqueMembers="false" levelType="Regular" hideMemberIf="Never">
      </Level>
    </Hierarchy>
  </Dimension>
  <Dimension visible="true" highCardinality="false" name="Codigo item">
    <Hierarchy visible="true" hasAll="true">
      <Table name="jm_ficha_servico" schema="fato">
      </Table>
      <Level name="Codigo item" visible="true" column="codigo_item" type="String" uniqueMembers="false" levelType="Regular" hideMemberIf="Never">
      </Level>
    </Hierarchy>
  </Dimension>
  <Dimension visible="true" highCardinality="false" name="Codigo tipo registro">
    <Hierarchy visible="true" hasAll="true">
      <Table name="jm_ficha_servico" schema="fato">
      </Table>
      <Level name="Codigo tipo registro" visible="true" column="codigo_tipo_registro" type="String" uniqueMembers="false" levelType="Regular" hideMemberIf="Never">
      </Level>
    </Hierarchy>
  </Dimension>
  <Dimension visible="true" highCardinality="false" name="Custo por dia trabalhado">
    <Hierarchy visible="true" hasAll="true">
      <Table name="jm_ficha_servico" schema="fato">
      </Table>
      <Level name="Custo por dia trabalhado" visible="true" column="custo_por_dia_trabalhado" type="Numeric" uniqueMembers="false" levelType="Regular" hideMemberIf="Never">
      </Level>
    </Hierarchy>
  </Dimension>
  <Dimension visible="true" highCardinality="false" name="Custo por hora trabalhada">
    <Hierarchy visible="true" hasAll="true">
      <Table name="jm_ficha_servico" schema="fato">
      </Table>
      <Level name="Custo por hora trabalhada" visible="true" column="custo_por_hora_trabalhada" type="Numeric" uniqueMembers="false" levelType="Regular" hideMemberIf="Never">
      </Level>
    </Hierarchy>
  </Dimension>
  <Dimension visible="true" highCardinality="false" name="Descricao contrato">
    <Hierarchy visible="true" hasAll="true">
      <Table name="jm_ficha_servico" schema="fato">
      </Table>
      <Level name="Descricao contrato" visible="true" column="descricao_contrato" type="String" uniqueMembers="false" levelType="Regular" hideMemberIf="Never">
      </Level>
    </Hierarchy>
  </Dimension>
  <Dimension visible="true" highCardinality="false" name="item" caption="Item">
    <Hierarchy visible="true" hasAll="true">
      <Table name="jm_ficha_servico" schema="fato">
      </Table>
      <Level name="tipoItem" visible="true" column="tipo_item" type="String" uniqueMembers="false" levelType="Regular" hideMemberIf="Never" caption="Tipo">
      </Level>
      <Level name="descricaoItem" visible="true" column="descricao_item" type="String" uniqueMembers="false" levelType="Regular" hideMemberIf="Never" caption="Item">
      </Level>
    </Hierarchy>
  </Dimension>
  <Dimension visible="true" highCardinality="false" name="Marca">
    <Hierarchy visible="true" hasAll="true">
      <Table name="jm_ficha_servico" schema="fato">
      </Table>
      <Level name="Marca" visible="true" column="marca" type="String" uniqueMembers="false" levelType="Regular" hideMemberIf="Never">
      </Level>
      <Level name="Modelo" visible="true" column="modelo" type="String" uniqueMembers="false" levelType="Regular" hideMemberIf="Never" caption="Modelo">
      </Level>
    </Hierarchy>
  </Dimension>
  <Dimension visible="true" highCardinality="false" name="Modelo">
    <Hierarchy visible="true" hasAll="true">
      <Table name="jm_ficha_servico" schema="fato">
      </Table>
      <Level name="Modelo" visible="true" column="modelo" type="String" uniqueMembers="false" levelType="Regular" hideMemberIf="Never">
      </Level>
    </Hierarchy>
  </Dimension>
  <Dimension visible="true" highCardinality="false" name="Nome cliente">
    <Hierarchy visible="true" hasAll="true">
      <Table name="jm_ficha_servico" schema="fato">
      </Table>
      <Level name="Nome cliente" visible="true" column="nome_cliente" type="String" uniqueMembers="false" levelType="Regular" hideMemberIf="Never">
      </Level>
    </Hierarchy>
  </Dimension>
  <Dimension visible="true" highCardinality="false" name="Nome proprietario">
    <Hierarchy visible="true" hasAll="true">
      <Table name="jm_ficha_servico" schema="fato">
      </Table>
      <Level name="Nome proprietario" visible="true" column="nome_proprietario" type="String" uniqueMembers="false" levelType="Regular" hideMemberIf="Never">
      </Level>
    </Hierarchy>
  </Dimension>
  <Dimension visible="true" highCardinality="false" name="Nrchassi" caption="Nr Chasii">
    <Hierarchy visible="true" hasAll="true">
      <Table name="jm_ficha_servico" schema="fato">
      </Table>
      <Level name="Nrchassi" visible="true" column="nrchassi" type="String" uniqueMembers="false" levelType="Regular" hideMemberIf="Never">
      </Level>
    </Hierarchy>
  </Dimension>
  <Dimension visible="true" highCardinality="false" name="Numero ordem servico">
    <Hierarchy visible="true" hasAll="true">
      <Table name="jm_ficha_servico" schema="fato">
      </Table>
      <Level name="Numero ordem servico" visible="true" column="numero_ordem_servico" type="String" uniqueMembers="false" levelType="Regular" hideMemberIf="Never">
      </Level>
    </Hierarchy>
  </Dimension>
  <Dimension visible="true" highCardinality="false" name="Tipo item">
    <Hierarchy visible="true" hasAll="true">
      <Table name="jm_ficha_servico" schema="fato">
      </Table>
      <Level name="Tipo item" visible="true" column="tipo_item" type="String" uniqueMembers="false" levelType="Regular" hideMemberIf="Never">
      </Level>
    </Hierarchy>
  </Dimension>
  <Dimension visible="true" highCardinality="false" name="setorManutencao" caption="Setor Manuten&#231;&#227;o">
    <Hierarchy visible="true" hasAll="true">
      <Table name="jm_ficha_servico" schema="fato">
      </Table>
      <Level name="setorManutencao" visible="true" column="setor_manutencao" type="String" uniqueMembers="false" levelType="Regular" hideMemberIf="Never" caption="Setor Manuten&#231;&#227;o">
      </Level>
    </Hierarchy>
  </Dimension>
  <Cube name="POC_JM" visible="true" cache="true" enabled="true">
    <Table name="jm_ficha_servico" schema="fato">
    </Table>
    <DimensionUsage source="Classificacao" name="Classificacao" visible="true" highCardinality="false">
    </DimensionUsage>
    <DimensionUsage source="Codigo contrato" name="Codigo contrato" visible="true" highCardinality="false">
    </DimensionUsage>
    <DimensionUsage source="Codigo emitente" name="Codigo emitente" visible="true" highCardinality="false">
    </DimensionUsage>
    <DimensionUsage source="equipamento" name="Codigo equipamento" caption="Equipamento" visible="true" highCardinality="false">
    </DimensionUsage>
    <DimensionUsage source="Codigo item" name="Codigo item" visible="true" highCardinality="false">
    </DimensionUsage>
    <DimensionUsage source="Codigo tipo registro" name="Codigo tipo registro" visible="true" highCardinality="false">
    </DimensionUsage>
    <DimensionUsage source="Custo por dia trabalhado" name="Custo por dia trabalhado" visible="true" highCardinality="false">
    </DimensionUsage>
    <DimensionUsage source="Custo por hora trabalhada" name="Custo por hora trabalhada" visible="true" highCardinality="false">
    </DimensionUsage>
    <DimensionUsage source="Descricao contrato" name="Descricao contrato" visible="true" highCardinality="false">
    </DimensionUsage>
    <DimensionUsage source="item" name="item" caption="Item" visible="true" highCardinality="false">
    </DimensionUsage>
    <DimensionUsage source="Marca" name="Marca" visible="true" highCardinality="false">
    </DimensionUsage>
    <DimensionUsage source="Modelo" name="Modelo" visible="true" highCardinality="false">
    </DimensionUsage>
    <DimensionUsage source="Nome cliente" name="Nome cliente" visible="true" highCardinality="false">
    </DimensionUsage>
    <DimensionUsage source="Nome proprietario" name="Nome proprietario" visible="true" highCardinality="false">
    </DimensionUsage>
    <DimensionUsage source="Nrchassi" name="Nrchassi" visible="true" highCardinality="false">
    </DimensionUsage>
    <DimensionUsage source="Numero ordem servico" name="Numero ordem servico" visible="true" highCardinality="false">
    </DimensionUsage>
    <DimensionUsage source="Tipo item" name="Tipo item" visible="true" highCardinality="false">
    </DimensionUsage>
    <DimensionUsage source="setorManutencao" name="setorManutencao" caption="Setor Manuten&#231;&#227;o" visible="true" highCardinality="false">
    </DimensionUsage>
    <DimensionUsage source="Periodo" name="dataAbertura" caption="Data de Abertura OS" visible="true" foreignKey="sk_abertura" highCardinality="false">
    </DimensionUsage>
    <DimensionUsage source="Periodo" name="dataFechamento" caption="Data Fechamento OS" visible="true" foreignKey="sk_fechamento" highCardinality="false">
    </DimensionUsage>
    <Measure name="custoDiaTrabalhado" column="custo_por_dia_trabalhado" aggregator="sum">
    </Measure>
    <Measure name="custoHoraTrabalhada" column="custo_por_hora_trabalhada" aggregator="sum">
    </Measure>
    <Measure name="diasEntreRevisoes" column="dias_entre_revisoes" aggregator="avg">
    </Measure>
    <Measure name="horasParadasFrac" column="hora_sem_produzir_frac" aggregator="sum" caption="Hora Parada">
    </Measure>
    <Measure name="horaTrabalhadaFrac" column="hora_trabalhada_frac" aggregator="sum" caption="Hora Trabalhada">
    </Measure>
    <Measure name="horimetro" column="horimetro" aggregator="sum">
    </Measure>
    <Measure name="metaCusto" column="meta_custo" aggregator="sum">
    </Measure>
    <Measure name="receita" column="receita" aggregator="sum">
    </Measure>
    <Measure name="custoTotal" column="valor_total" aggregator="sum">
    </Measure>
    <Measure name="qtdeOS" column="numero_ordem_servico" datatype="Integer" aggregator="distinct-count" caption="Qtde. OS" visible="true">
    </Measure>
    <Measure name="qtdeTipoOS" column="classificacao" datatype="Integer" aggregator="distinct-count" caption="Qtde. Tipo de OS" visible="true">
    </Measure>
    <Measure name="qtdeDistintaItem" column="codigo_item" datatype="Integer" aggregator="distinct-count" caption="Qtde. Itens Distintos" visible="true">
    </Measure>
    <Measure name="qtdeEquipamentos" column="codigo_equipamento" aggregator="distinct-count" caption="Qtde. distintas de Equipamento" visible="true">
    </Measure>
    <CalculatedMember name="totalHoras" caption="Total de Horas" formula="[Measures].[horaTrabalhadaFrac] +[Measures].[horasParadasFrac]" dimension="Measures" visible="false">
    </CalculatedMember>
    <CalculatedMember name="indiceEficiencia" caption="&#205;ndice de Efici&#234;ncia" formula="[Measures].[horaTrabalhadaFrac]/[Measures].[totalHoras]" dimension="Measures" visible="true">
    </CalculatedMember>
    <CalculatedMember name="qtdeManutencaoHoraTrabalhada" caption="M&#233;dia de Manuten&#231;&#245;es / Hora Trabalhada" formula="[Measures].[horaTrabalhadaFrac] / [Measures].[qtdeOS]" dimension="Measures" visible="true">
    </CalculatedMember>
    <CalculatedMember name="margemLucro" caption="MC" formula="([Measures].[receita] - [Measures].[custoTotal]) / [Measures].[receita]" dimension="Measures" visible="true">
    </CalculatedMember>
  </Cube>
</Schema>
