<Schema name="poc_dori">
  <Dimension type="StandardDimension" visible="true" highCardinality="false" name="produto" caption="Produto">
    <Hierarchy name="categoria" visible="true" hasAll="true" allMemberName="todos" allMemberCaption="Todos" primaryKey="SK_PRODUTO" caption="Categoria">
      <Table name="DIM_PRODUTO" schema="DW">
      </Table>
      <Level name="categoria" visible="true" column="CODCATEGORIA" nameColumn="DSCCATEGORIA" type="Integer" internalType="int" uniqueMembers="false" levelType="Regular" hideMemberIf="Never" caption="Categoria">
      </Level>
      <Level name="produtodori" visible="true" column="CODPRODUTO" nameColumn="DSCPRODUTO" type="Integer" internalType="int" uniqueMembers="false" levelType="Regular" hideMemberIf="Never" caption="Descri&#231;&#227;o Dori">
      </Level>
      <Level name="produto" visible="true" column="SK_PRODUTO" nameColumn="DSCMATERIAL" type="Integer" internalType="int" uniqueMembers="true" levelType="Regular" hideMemberIf="Never" caption="Descri&#231;&#227;o Produto">
      </Level>
    </Hierarchy>
    <Hierarchy name="marca" visible="true" hasAll="true" allMemberName="todos" allMemberCaption="Todos" primaryKey="SK_PRODUTO" caption="Marca">
      <Table name="DIM_PRODUTO" schema="DW">
      </Table>
      <Level name="marca" visible="true" column="CODMARCA" nameColumn="DSCMARCA" type="Integer" internalType="int" uniqueMembers="false" levelType="Regular" hideMemberIf="Never" caption="Marca">
      </Level>
      <Level name="produtodori" visible="true" column="CODPRODUTO" nameColumn="DSCPRODUTO" type="Integer" internalType="int" uniqueMembers="false" levelType="Regular" hideMemberIf="Never" caption="Descri&#231;&#227;o Dori">
      </Level>
      <Level name="produto" visible="true" column="SK_PRODUTO" nameColumn="DSCMATERIAL" type="Integer" internalType="int" uniqueMembers="true" levelType="Regular" hideMemberIf="Never" caption="Descri&#231;&#227;o Produto">
      </Level>
    </Hierarchy>
    <Hierarchy name="classificacao" visible="true" hasAll="true" allMemberName="todos" allMemberCaption="Todos" primaryKey="SK_PRODUTO" caption="Classifica&#231;&#227;o">
      <Table name="DIM_PRODUTO" schema="DW">
      </Table>
      <Level name="classificacao" visible="true" column="CODINDICADOR" nameColumn="DSCINDICADOR" type="Integer" internalType="int" uniqueMembers="false" levelType="Regular" hideMemberIf="Never" caption="Classifica&#231;&#227;o">
      </Level>
    </Hierarchy>
    <Hierarchy name="drill" visible="true" hasAll="true" allMemberName="todos" allMemberCaption="Todos" primaryKey="SK_PRODUTO" caption="Drill">
      <Table name="DIM_PRODUTO" schema="DW">
      </Table>
      <Level name="categoria" visible="true" column="CODCATEGORIA" nameColumn="DSCCATEGORIA" type="Integer" internalType="int" uniqueMembers="false" levelType="Regular" hideMemberIf="Never" caption="Categoria">
      </Level>
      <Level name="gramatura" visible="true" column="GRAMATURA" nameColumn="GRAMATURA" type="String" internalType="String" uniqueMembers="false" levelType="Regular" hideMemberIf="Never" caption="Gramatura">
      </Level>
      <Level name="produtodori" visible="true" column="CODPRODUTO" nameColumn="DRILLPRODUTO" type="Integer" internalType="int" uniqueMembers="false" levelType="Regular" hideMemberIf="Never" caption="Descri&#231;&#227;o Dori">
      </Level>
      <Level name="drillthrow" visible="true" column="DRILLTHROW" nameColumn="DRILLTHROW" type="String" internalType="String" uniqueMembers="false" levelType="Regular" hideMemberIf="Never" caption="&#60;&#62;">
      </Level>
      <Level name="marca" visible="true" column="CODMARCA" nameColumn="DSCMARCA" type="Integer" internalType="int" uniqueMembers="false" levelType="Regular" hideMemberIf="Never" caption="Marca">
      </Level>
      <Level name="produto" visible="true" column="CODMATERIAL" nameColumn="DSCMATERIAL" type="Integer" internalType="int" uniqueMembers="false" levelType="Regular" hideMemberIf="Never" caption="Descri&#231;&#227;o Produto">
      </Level>
    </Hierarchy>
  </Dimension>
  <Dimension type="StandardDimension" visible="true" highCardinality="false" name="endereco" caption="Endere&#231;o">
    <Hierarchy visible="true" hasAll="true" allMemberName="todos" allMemberCaption="Todos" primaryKey="SK_ENDERECO" caption="Geo">
      <Table name="DIM_ENDERECO" schema="DW">
      </Table>
      <Level name="pais" visible="true" column="CODPAIS" nameColumn="DSCPAIS" type="Integer" internalType="int" uniqueMembers="false" levelType="Regular" hideMemberIf="Never" caption="Pa&#237;s">
      </Level>
      <Level name="regiao" visible="true" column="CODREGIAO" nameColumn="DSCREGIAO" type="Integer" internalType="int" uniqueMembers="false" levelType="Regular" hideMemberIf="Never" caption="Regi&#227;o">
      </Level>
      <Level name="estado" visible="true" column="CODESTADO" nameColumn="DSCESTADO" type="Integer" internalType="int" uniqueMembers="false" levelType="Regular" hideMemberIf="Never" caption="Estado">
      </Level>
      <Level name="cidade" visible="true" column="SK_ENDERECO" nameColumn="DSCCIDADE" type="Integer" internalType="int" uniqueMembers="true" levelType="Regular" hideMemberIf="Never" caption="Cidade">
      </Level>
      <Level name="Latitude" visible="true" column="SK_LAT" nameColumn="LAT" type="Integer" uniqueMembers="false" levelType="Regular" hideMemberIf="Never" caption="Latitude">
      </Level>
      <Level name="Longitude" visible="true" column="SK_LON" nameColumn="LON" type="Integer" uniqueMembers="false" levelType="Regular" hideMemberIf="Never" caption="Longitude">
      </Level>
    </Hierarchy>
    <Hierarchy name="faixa" visible="true" hasAll="true" allMemberName="todos" allMemberCaption="Todos" primaryKey="SK_ENDERECO" caption="Dados Popula&#231;&#227;o">
      <Table name="DIM_ENDERECO" schema="DW">
      </Table>
      <Level name="faixa" visible="true" column="CODFAIXAPOPULACAO" nameColumn="DSCFAIXAPOPULACAO" type="Integer" internalType="int" uniqueMembers="false" levelType="Regular" hideMemberIf="Never" caption="Faixa Popula&#231;&#227;o">
      </Level>
      <Level name="quantidade" visible="true" column="QTDEPOPULACAO" nameColumn="QTDEPOPULACAO" type="Integer" internalType="int" uniqueMembers="false" levelType="Regular" hideMemberIf="Never" caption="Qtde. Popula&#231;&#227;o">
      </Level>
    </Hierarchy>
    <Hierarchy name="sigla" visible="true" hasAll="true" primaryKey="SK_ENDERECO" caption="Sigla UF.">
      <Table name="DIM_ENDERECO" schema="DW">
      </Table>
      <Level name="sigla" visible="true" column="CODESTADO" nameColumn="SGLESTADO" type="Integer" internalType="int" uniqueMembers="false" levelType="Regular" hideMemberIf="Never" caption="Sigla UF.">
      </Level>
      <Level name="cidade" visible="true" column="SK_ENDERECO" nameColumn="DSCCIDADE" type="Integer" internalType="int" uniqueMembers="true" levelType="Regular" hideMemberIf="Never" caption="Cidade">
      </Level>
      <Level name="Latitude" visible="true" column="SK_LAT" nameColumn="LAT" type="Integer" internalType="int" uniqueMembers="false" levelType="Regular" hideMemberIf="Never" caption="Latitude">
      </Level>
      <Level name="Longitude" visible="true" column="SK_LON" nameColumn="LON" type="Integer" internalType="int" uniqueMembers="false" levelType="Regular" hideMemberIf="Never" caption="Longitude">
      </Level>
    </Hierarchy>
  </Dimension>
  <Dimension type="TimeDimension" visible="true" highCardinality="false" name="periodo" caption="Per&#237;odo">
    <Hierarchy name="amqd" visible="true" hasAll="true" allMemberName="todos" allMemberCaption="Todos" primaryKey="SK_TEMPO" caption="Hier. Padr&#227;o">
      <Table name="DIM_TEMPO" schema="DW">
      </Table>
      <Level name="ano" visible="true" column="ANO" nameColumn="ANO" type="Integer" internalType="int" uniqueMembers="false" levelType="TimeYears" hideMemberIf="Never" caption="Ano">
      </Level>
      <Level name="mes" visible="true" column="MES" nameColumn="NOME_MES" type="Integer" internalType="int" uniqueMembers="false" levelType="TimeMonths" hideMemberIf="Never" caption="M&#234;s">
      </Level>
      <Level name="quinzena" visible="true" column="QUINZENA" nameColumn="QUINZENA" type="Integer" internalType="int" uniqueMembers="false" levelType="TimeUndefined" hideMemberIf="Never" caption="Quinzena">
      </Level>
      <Level name="dia" visible="true" column="SK_TEMPO" nameColumn="DIA" type="Integer" internalType="int" uniqueMembers="true" levelType="TimeDays" hideMemberIf="Never" caption="Dia">
      </Level>
    </Hierarchy>
    <Hierarchy name="amqdfull" visible="true" hasAll="true" allMemberName="todos" allMemberCaption="Todos" primaryKey="SK_TEMPO" caption="Hier. Alt.">
      <Table name="DIM_TEMPO" schema="DW">
      </Table>
      <Level name="ano" visible="true" column="ANO" nameColumn="ANO" type="Integer" internalType="int" uniqueMembers="false" levelType="TimeYears" hideMemberIf="Never" caption="Ano">
      </Level>
      <Level name="mes" visible="true" column="MES" nameColumn="ANO_MES_NOME" type="Integer" internalType="int" uniqueMembers="false" levelType="TimeMonths" hideMemberIf="Never" caption="M&#234;s">
      </Level>
      <Level name="quinzena" visible="true" column="QUINZENA" nameColumn="QUINZENA" type="Integer" internalType="int" uniqueMembers="false" levelType="TimeUndefined" hideMemberIf="Never" caption="Quinzena">
      </Level>
      <Level name="dia" visible="true" column="SK_TEMPO" nameColumn="ANO_MES_DIA" type="Integer" internalType="int" uniqueMembers="true" levelType="TimeDays" hideMemberIf="Never" caption="Dia">
      </Level>
    </Hierarchy>
    <Hierarchy name="qzna" visible="true" hasAll="true" primaryKey="SK_TEMPO" caption="Quinzena">
      <Table name="DIM_TEMPO" schema="DW">
      </Table>
      <Level name="quinzena" visible="true" column="QUINZENA" nameColumn="QUINZENA" type="Integer" internalType="int" uniqueMembers="false" levelType="TimeUndefined" hideMemberIf="Never" caption="Quinzena">
      </Level>
    </Hierarchy>
  </Dimension>
  <Dimension type="StandardDimension" visible="true" highCardinality="false" name="canal" caption="Canal">
    <Hierarchy visible="true" hasAll="true" allMemberName="todos" allMemberCaption="Todos" primaryKey="SK_CANAL" caption="Canal">
      <Table name="DIM_CANAL" schema="DW">
      </Table>
      <Level name="canal" visible="true" column="SK_CANAL" nameColumn="DSCCANAL" type="Integer" internalType="int" uniqueMembers="true" levelType="Regular" hideMemberIf="Never" caption="Descri&#231;&#227;o Canal">
      </Level>
    </Hierarchy>
  </Dimension>
  <Dimension type="StandardDimension" visible="true" highCardinality="false" name="promotor" caption="Promotor">
    <Hierarchy visible="true" hasAll="true" allMemberName="todos" allMemberCaption="Todos" primaryKey="SK_PROMOTOR" caption="Promotor">
      <Table name="DIM_PROMOTOR" schema="DW">
      </Table>
      <Level name="supervisor" visible="true" column="CODSUPERVISOR" nameColumn="DSCSUPERVISOR" type="Integer" internalType="int" uniqueMembers="false" levelType="Regular" hideMemberIf="Never" caption="Supervisor">
      </Level>
      <Level name="funcionario" visible="true" column="SK_PROMOTOR" nameColumn="DSCFUNCIONARIO" type="Integer" internalType="int" uniqueMembers="true" levelType="Regular" hideMemberIf="Never" caption="Funcion&#225;rio">
      </Level>
    </Hierarchy>
  </Dimension>
  <Dimension type="StandardDimension" visible="true" highCardinality="false" name="regional" caption="Regional PDV">
    <Hierarchy visible="true" hasAll="true" allMemberName="todos" allMemberCaption="Todos" primaryKey="SK_REGIONAL_PDV">
      <Table name="DIM_REGIONAL_PDV" schema="DW">
      </Table>
      <Level name="regionalpdv" visible="true" column="SK_REGIONAL_PDV" nameColumn="DSCREGIONAL" type="Integer" internalType="int" uniqueMembers="true" levelType="Regular" hideMemberIf="Never" caption="Descri&#231;&#227;o Regional">
      </Level>
    </Hierarchy>
  </Dimension>
  <Dimension type="StandardDimension" visible="true" highCardinality="false" name="cliente" caption="Cliente">
    <Hierarchy visible="true" hasAll="true" allMemberName="todos" allMemberCaption="Todos" primaryKey="SK_CLIENTE" caption="Redes">
      <Table name="DIM_CLIENTE" schema="DW">
      </Table>
      <Level name="rede" visible="true" column="CODEREDE" nameColumn="DSCREDE" type="Integer" internalType="int" uniqueMembers="false" levelType="Regular" hideMemberIf="Never" caption="Rede">
      </Level>
      <Level name="cliente" visible="true" column="DSCCLIENTE" nameColumn="DSCCLIENTE" type="String" internalType="String" uniqueMembers="true" levelType="Regular" hideMemberIf="Never" caption="Cliente">
      </Level>
    </Hierarchy>
  </Dimension>
  <Dimension type="StandardDimension" visible="true" highCardinality="false" name="gramatura" caption="Gramatura">
    <Hierarchy visible="true" hasAll="true" allMemberName="todos" allMemberCaption="Todos" primaryKey="SK_GRAMATURA">
      <Table name="DIM_GRAMATURA" schema="DW">
      </Table>
      <Level name="gramatura" visible="true" column="SK_GRAMATURA" nameColumn="CODGRAMATURA" ordinalColumn="CODGRAMATURA" type="Integer" internalType="int" uniqueMembers="true" levelType="Regular" hideMemberIf="Never" caption="Gramatura">
      </Level>
    </Hierarchy>
  </Dimension>
  <Dimension type="StandardDimension" visible="true" highCardinality="false" name="fornecedor">
    <Hierarchy visible="true" hasAll="true" allMemberName="todos" allMemberCaption="Todos" primaryKey="SK_FORNECEDOR" caption="Fornecedor">
      <Table name="DIM_FORNECEDOR" schema="DW">
      </Table>
      <Level name="fornecedor" visible="true" column="SK_FORNECEDOR" nameColumn="DESCRICAO_FORNECEDOR" type="Integer" internalType="int" uniqueMembers="true" levelType="Regular" hideMemberIf="Never" caption="Fornecedor">
      </Level>
    </Hierarchy>
  </Dimension>
  <Dimension type="StandardDimension" visible="true" highCardinality="false" name="localnegocio">
    <Hierarchy visible="true" hasAll="true" allMemberName="todos" allMemberCaption="Todos" primaryKey="SK_LOCAL_NEGOCIO" caption="Local Neg&#243;cio">
      <Table name="DIM_LOCAL_NEGOCIO" schema="DW">
      </Table>
      <Level name="localnegocio" visible="true" column="SK_LOCAL_NEGOCIO" nameColumn="NOME_LOCAL_NEGOCIO" type="Integer" internalType="int" uniqueMembers="true" levelType="Regular" hideMemberIf="Never" caption="Local Neg&#243;cio">
      </Level>
    </Hierarchy>
  </Dimension>
  <Dimension type="StandardDimension" visible="true" highCardinality="false" name="tipodocumento">
    <Hierarchy visible="true" hasAll="true" allMemberName="todos" allMemberCaption="Todos" primaryKey="SK_TIPO_DOCUMENTO" caption="Tipo de Documento">
      <Table name="DIM_TIPO_DOCUMENTO" schema="DW">
      </Table>
      <Level name="tipodocumento" visible="true" column="SK_TIPO_DOCUMENTO" nameColumn="COD_TIPO_DOCUMENTO" type="Integer" internalType="int" uniqueMembers="true" levelType="Regular" hideMemberIf="Never" caption="Tipo de Documento">
      </Level>
    </Hierarchy>
  </Dimension>
  <Dimension type="StandardDimension" visible="true" highCardinality="false" name="grupotesouraria">
    <Hierarchy visible="true" hasAll="true" allMemberName="todos" allMemberCaption="Todos" primaryKey="SK_GRUPO_TESOURARIA" caption="Grupo Tesouraria">
      <Table name="DIM_GRUPO_TESOURARIA" schema="DW">
      </Table>
      <Level name="grupotesouraria" visible="true" column="SK_GRUPO_TESOURARIA" nameColumn="GRUPO_TESOURARIA" type="Integer" internalType="int" uniqueMembers="true" levelType="Regular" hideMemberIf="Never" caption="Grupo Tesouraria">
      </Level>
    </Hierarchy>
  </Dimension>
  <Dimension type="StandardDimension" visible="true" highCardinality="false" name="tipomovimento" caption="Tipo de Movimento">
    <Hierarchy visible="true" hasAll="true" allMemberName="todos" allMemberCaption="Todos" primaryKey="SK_TIPO_MOVIMENTO" caption="Tipo de Movimento">
      <Table name="DIM_TIPO_MOVIMENTO" schema="DW">
      </Table>
      <Level name="tipomovimento" visible="true" column="SK_TIPO_MOVIMENTO" nameColumn="TIPO_MOVIMENTO" type="Integer" internalType="int" uniqueMembers="true" levelType="Regular" hideMemberIf="Never" caption="Tipo de Movimento">
      </Level>
    </Hierarchy>
  </Dimension>
  <Dimension type="StandardDimension" visible="true" highCardinality="false" name="origemmovimento" caption="Origem do Movimento">
    <Hierarchy visible="true" hasAll="true" allMemberName="todos" allMemberCaption="Todos" primaryKey="SK_ORIGEM_MOVIMENTO" caption="Origem do Movimento">
      <Table name="DIM_ORIGEM_MOVIMENTO" schema="DW">
      </Table>
      <Level name="origemmovimento" visible="true" column="SK_ORIGEM_MOVIMENTO" nameColumn="ORIGEM_MOVIMENTO" type="Integer" internalType="int" uniqueMembers="true" levelType="Regular" hideMemberIf="Never" caption="Origem do Movimento">
      </Level>
    </Hierarchy>
  </Dimension>
  <Dimension type="StandardDimension" visible="true" highCardinality="false" name="clienteerp" caption="Cliente ERP">
    <Hierarchy visible="true" hasAll="true" allMemberName="todos" allMemberCaption="Todos" primaryKey="SK_CLIENTE_ERP" caption="Cliente ERP">
      <Table name="DIM_CLIENTE_ERP" schema="DW">
      </Table>
      <Level name="cliente" visible="true" column="SK_CLIENTE_ERP" nameColumn="DESCRICAO_CLIENTE_ERP" type="Integer" internalType="int" uniqueMembers="true" levelType="Regular" hideMemberIf="Never" caption="Cliente">
      </Level>
    </Hierarchy>
  </Dimension>
  <Dimension type="StandardDimension" visible="true" highCardinality="false" name="grupofornecedor" caption="Grupo Fornecedor">
    <Hierarchy visible="true" hasAll="true" allMemberName="todos" allMemberCaption="Todos" primaryKey="SK_GRUPO_FORNECEDOR" caption="Grupo Fornecedor">
      <Table name="DIM_GRUPO_FORNECEDOR" schema="DW">
      </Table>
      <Level name="grupofornecedor" visible="true" column="SK_GRUPO_FORNECEDOR" nameColumn="GRUPO_FORNECEDOR" type="Integer" internalType="int" uniqueMembers="true" levelType="Regular" hideMemberIf="Never" caption="Grupo Fornecedor">
      </Level>
    </Hierarchy>
  </Dimension>
  <Dimension type="StandardDimension" visible="true" highCardinality="false" name="statusDocumento" caption="Status do Documento">
    <Hierarchy visible="true" hasAll="true" allMemberName="todos" allMemberCaption="Todos" primaryKey="SK_STATUS_DOCUMENTO" caption="Status do Documento">
      <Table name="DIM_STATUS_DOCUMENTO" schema="DW">
      </Table>
      <Level name="statusdocumento" visible="true" column="SK_STATUS_DOCUMENTO" nameColumn="STATUS_DOCUMENTO" type="Integer" internalType="int" uniqueMembers="true" levelType="Regular" hideMemberIf="Never" caption="Status Documento">
      </Level>
    </Hierarchy>
  </Dimension>
  <Dimension type="StandardDimension" visible="true" highCardinality="false" name="tipoPedido" caption="Tipo do Pedido">
    <Hierarchy visible="true" hasAll="true" allMemberName="todos" allMemberCaption="Todos" primaryKey="SK_TIPO_PEDIDO" caption="Tipo do Pedido">
      <Table name="DIM_TIPO_PEDIDO" schema="DW">
      </Table>
      <Level name="tipopedido" visible="true" column="SK_TIPO_PEDIDO" nameColumn="TIPO_PEDIDO" type="Integer" internalType="int" uniqueMembers="true" levelType="Regular" hideMemberIf="Never" caption="Tipo do Pedido">
      </Level>
    </Hierarchy>
  </Dimension>
  <Dimension type="StandardDimension" visible="true" highCardinality="false" name="condicaoPagamento" caption="Condi&#231;&#227;o de Pagamento">
    <Hierarchy visible="true" hasAll="true" allMemberName="todos" allMemberCaption="Todos" primaryKey="SK_CONDICAO_PAGAMENTO" caption="Condi&#231;&#227;o de Pagamento">
      <Table name="DIM_CONDICAO_PAGAMENTO" schema="DW">
      </Table>
      <Level name="condicaopagamento" visible="true" column="SK_CONDICAO_PAGAMENTO" nameColumn="CONDICAO_PAGAMENTO" type="Integer" internalType="int" uniqueMembers="true" levelType="Regular" hideMemberIf="Never" caption="Condi&#231;&#227;o de Pagamento">
      </Level>
    </Hierarchy>
  </Dimension>
  <Dimension type="StandardDimension" visible="true" highCardinality="false" name="produtoERP" caption="Produto ERP">
    <Hierarchy visible="true" hasAll="true" allMemberName="todos" allMemberCaption="Todos" primaryKey="SK_PRODUTO_ERP" caption="Produto">
      <Table name="DIM_PRODUTO_ERP" schema="DW">
      </Table>
      <Level name="descricao" visible="true" column="DSC_MATERIAL" nameColumn="DSC_MATERIAL" type="String" internalType="String" uniqueMembers="false" levelType="Regular" hideMemberIf="Never" caption="Descri&#231;&#227;o">
      </Level>
    </Hierarchy>
    <Hierarchy name="categoria" visible="true" hasAll="true" allMemberName="todos" allMemberCaption="Todos" primaryKey="SK_PRODUTO_ERP" caption="Categoria">
      <Table name="DIM_PRODUTO_ERP" schema="DW">
      </Table>
      <Level name="categoria" visible="true" column="DSC_CATEGORIA" nameColumn="DSC_CATEGORIA" type="String" internalType="String" uniqueMembers="false" levelType="Regular" hideMemberIf="Never" caption="Categoria">
      </Level>
    </Hierarchy>
  </Dimension>
  <Dimension type="StandardDimension" visible="true" highCardinality="false" name="motivoRecusa" caption="Motivo Recusa">
    <Hierarchy visible="true" hasAll="true" allMemberName="todos" allMemberCaption="Todos" primaryKey="SK_MOTIVO_RECUSA" caption="Motivo Recusa">
      <Table name="DIM_MOTIVO_RECUSA" schema="DW">
      </Table>
      <Level name="motivorecusa" visible="true" column="SK_MOTIVO_RECUSA" nameColumn="MOTIVO_RECUSA" type="Integer" internalType="int" uniqueMembers="true" levelType="Regular" hideMemberIf="Never" caption="Motivo Recusa">
      </Level>
    </Hierarchy>
  </Dimension>
  <Dimension type="StandardDimension" visible="true" highCardinality="false" name="representante" caption="Representante">
    <Hierarchy visible="true" hasAll="true" allMemberName="todos" allMemberCaption="Todos" primaryKey="SK_REPRESENTANTE" caption="Representante">
      <Table name="DIM_REPRESENTANTE" schema="DW">
      </Table>
      <Level name="nome" visible="true" column="SK_REPRESENTANTE" nameColumn="REPRESENTANTE" type="Integer" internalType="int" uniqueMembers="true" levelType="Regular" hideMemberIf="Never" caption="Nome">
      </Level>
    </Hierarchy>
    <Hierarchy name="supervisor" visible="true" hasAll="true" allMemberName="todos" allMemberCaption="Todos" primaryKey="SK_REPRESENTANTE" caption="Supervisor de Vendas">
      <Table name="DIM_REPRESENTANTE" schema="DW">
      </Table>
      <Level name="nome" visible="true" column="SUPERVISOR_VENDAS" nameColumn="SUPERVISOR_VENDAS" type="String" internalType="String" uniqueMembers="true" levelType="Regular" hideMemberIf="Never" caption="Nome">
      </Level>
    </Hierarchy>
    <Hierarchy name="gerente" visible="true" hasAll="true" allMemberName="todos" allMemberCaption="Todos" primaryKey="SK_REPRESENTANTE" caption="Gerente Regional">
      <Table name="DIM_REPRESENTANTE" schema="DW">
      </Table>
      <Level name="nome" visible="true" column="GERENTE_REGIONAL" nameColumn="GERENTE_REGIONAL" type="String" internalType="String" uniqueMembers="true" levelType="Regular" hideMemberIf="Never" caption="Nome">
      </Level>
    </Hierarchy>
  </Dimension>
  <Dimension type="StandardDimension" visible="true" highCardinality="false" name="supervisorVendas" caption="Supervisor de Vendas">
    <Hierarchy visible="true" hasAll="true" allMemberName="todos" allMemberCaption="Todos" primaryKey="SK_SUPERVISOR_VENDAS" caption="Supervisor de Vendas">
      <Table name="DIM_SUPERVISOR_VENDAS" schema="DW">
      </Table>
      <Level name="nome" visible="true" column="SK_SUPERVISOR_VENDAS" nameColumn="SUPERVISOR_VENDAS" type="Integer" internalType="int" uniqueMembers="true" levelType="Regular" hideMemberIf="Never" caption="Nome">
      </Level>
    </Hierarchy>
  </Dimension>
  <Dimension type="StandardDimension" visible="true" highCardinality="false" name="gerenteRegional" caption="Gerente Regional">
    <Hierarchy visible="true" hasAll="true" allMemberName="todos" allMemberCaption="Todos" primaryKey="SK_GERENTE_REGIONAL" caption="Gerente Regional">
      <Table name="DIM_GERENTE_REGIONAL" schema="DW">
      </Table>
      <Level name="nome" visible="true" column="SK_GERENTE_REGIONAL" nameColumn="GERENTE_REGIONAL" type="Integer" internalType="int" uniqueMembers="true" levelType="Regular" hideMemberIf="Never" caption="Nome">
      </Level>
    </Hierarchy>
  </Dimension>
  <Dimension type="StandardDimension" visible="true" highCardinality="false" name="cenarioFaturamento" caption="Cenario Faturamento">
    <Hierarchy visible="true" hasAll="true" allMemberName="todos" allMemberCaption="Todos" primaryKey="SK_CENARIO_FATURAMENTO" caption="Cenario Faturamento">
      <Table name="DIM_CENARIO_FATURAMENTO" schema="DW">
      </Table>
      <Level name="descricao" visible="true" column="SK_CENARIO_FATURAMENTO" nameColumn="CENARIO_FATURAMENTO" type="Integer" internalType="int" uniqueMembers="true" levelType="Regular" hideMemberIf="Never" caption="Cenario Faturamento">
      </Level>
    </Hierarchy>
  </Dimension>
  <Cube name="pesquisaprecoatomica" caption="Pesquisa de Pre&#231;o Anal&#237;tico" visible="true" cache="true" enabled="true">
    <Table name="FATO_ATOMICA_PESQUISA_PRECO" schema="DW">
    </Table>
    <DimensionUsage source="produto" name="produto" visible="true" foreignKey="SK_PRODUTO" highCardinality="false">
    </DimensionUsage>
    <DimensionUsage source="endereco" name="endereco" visible="true" foreignKey="SK_ENDERECO" highCardinality="false">
    </DimensionUsage>
    <DimensionUsage source="periodo" name="periodo" caption="Data Pesquisa" visible="true" foreignKey="SK_TEMPO" highCardinality="false">
    </DimensionUsage>
    <DimensionUsage source="canal" name="canal" visible="true" foreignKey="SK_CANAL" highCardinality="false">
    </DimensionUsage>
    <DimensionUsage source="promotor" name="promotor" visible="true" foreignKey="SK_PROMOTOR" highCardinality="false">
    </DimensionUsage>
    <DimensionUsage source="regional" name="regional" visible="true" foreignKey="SK_REGIONAL_PDV" highCardinality="false">
    </DimensionUsage>
    <DimensionUsage source="cliente" name="cliente" visible="true" foreignKey="SK_CLIENTE" highCardinality="false">
    </DimensionUsage>
    <DimensionUsage source="gramatura" name="gramatura" visible="true" foreignKey="SK_GRAMATUR" highCardinality="false">
    </DimensionUsage>
    <Dimension type="StandardDimension" visible="true" highCardinality="false" name="visita">
      <Hierarchy visible="true" hasAll="true">
        <Level name="nrvisita" visible="true" column="NROVISITA" nameColumn="NROVISITA" type="String" internalType="String" uniqueMembers="false" levelType="Regular" hideMemberIf="Never" caption="Nr. Visita">
        </Level>
      </Hierarchy>
    </Dimension>
    <Dimension type="StandardDimension" visible="false" highCardinality="false" name="tipotupla">
      <Hierarchy visible="true" hasAll="true" primaryKey="CODSEQUENCIA">
        <Level name="tipotupla" visible="true" column="TIPO_TUPLA" nameColumn="TIPO_TUPLA" type="Integer" internalType="int" uniqueMembers="false" levelType="Regular" hideMemberIf="Never">
        </Level>
      </Hierarchy>
    </Dimension>
    <Measure name="precodori" column="PRECO_DORI" datatype="Numeric" formatString="R$ #,##0.00" aggregator="avg" caption="Pre&#231;o Dori" visible="true">
    </Measure>
    <Measure name="precovenda" column="PRECO_PDV" datatype="Numeric" formatString="R$ #,##0.00" aggregator="avg" caption="Pre&#231;o Venda" visible="true">
    </Measure>
    <Measure name="qtdepesquisa" column="CODVISITA" datatype="Numeric" formatString="#,##0.00" aggregator="distinct count" caption="Qtde. Pesquisas" visible="true">
    </Measure>
    <Measure name="precominimo" column="PRECO_PDV" datatype="Numeric" formatString="R$ #,##0.00" aggregator="min" caption="Pre&#231;o M&#237;nimo" visible="true">
    </Measure>
    <Measure name="precomaximo" column="PRECO_PDV" datatype="Numeric" formatString="R$ #,##0.00" aggregator="max" caption="Pre&#231;o M&#225;ximo" visible="true">
    </Measure>
    <Measure name="qtdeproduto" column="SK_PRODUTO" datatype="Numeric" formatString="#,##0.00" aggregator="distinct count" caption="Qtde. Produtos" visible="true">
    </Measure>
    <Measure name="precopdvconc" column="PRECO_PDV_CONC" datatype="Numeric" formatString="R$ #,##0.00" aggregator="avg" caption="Pre&#231;o de Concorrente" visible="true">
    </Measure>
    <Measure name="precopdvmax" column="PRECO_PDV_MAX" datatype="Numeric" formatString="R$ #,##0.00" aggregator="avg" caption="Pre&#231;o Maximo da Pesquisa" visible="false">
    </Measure>
    <CalculatedMember name="variacao" formatString="#,##0.00%" caption="% Varia&#231;&#227;o Pre&#231;o" formula="case when ([Measures].[precopdvconc]/[Measures].[precodori]) &#62; 0 then ([Measures].[precopdvconc]/[Measures].[precodori])-1 end" dimension="Measures" visible="true">
    </CalculatedMember>
    <CalculatedMember name="variacaomax" formatString="#,##0.00%" caption="% Varia&#231;&#227;o M&#225;x." formula="[Measures].[precopdvmax]/[Measures].[precodori]" dimension="Measures" visible="false">
    </CalculatedMember>
  </Cube>
  <Cube name="movimentacao" caption="Financeiro CPCR Anal&#237;tico" visible="true" cache="false" enabled="true">
    <Table name="FATO_FIN_CPCR" schema="DW">
    </Table>
    <DimensionUsage source="clienteerp" name="cliente" caption="Cliente" visible="true" foreignKey="SK_CLIENTE_ERP" highCardinality="false">
    </DimensionUsage>
    <DimensionUsage source="fornecedor" name="fornecedor" caption="Fornecedor" visible="true" foreignKey="SK_FORNECEDOR" highCardinality="false">
    </DimensionUsage>
    <DimensionUsage source="tipodocumento" name="tipodocumento" caption="Tipo de Documento" visible="true" foreignKey="SK_TIPO_DOCUMENTO" highCardinality="false">
    </DimensionUsage>
    <DimensionUsage source="tipomovimento" name="tipomovimento" caption="Tipo de Movimento" visible="true" foreignKey="SK_TIPO_MOVIMENTO" highCardinality="false">
    </DimensionUsage>
    <DimensionUsage source="origemmovimento" name="origemmovimento" caption="Origem do Movimento" visible="true" foreignKey="SK_ORIGEM_MOVIMENTO" highCardinality="false">
    </DimensionUsage>
    <DimensionUsage source="periodo" name="datalancamento" caption="Data de Lan&#231;amento" visible="true" foreignKey="SK_DATA_LANCAMENTO" highCardinality="false">
    </DimensionUsage>
    <DimensionUsage source="periodo" name="datadocumento" caption="Data do Documento" visible="true" foreignKey="SK_DATA_DOCUMENTO" highCardinality="false">
    </DimensionUsage>
    <DimensionUsage source="periodo" name="dataentrada" caption="Data de Entrada" visible="true" foreignKey="SK_DATA_ENTRADA" highCardinality="false">
    </DimensionUsage>
    <DimensionUsage source="periodo" name="datacompensacao" caption="Data de Compensa&#231;&#227;o" visible="true" foreignKey="SK_DATA_COMPENSACAO" highCardinality="false">
    </DimensionUsage>
    <Dimension type="StandardDimension" visible="true" highCardinality="false" name="identificador" caption="Identificador">
      <Hierarchy visible="true" hasAll="true" allMemberName="todos" allMemberCaption="Todos" primaryKey="IDENTIFICADOR" caption="Identificador">
        <Level name="identificador" visible="true" column="IDENTIFICADOR" nameColumn="IDENTIFICADOR" type="String" internalType="String" uniqueMembers="true" levelType="Regular" hideMemberIf="Never" caption="Identificador">
        </Level>
      </Hierarchy>
    </Dimension>
    <DimensionUsage source="periodo" name="datavencimento" caption="Data de Vencimento" visible="true" foreignKey="SK_DATA_VENCIMENTO" highCardinality="false">
    </DimensionUsage>
    <Dimension type="StandardDimension" visible="true" highCardinality="false" name="numdoccompensacao" caption="N&#250;m. Doc. Compensa&#231;&#227;o">
      <Hierarchy visible="true" hasAll="true" allMemberName="todos" allMemberCaption="Todos" primaryKey="NUM_DOC_COMPESACAO">
        <Level name="numdoccompensacao" visible="true" column="NUM_DOC_COMPESACAO" nameColumn="NUM_DOC_COMPESACAO" type="String" internalType="String" uniqueMembers="false" levelType="Regular" hideMemberIf="Never" caption="Num. Doc. de Compensa&#231;&#227;o">
        </Level>
      </Hierarchy>
    </Dimension>
    <Dimension type="StandardDimension" visible="true" highCardinality="false" name="empresa" caption="Empresa">
      <Hierarchy visible="true" hasAll="true" allMemberName="todos" allMemberCaption="Todos" primaryKey="EMPRESA">
        <Level name="empresa" visible="true" column="EMPRESA" nameColumn="EMPRESA" type="String" internalType="String" uniqueMembers="false" levelType="Regular" hideMemberIf="Never" caption="Empresa">
        </Level>
      </Hierarchy>
    </Dimension>
    <Dimension type="StandardDimension" visible="true" highCardinality="false" name="atribuicao" caption="Atribui&#231;&#227;o">
      <Hierarchy visible="true" hasAll="true" allMemberName="todos" allMemberCaption="Todos" primaryKey="ATRIBUICAO">
        <Level name="atribuicao" visible="true" column="ATRIBUICAO" nameColumn="ATRIBUICAO" type="String" internalType="String" uniqueMembers="false" levelType="Regular" hideMemberIf="Never" caption="Atribui&#231;&#227;o">
        </Level>
      </Hierarchy>
    </Dimension>
    <Dimension type="StandardDimension" visible="true" highCardinality="false" name="numerodocumento" caption="N&#250;mero do Documento">
      <Hierarchy visible="true" hasAll="true" allMemberName="todos" allMemberCaption="Todos" primaryKey="NUM_DOCUMENTO">
        <Level name="numerodocumento" visible="true" column="NUM_DOCUMENTO" nameColumn="NUM_DOCUMENTO" type="String" internalType="String" uniqueMembers="false" levelType="Regular" hideMemberIf="Never" caption="N&#250;mero do Documento">
        </Level>
      </Hierarchy>
    </Dimension>
    <Dimension type="StandardDimension" visible="true" highCardinality="false" name="item" caption="Item">
      <Hierarchy visible="true" hasAll="true" allMemberName="todos" allMemberCaption="Todos" primaryKey="ITEM">
        <Level name="item" visible="true" column="ITEM" nameColumn="ITEM" type="String" internalType="String" uniqueMembers="false" levelType="Regular" hideMemberIf="Never" caption="Item">
        </Level>
      </Hierarchy>
    </Dimension>
    <Dimension type="StandardDimension" visible="true" highCardinality="false" name="moeda" caption="Moeda">
      <Hierarchy visible="true" hasAll="true" allMemberName="todos" allMemberCaption="Todos" primaryKey="MOEDA">
        <Level name="moeda" visible="true" column="MOEDA" nameColumn="MOEDA" type="String" internalType="String" uniqueMembers="false" levelType="Regular" hideMemberIf="Never" caption="Moeda">
        </Level>
      </Hierarchy>
    </Dimension>
    <Dimension type="StandardDimension" visible="true" highCardinality="false" name="referencia" caption="Refer&#234;ncia">
      <Hierarchy visible="true" hasAll="true" allMemberName="todos" allMemberCaption="Todos" primaryKey="REFERENCIA">
        <Level name="referencia" visible="true" column="REFERENCIA" nameColumn="REFERENCIA" type="String" internalType="String" uniqueMembers="false" levelType="Regular" hideMemberIf="Never" caption="Refer&#234;ncia">
        </Level>
      </Hierarchy>
    </Dimension>
    <Dimension type="StandardDimension" visible="true" highCardinality="false" name="atrasado" caption="Atrasado">
      <Hierarchy visible="true" hasAll="true" allMemberName="todos" allMemberCaption="Todos" primaryKey="ATRASADO">
        <Level name="atrasado" visible="true" column="ATRASADO" nameColumn="ATRASADO" type="Integer" internalType="int" uniqueMembers="false" levelType="Regular" hideMemberIf="Never" caption="Atrasado">
        </Level>
      </Hierarchy>
    </Dimension>
    <DimensionUsage source="canal" name="canal" caption="Canal" visible="true" foreignKey="SK_CANAL" highCardinality="false">
    </DimensionUsage>
    <DimensionUsage source="grupotesouraria" name="grupotesouraria" caption="Grupo Tesouraria" visible="true" foreignKey="SK_GRUPO_TESOURARIA" highCardinality="false">
    </DimensionUsage>
    <DimensionUsage source="periodo" name="datamodificacao" caption="Data de Modifica&#231;&#227;o" visible="true" foreignKey="SK_DATA_MODIFICACAO" highCardinality="false">
    </DimensionUsage>
    <DimensionUsage source="localnegocio" name="localnegocio" caption="Local Neg&#243;cio" visible="true" foreignKey="SK_LOCAL_NEGOCIO" highCardinality="false">
    </DimensionUsage>
    <Measure name="montante" column="MONTANTE" datatype="Numeric" formatString="R$ #,##0.00" aggregator="sum" caption="Montante" visible="true">
    </Measure>
    <Measure name="montantecompensado" column="MONTANTE_COMPENSADO" datatype="Numeric" formatString="R$ #,##0.00" aggregator="sum" caption="Montante Compensado" visible="true">
    </Measure>
    <Measure name="prazofatven" column="PRAZO_FAT_VEN" datatype="Numeric" aggregator="sum" caption="Prazo Faturamento/Vencimento" visible="true">
    </Measure>
    <Measure name="prazofatvenpond" column="PRAZO_FAT_VEN_POND" datatype="Numeric" formatString="R$ #,##0.00" aggregator="sum" caption="Valor Ponderado Faturamento/Vencimento" visible="true">
    </Measure>
    <Measure name="prazorecpag" column="PRAZO_REC_PAG" datatype="Numeric" aggregator="sum" caption="Prazo Recebimento/Pagamento" visible="true">
    </Measure>
    <Measure name="prazorecpagpond" column="PRAZO_REC_PAG_POND" datatype="Numeric" formatString="R$ #,##0.00" aggregator="sum" caption="Valor Ponderado Recebimento/Pagamento" visible="true">
    </Measure>
    <Measure name="diasatraso" column="DIAS_ATRASO" datatype="Numeric" aggregator="sum" caption="Dias de Atraso" visible="true">
    </Measure>
  </Cube>
  <Cube name="aggmovimentacao" caption="Financeiro CPCR Sint&#233;tico" visible="true" cache="false" enabled="true">
    <Table name="AGG_FIN_CPCR" schema="DW">
    </Table>
    <DimensionUsage source="clienteerp" name="cliente" caption="Cliente" visible="true" foreignKey="SK_CLIENTE_ERP" highCardinality="false">
    </DimensionUsage>
    <DimensionUsage source="fornecedor" name="fornecedor" caption="Fornecedor" visible="true" foreignKey="SK_FORNECEDOR" highCardinality="false">
    </DimensionUsage>
    <DimensionUsage source="tipodocumento" name="tipodocumento" caption="Tipo de Documento" visible="true" foreignKey="SK_TIPO_DOCUMENTO" highCardinality="false">
    </DimensionUsage>
    <DimensionUsage source="tipomovimento" name="tipomovimento" caption="Tipo de Movimento" visible="true" foreignKey="SK_TIPO_MOVIMENTO" highCardinality="false">
    </DimensionUsage>
    <DimensionUsage source="origemmovimento" name="origemmovimento" caption="Origem do Movimento" visible="true" foreignKey="SK_ORIGEM_MOVIMENTO" highCardinality="false">
    </DimensionUsage>
    <DimensionUsage source="periodo" name="datalancamento" caption="Data de Lan&#231;amento" visible="true" foreignKey="SK_DATA_LANCAMENTO" highCardinality="false">
    </DimensionUsage>
    <DimensionUsage source="periodo" name="datadocumento" caption="Data do Documento" visible="true" foreignKey="SK_DATA_DOCUMENTO" highCardinality="false">
    </DimensionUsage>
    <DimensionUsage source="periodo" name="dataentrada" caption="Data de Entrada" visible="true" foreignKey="SK_DATA_ENTRADA" highCardinality="false">
    </DimensionUsage>
    <DimensionUsage source="periodo" name="datacompensacao" caption="Data de Compensa&#231;&#227;o" visible="true" foreignKey="SK_DATA_COMPENSACAO" highCardinality="false">
    </DimensionUsage>
    <DimensionUsage source="periodo" name="datavencimento" caption="Data de Vencimento" visible="true" foreignKey="SK_DATA_VENCIMENTO" highCardinality="false">
    </DimensionUsage>
    <Dimension type="StandardDimension" visible="true" highCardinality="false" name="atrasado" caption="Atrasado">
      <Hierarchy visible="true" hasAll="true" allMemberName="todos" allMemberCaption="Todos" primaryKey="ATRASADO">
        <Level name="atrasado" visible="true" column="ATRASADO" nameColumn="ATRASADO" type="Integer" internalType="int" uniqueMembers="false" levelType="Regular" hideMemberIf="Never" caption="Atrasado">
        </Level>
      </Hierarchy>
    </Dimension>
    <DimensionUsage source="canal" name="canal" caption="Canal" visible="true" foreignKey="SK_CANAL" highCardinality="false">
    </DimensionUsage>
    <DimensionUsage source="grupotesouraria" name="grupotesouraria" caption="Grupo Tesouraria" visible="true" foreignKey="SK_GRUPO_TESOURARIA" highCardinality="false">
    </DimensionUsage>
    <Dimension type="StandardDimension" visible="true" highCardinality="false" name="iap" caption="IAP">
      <Hierarchy visible="true" hasAll="true" allMemberName="todos" allMemberCaption="Todos" primaryKey="IAP">
        <Level name="iap" visible="true" column="IAP" nameColumn="IAP" type="Integer" internalType="int" uniqueMembers="false" levelType="Regular" hideMemberIf="Never" caption="IAP">
        </Level>
      </Hierarchy>
    </Dimension>
    <Measure name="montante" column="MONTANTE" datatype="Numeric" formatString="R$ #,##0.00" aggregator="sum" caption="Montante" visible="true">
    </Measure>
    <Measure name="montantecompensado" column="MONTANTE_COMPENSADO" datatype="Numeric" formatString="R$ #,##0.00" aggregator="sum" caption="Montante Compensado" visible="true">
    </Measure>
    <Measure name="prazofatven" column="PRAZO_FAT_VEN" datatype="Numeric" aggregator="sum" caption="Prazo Faturamento/Vencimento" visible="true">
    </Measure>
    <Measure name="prazofatvenpond" column="PRAZO_FAT_VEN_POND" datatype="Numeric" formatString="R$ #,##0.00" aggregator="sum" caption="Valor Ponderado Faturamento/Vencimento" visible="true">
    </Measure>
    <Measure name="prazorecpag" column="PRAZO_REC_PAG" datatype="Numeric" aggregator="sum" caption="Prazo Recebimento/Pagamento" visible="true">
    </Measure>
    <Measure name="prazorecpagpond" column="PRAZO_REC_PAG_POND" datatype="Numeric" formatString="R$ #,##0.00" aggregator="sum" caption="Valor Ponderado Recebimento/Pagamento" visible="true">
    </Measure>
    <Measure name="diasatraso" column="DIAS_ATRASO" datatype="Numeric" aggregator="sum" caption="Dias de Atraso" visible="true">
    </Measure>
  </Cube>
  <Cube name="comercial" caption="Comercial" visible="true" cache="false" enabled="true">
    <Table name="AGG_COMERCIAL" schema="DW">
    </Table>
    <DimensionUsage source="cenarioFaturamento" name="cenarioFaturamento" caption="Cen&#225;rio de Faturamento" visible="true" foreignKey="SK_CENARIO_FATURAMENTO" highCardinality="false">
    </DimensionUsage>
    <DimensionUsage source="periodo" name="data" caption="Data" visible="true" foreignKey="SK_TEMPO" highCardinality="false">
    </DimensionUsage>
    <DimensionUsage source="canal" name="canal" caption="Canal" visible="true" foreignKey="SK_CANAL" highCardinality="false">
    </DimensionUsage>
    <DimensionUsage source="produtoERP" name="produtoERP" caption="Produto" visible="true" foreignKey="SK_PRODUTO_ERP" highCardinality="false">
    </DimensionUsage>
    <DimensionUsage source="representante" name="representante" caption="Representante" visible="true" foreignKey="SK_REPRESENTANTE" highCardinality="false">
    </DimensionUsage>
    <DimensionUsage source="clienteerp" name="clienteERP" caption="Cliente ERP" visible="true" foreignKey="SK_CLIENTE_ERP" highCardinality="false">
    </DimensionUsage>
    <Measure name="volume" column="VOLUME_KG" datatype="Numeric" aggregator="sum" caption="Volume (Kg)" visible="true">
    </Measure>
    <Measure name="receitaliquida" column="RECEITA_LIQUIDA" datatype="Numeric" aggregator="sum" caption="Receita L&#237;quida" visible="true">
    </Measure>
    <Measure name="margemcontribuicao" column="MARGEM_CONTRIBUICAO" datatype="Numeric" aggregator="sum" caption="Margem Contribui&#231;&#227;o" visible="true">
    </Measure>
  </Cube>
  <Role name="Diretoria">
    <SchemaGrant access="all">
    </SchemaGrant>
  </Role>
  <Role name="Administrator">
    <SchemaGrant access="all">
    </SchemaGrant>
  </Role>
  <Role name="Financeiro">
    <SchemaGrant access="none">
      <CubeGrant cube="movimentacao" access="all">
      </CubeGrant>
      <CubeGrant cube="aggmovimentacao" access="all">
      </CubeGrant>
    </SchemaGrant>
  </Role>
  <Role name="Precificacao">
    <SchemaGrant access="none">
      <CubeGrant cube="pesquisaprecoatomica" access="all">
      </CubeGrant>
    </SchemaGrant>
  </Role>
</Schema>
