<Schema name="projuris_big_query">
  <Cube name="processoParteAdvogadoFlat" caption="Processo Parte" visible="true" cache="true" enabled="true">
    <Table name="processoParteAdvogadoFlat" schema="projuris-197121.digesto_processos_amostra">
    </Table>
    <Dimension visible="true" highCardinality="false" name="advogado_advogadoID">
      <Hierarchy visible="true" hasAll="true">
        <Level name="advogado_advogadoID" visible="true" column="advogado_advogadoID" type="Numeric" uniqueMembers="false" levelType="Regular" hideMemberIf="Never">
        </Level>
      </Hierarchy>
    </Dimension>
    <Dimension visible="true" highCardinality="false" name="advogado_estadoID">
      <Hierarchy visible="true" hasAll="true">
        <Level name="advogado_estadoID" visible="true" column="advogado_estadoID" type="Numeric" uniqueMembers="false" levelType="Regular" hideMemberIf="Never">
        </Level>
      </Hierarchy>
    </Dimension>
    <Dimension visible="true" highCardinality="false" name="advogadoNomeNormalizado">
      <Hierarchy visible="true" hasAll="true">
        <Level name="advogadoNomeNormalizado" visible="true" column="advogadoNomeNormalizado" type="String" uniqueMembers="false" levelType="Regular" hideMemberIf="Never">
        </Level>
      </Hierarchy>
    </Dimension>
    <Dimension visible="true" highCardinality="false" name="area">
      <Hierarchy visible="true" hasAll="true">
        <Level name="area" visible="true" column="area" type="Numeric" uniqueMembers="false" levelType="Regular" hideMemberIf="Never">
        </Level>
      </Hierarchy>
    </Dimension>
    <Dimension visible="true" highCardinality="false" name="assuntoExtra">
      <Hierarchy visible="true" hasAll="true">
        <Level name="assuntoExtra" visible="true" column="assuntoExtra" type="String" uniqueMembers="false" levelType="Regular" hideMemberIf="Never">
        </Level>
      </Hierarchy>
    </Dimension>
    <Dimension visible="true" highCardinality="false" name="classeNaturezaNormalizado">
      <Hierarchy visible="true" hasAll="true">
        <Level name="classeNaturezaNormalizado" visible="true" column="classeNaturezaNormalizado" type="String" uniqueMembers="false" levelType="Regular" hideMemberIf="Never">
        </Level>
      </Hierarchy>
    </Dimension>
    <Dimension visible="true" highCardinality="false" name="distribuicaoData">
      <Hierarchy visible="true" hasAll="true">
        <Level name="distribuicaoData" visible="true" column="distribuicaoData" type="Date" uniqueMembers="false" levelType="Regular" hideMemberIf="Never">
        </Level>
      </Hierarchy>
    </Dimension>
    <Dimension visible="true" highCardinality="false" name="distribuicaoTipo_distribuicaoTipoID">
      <Hierarchy visible="true" hasAll="true">
        <Level name="distribuicaoTipo_distribuicaoTipoID" visible="true" column="distribuicaoTipo_distribuicaoTipoID" type="Numeric" uniqueMembers="false" levelType="Regular" hideMemberIf="Never">
        </Level>
      </Hierarchy>
    </Dimension>
    <Dimension visible="true" highCardinality="false" name="extinto">
      <Hierarchy visible="true" hasAll="true">
        <Level name="extinto" visible="true" column="extinto" type="Numeric" uniqueMembers="false" levelType="Regular" hideMemberIf="Never">
        </Level>
      </Hierarchy>
    </Dimension>
    <Dimension visible="true" highCardinality="false" name="nomeComarcaNormalizado">
      <Hierarchy visible="true" hasAll="true">
        <Level name="nomeComarcaNormalizado" visible="true" column="nomeComarcaNormalizado" type="String" uniqueMembers="false" levelType="Regular" hideMemberIf="Never">
        </Level>
      </Hierarchy>
    </Dimension>
    <Dimension visible="true" highCardinality="false" name="nomeForumNormalizado">
      <Hierarchy visible="true" hasAll="true">
        <Level name="nomeForumNormalizado" visible="true" column="nomeForumNormalizado" type="String" uniqueMembers="false" levelType="Regular" hideMemberIf="Never">
        </Level>
      </Hierarchy>
    </Dimension>
    <Dimension visible="true" highCardinality="false" name="numero">
      <Hierarchy visible="true" hasAll="true">
        <Level name="numero" visible="true" column="numero" type="String" uniqueMembers="false" levelType="Regular" hideMemberIf="Never">
        </Level>
      </Hierarchy>
    </Dimension>
    <Dimension visible="true" highCardinality="false" name="numeroAlternativo">
      <Hierarchy visible="true" hasAll="true">
        <Level name="numeroAlternativo" visible="true" column="numeroAlternativo" type="String" uniqueMembers="false" levelType="Regular" hideMemberIf="Never">
        </Level>
      </Hierarchy>
    </Dimension>
    <Dimension visible="true" highCardinality="false" name="oab">
      <Hierarchy visible="true" hasAll="true">
        <Level name="oab" visible="true" column="oab" type="String" uniqueMembers="false" levelType="Regular" hideMemberIf="Never">
        </Level>
      </Hierarchy>
    </Dimension>
    <Dimension visible="true" highCardinality="false" name="parte_parteID">
      <Hierarchy visible="true" hasAll="true">
        <Level name="parte_parteID" visible="true" column="parte_parteID" type="Numeric" uniqueMembers="false" levelType="Regular" hideMemberIf="Never">
        </Level>
      </Hierarchy>
    </Dimension>
    <Dimension visible="true" highCardinality="false" name="parteNomeNormalizado">
      <Hierarchy visible="true" hasAll="true">
        <Level name="parteNomeNormalizado" visible="true" column="parteNomeNormalizado" type="String" uniqueMembers="false" levelType="Regular" hideMemberIf="Never">
        </Level>
      </Hierarchy>
    </Dimension>
    <Dimension visible="true" highCardinality="false" name="parteRelacao_parteRelacaoID">
      <Hierarchy visible="true" hasAll="true">
        <Level name="parteRelacao_parteRelacaoID" visible="true" column="parteRelacao_parteRelacaoID" type="Numeric" uniqueMembers="false" levelType="Regular" hideMemberIf="Never">
        </Level>
      </Hierarchy>
    </Dimension>
    <Dimension visible="true" highCardinality="false" name="processo_comarcaID">
      <Hierarchy visible="true" hasAll="true">
        <Level name="processo_comarcaID" visible="true" column="processo_comarcaID" type="Numeric" uniqueMembers="false" levelType="Regular" hideMemberIf="Never">
        </Level>
      </Hierarchy>
    </Dimension>
    <Dimension visible="true" highCardinality="false" name="processo_forumID">
      <Hierarchy visible="true" hasAll="true">
        <Level name="processo_forumID" visible="true" column="processo_forumID" type="Numeric" uniqueMembers="false" levelType="Regular" hideMemberIf="Never">
        </Level>
      </Hierarchy>
    </Dimension>
    <Dimension visible="true" highCardinality="false" name="processo_processoID">
      <Hierarchy visible="true" hasAll="true">
        <Level name="processo_processoID" visible="true" column="processo_processoID" type="Numeric" uniqueMembers="false" levelType="Regular" hideMemberIf="Never">
        </Level>
      </Hierarchy>
    </Dimension>
    <Dimension visible="true" highCardinality="false" name="processo_varaID">
      <Hierarchy visible="true" hasAll="true">
        <Level name="processo_varaID" visible="true" column="processo_varaID" type="Numeric" uniqueMembers="false" levelType="Regular" hideMemberIf="Never">
        </Level>
      </Hierarchy>
    </Dimension>
    <Dimension visible="true" highCardinality="false" name="processoClasseNatureza_processoClasseNaturezaID">
      <Hierarchy visible="true" hasAll="true">
        <Level name="processoClasseNatureza_processoClasseNaturezaID" visible="true" column="processoClasseNatureza_processoClasseNaturezaID" type="Numeric" uniqueMembers="false" levelType="Regular" hideMemberIf="Never">
        </Level>
      </Hierarchy>
    </Dimension>
    <Dimension visible="true" highCardinality="false" name="relacaoNormalizado">
      <Hierarchy visible="true" hasAll="true">
        <Level name="relacaoNormalizado" visible="true" column="relacaoNormalizado" type="String" uniqueMembers="false" levelType="Regular" hideMemberIf="Never">
        </Level>
      </Hierarchy>
    </Dimension>
    <Dimension visible="true" highCardinality="false" name="sentencaData">
      <Hierarchy visible="true" hasAll="true">
        <Level name="sentencaData" visible="true" column="sentencaData" type="Date" uniqueMembers="false" levelType="Regular" hideMemberIf="Never">
        </Level>
      </Hierarchy>
    </Dimension>
    <Dimension visible="true" highCardinality="false" name="tribunal_tribunalID">
      <Hierarchy visible="true" hasAll="true">
        <Level name="tribunal_tribunalID" visible="true" column="tribunal_tribunalID" type="Numeric" uniqueMembers="false" levelType="Regular" hideMemberIf="Never">
        </Level>
      </Hierarchy>
    </Dimension>
    <Measure name="valor" column="valor" datatype="Numeric" formatString="#,###.00" aggregator="sum" caption="Valor" visible="true">
    </Measure>
  </Cube>
</Schema>
