<Schema name="PROJURIS_BASEAMOSTRAL" description="Projuris - Base Amostral">
  <Dimension type="StandardDimension" visible="true" highCardinality="false" name="endereco" caption="Endere&#231;o">
    <Hierarchy name="geo" visible="true" hasAll="true" allMemberName="todos" allMemberCaption="Todos" primaryKey="sk_endereco" caption="Geo">
      <Table name="endereco" schema="dim">
      </Table>
      <Level name="localidade" visible="true" column="sk_endereco" nameColumn="localidade" type="Integer" internalType="int" uniqueMembers="true" levelType="Regular" hideMemberIf="Never" caption="Cidade">
      </Level>
      <Level name="Latitude" visible="true" column="sk_lat" nameColumn="lat" type="Integer" uniqueMembers="false" levelType="Regular" hideMemberIf="Never" caption="Latitude">
      </Level>
      <Level name="Longitude" visible="true" column="sk_lon" nameColumn="lon" type="Integer" uniqueMembers="false" levelType="Regular" hideMemberIf="Never" caption="Longitude">
      </Level>
    </Hierarchy>
    <Hierarchy name="pais" visible="true" hasAll="true" allMemberName="todos" allMemberCaption="Todos" primaryKey="sk_endereco" caption="Pais">
      <Table name="endereco" schema="dim">
      </Table>
      <Level name="nome" visible="true" column="codpais" nameColumn="dscpais" type="Integer" internalType="int" uniqueMembers="false" levelType="Regular" hideMemberIf="Never" caption="Pais">
      </Level>
    </Hierarchy>
    <Hierarchy name="estado" visible="true" hasAll="true" allMemberName="todos" allMemberCaption="Todos" primaryKey="sk_endereco" caption="Estado (UF)">
      <Table name="endereco" schema="dim">
      </Table>
      <Level name="nome" visible="true" column="codestado" nameColumn="dscestado" type="Integer" internalType="int" uniqueMembers="false" levelType="Regular" hideMemberIf="Never" caption="Estado (UF)">
      </Level>
    </Hierarchy>
    <Hierarchy name="municipio" visible="true" hasAll="true" allMemberName="todos" allMemberCaption="Todos" primaryKey="sk_endereco" caption="Munic&#237;pio">
      <Table name="endereco" schema="dim">
      </Table>
      <Level name="nome" visible="true" column="dsccidade" nameColumn="dsccidade" type="String" internalType="String" uniqueMembers="false" levelType="Regular" hideMemberIf="Never" caption="Munic&#237;pio">
      </Level>
    </Hierarchy>
    <Hierarchy name="regiao" visible="true" hasAll="true" allMemberName="todos" allMemberCaption="Todos" primaryKey="sk_endereco" caption="Regi&#227;o">
      <Table name="endereco" schema="dim">
      </Table>
      <Level name="nome" visible="true" column="dscregiao" nameColumn="dscregiao" type="String" internalType="String" uniqueMembers="false" levelType="Regular" hideMemberIf="Never" caption="Regi&#227;o">
      </Level>
    </Hierarchy>
  </Dimension>
  <Dimension type="TimeDimension" visible="true" highCardinality="false" name="time" caption="Data">
    <Hierarchy name="ano" visible="true" hasAll="true" allMemberName="todos" allMemberCaption="Todos" primaryKey="sk_tempo" caption="Ano">
      <Table name="tempo" schema="dim">
      </Table>
      <Level name="ano" visible="true" column="ano" nameColumn="ano" type="Integer" internalType="int" uniqueMembers="false" levelType="TimeYears" hideMemberIf="Never" caption="Ano">
      </Level>
    </Hierarchy>
    <Hierarchy name="semetre" visible="true" hasAll="true" allMemberName="todos" allMemberCaption="Todos" primaryKey="sk_tempo" caption="Semestre">
      <Table name="tempo" schema="dim">
      </Table>
      <Level name="semestre" visible="true" column="semestre" nameColumn="dscsemestre" type="Integer" internalType="int" uniqueMembers="false" levelType="TimeHalfYears" hideMemberIf="Never" caption="Semestre">
      </Level>
    </Hierarchy>
    <Hierarchy name="trimestre" visible="true" hasAll="true" allMemberName="todos" allMemberCaption="Todos" primaryKey="sk_tempo" caption="Trimestre">
      <Table name="tempo" schema="dim">
      </Table>
      <Level name="trimestre" visible="true" column="trimestre" nameColumn="dsctrimestre" type="Integer" internalType="int" uniqueMembers="false" levelType="TimeQuarters" hideMemberIf="Never" caption="Trimestre">
      </Level>
    </Hierarchy>
    <Hierarchy name="mes" visible="true" hasAll="true" allMemberName="todos" allMemberCaption="Todos" primaryKey="sk_tempo" caption="M&#234;s">
      <Table name="tempo" schema="dim">
      </Table>
      <Level name="mes" visible="true" column="mes" nameColumn="nome_mes" type="Integer" internalType="int" uniqueMembers="false" levelType="TimeMonths" hideMemberIf="Never" caption="M&#234;s">
      </Level>
    </Hierarchy>
    <Hierarchy name="quinzena" visible="true" hasAll="true" allMemberName="todos" allMemberCaption="Todos" primaryKey="sk_tempo" caption="Quinzena">
      <Table name="tempo" schema="dim">
      </Table>
      <Level name="quinzena" visible="true" column="quinzena" nameColumn="dscquinzena" type="Integer" internalType="int" uniqueMembers="false" levelType="TimeUndefined" hideMemberIf="Never" caption="Quinzena">
      </Level>
    </Hierarchy>
    <Hierarchy name="semana" visible="true" hasAll="true" allMemberName="todos" allMemberCaption="Todos" primaryKey="sk_tempo" caption="Semana M&#234;s">
      <Table name="tempo" schema="dim">
      </Table>
      <Level name="semana" visible="true" column="num_semana_mes" nameColumn="dscsemanames" type="Integer" internalType="int" uniqueMembers="false" levelType="TimeWeeks" hideMemberIf="Never" caption="Semana M&#234;s">
      </Level>
    </Hierarchy>
    <Hierarchy name="dia" visible="true" hasAll="true" allMemberName="todos" allMemberCaption="Todos" primaryKey="sk_tempo" caption="Dia">
      <Table name="tempo" schema="dim">
      </Table>
      <Level name="dia" visible="true" column="dia" nameColumn="dia" type="Integer" internalType="int" uniqueMembers="false" levelType="TimeDays" hideMemberIf="Never" caption="Dia">
      </Level>
    </Hierarchy>
    <Hierarchy name="maskdia" visible="true" hasAll="true" allMemberName="todos" allMemberCaption="Todos" primaryKey="sk_tempo" caption="Data">
      <Table name="tempo" schema="dim">
      </Table>
      <Level name="maskdia" visible="true" column="sk_tempo" nameColumn="ano_mes_dia" type="Integer" internalType="int" uniqueMembers="true" levelType="TimeDays" hideMemberIf="Never" caption="Data">
      </Level>
    </Hierarchy>
    <Hierarchy name="maskas" visible="true" hasAll="true" allMemberName="todos" allMemberCaption="Todos" primaryKey="sk_tempo" caption="Ano-Semestre">
      <Table name="tempo" schema="dim">
      </Table>
      <Level name="maskas" visible="true" column="ano_semestre" nameColumn="ano_semestre" type="String" internalType="String" uniqueMembers="false" levelType="TimeHalfYears" hideMemberIf="Never" caption="Ano-Semestre">
      </Level>
    </Hierarchy>
    <Hierarchy name="maskaq" visible="true" hasAll="true" allMemberName="todos" allMemberCaption="Todos" primaryKey="sk_tempo" caption="Ano-Trimestre">
      <Table name="tempo" schema="dim">
      </Table>
      <Level name="maskaq" visible="true" column="ano_trimestre" nameColumn="ano_trimestre" type="String" internalType="String" uniqueMembers="false" levelType="TimeQuarters" hideMemberIf="Never" caption="Ano-Trimestre">
      </Level>
    </Hierarchy>
    <Hierarchy name="maskam" visible="true" hasAll="true" allMemberName="todos" allMemberCaption="Todos" primaryKey="sk_tempo" caption="Ano-M&#234;s">
      <Table name="tempo" schema="dim">
      </Table>
      <Level name="maskam" visible="true" column="ano_mes" nameColumn="ano_mes" type="String" internalType="String" uniqueMembers="false" levelType="TimeMonths" hideMemberIf="Never" caption="Ano-M&#234;s">
      </Level>
    </Hierarchy>
    <Hierarchy name="maskamz" visible="true" hasAll="true" allMemberName="todos" allMemberCaption="Todos" primaryKey="sk_tempo" caption="Ano-M&#234;s-Quinzena">
      <Table name="tempo" schema="dim">
      </Table>
      <Level name="maskamz" visible="true" column="ano_mes_quinzena" nameColumn="ano_mes_quinzena" type="String" internalType="String" uniqueMembers="true" levelType="TimeUndefined" hideMemberIf="Never" caption="Ano-M&#234;s-Quinzena">
      </Level>
    </Hierarchy>
    <Hierarchy name="maskamw" visible="true" hasAll="true" allMemberName="todos" allMemberCaption="Todos" primaryKey="sk_tempo" caption="Ano-M&#234;s-Semana">
      <Table name="tempo" schema="dim">
      </Table>
      <Level name="maskamw" visible="true" column="ano_mes_semana" nameColumn="ano_mes_semana" type="String" internalType="String" uniqueMembers="false" levelType="TimeWeeks" hideMemberIf="Never" caption="Ano-M&#234;s-Semana">
      </Level>
    </Hierarchy>
    <Hierarchy name="atmd" visible="false" hasAll="true" allMemberName="todos" allMemberCaption="Todos" primaryKey="sk_tempo" caption="Atmd Full">
      <Table name="tempo" schema="dim">
      </Table>
      <Level name="ano" visible="true" column="ano" nameColumn="ano" type="Integer" internalType="int" uniqueMembers="false" levelType="TimeYears" hideMemberIf="Never" caption="Ano">
      </Level>
      <Level name="semestre" visible="true" column="semestre" nameColumn="dscsemestre" type="Integer" internalType="int" uniqueMembers="false" levelType="TimeHalfYears" hideMemberIf="Never" caption="Semestre">
      </Level>
      <Level name="trimestre" visible="true" column="trimestre" nameColumn="dsctrimestre" type="Integer" internalType="int" uniqueMembers="false" levelType="TimeQuarters" hideMemberIf="Never" caption="Trimestre">
      </Level>
      <Level name="mes" visible="true" column="mes" nameColumn="nome_mes" type="Integer" internalType="int" uniqueMembers="false" levelType="TimeMonths" hideMemberIf="Never" caption="M&#234;s">
      </Level>
      <Level name="quinzena" visible="true" column="quinzena" nameColumn="dscquinzena" type="Integer" internalType="int" uniqueMembers="false" levelType="TimeUndefined" hideMemberIf="Never" caption="Quinzena">
      </Level>
      <Level name="semana" visible="true" column="num_semana_mes" nameColumn="dscsemanames" type="Integer" internalType="int" uniqueMembers="false" levelType="TimeWeeks" hideMemberIf="Never" caption="Semana M&#234;s">
      </Level>
      <Level name="dia" visible="true" column="dia" nameColumn="dia" type="Integer" internalType="int" uniqueMembers="false" levelType="TimeDays" hideMemberIf="Never" caption="Dia">
      </Level>
    </Hierarchy>
  </Dimension>
  <Cube name="fatoAmostra" caption="Amostra" visible="true" cache="true" enabled="true">
    <Table name="amostra_consolidada_final" schema="public">
    </Table>
    <DimensionUsage source="time" name="dataDistribuicao" caption="Data Distribuição" visible="true" foreignKey="sk_tempo" highCardinality="false">
    </DimensionUsage>
    <DimensionUsage source="endereco" name="endereco" caption="Comarca" visible="true" foreignKey="sk_endereco" highCardinality="false">
    </DimensionUsage>
    <Dimension type="StandardDimension" visible="true" highCardinality="false" name="procedimento" caption="procedimento">
      <Hierarchy visible="true" hasAll="true" caption="Procedimento">
        <Level name="descricao" visible="true" column="procedimento" nameColumn="procedimento" type="String" internalType="String" uniqueMembers="false" levelType="Regular" hideMemberIf="Never" caption="Procedimento">
        </Level>
      </Hierarchy>
    </Dimension>
    <Dimension type="StandardDimension" visible="true" highCardinality="false" name="audidesignada" caption="Audi&#234;ncia Designada">
      <Hierarchy visible="true" hasAll="true" caption="Audi&#234;ncia Designada">
        <Level name="descricao" visible="true" column="audiencia_designada" nameColumn="audiencia_designada" type="String" internalType="String" uniqueMembers="false" levelType="Regular" hideMemberIf="Never" caption="Audi&#234;ncia Designada">
        </Level>
      </Hierarchy>
    </Dimension>
    <Dimension type="StandardDimension" visible="true" highCardinality="false" name="partes" caption="Partes">
      <Hierarchy visible="true" hasAll="true" caption="Partes">
        <Level name="descricao" visible="true" column="parte" nameColumn="parte" type="String" internalType="String" uniqueMembers="false" levelType="Regular" hideMemberIf="Never" caption="Partes">
        </Level>
      </Hierarchy>
    </Dimension>
    <Dimension type="StandardDimension" visible="true" highCardinality="false" name="polopassivo" caption="Polo Passivo">
      <Hierarchy visible="true" hasAll="true" primaryKey="Polo Passivo">
        <Level name="descricao" visible="true" column="polo_passivo" nameColumn="polo_passivo" type="String" internalType="String" uniqueMembers="false" levelType="Regular" hideMemberIf="Never" caption="Polo Passivo">
        </Level>
      </Hierarchy>
    </Dimension>
    <Dimension type="StandardDimension" visible="true" highCardinality="false" name="polonormalizado" caption="Polo Normalizado">
      <Hierarchy visible="true" hasAll="true" caption="Polo Normalizado">
        <Level name="descricao" visible="true" column="polo_normalizado" nameColumn="polo_normalizado" type="String" internalType="String" uniqueMembers="false" levelType="Regular" hideMemberIf="Never" caption="Polo Normalizado">
        </Level>
      </Hierarchy>
    </Dimension>
    <Dimension type="StandardDimension" visible="true" highCardinality="false" name="tipoParte" caption="Tipo Parte">
      <Hierarchy visible="true" hasAll="true" caption="Tipo Parte">
        <Level name="descricao" visible="true" column="tipo_parte" nameColumn="tipo_parte" type="String" internalType="String" uniqueMembers="false" levelType="Regular" hideMemberIf="Never" caption="Tipo Parte">
        </Level>
      </Hierarchy>
    </Dimension>
    <Measure name="qtdeprocesso" column="numero_processo" datatype="Numeric" formatString="#,##0.00" aggregator="distinct-count" caption="Qtde. Processos" visible="true">
    </Measure>
    <Measure name="valor" column="valor_partes" datatype="Numeric" formatString="R$ #,##0.00" aggregator="sum" caption="Valor" visible="true">
    </Measure>
    <Measure name="tempomediosemmov" column="sem_movimentacao" datatype="Numeric" formatString="#,##0.00" aggregator="avg" caption="Tempo M&#233;dio Sem Mov." visible="true">
    </Measure>
    <CalculatedMember name="ticketMedio" formatString="R$ #,##0.00" caption="Ticket M&#233;dio" formula="([Measures].[valor]/[Measures].[qtdeprocesso])" dimension="Measures" visible="true">
    </CalculatedMember>
  </Cube>
</Schema>
