<Schema name="viewb_analysis_navita" description="ViewB Analysis Navita" measuresCaption="Medidas">
  <Dimension type="TimeDimension" visible="true" highCardinality="false" name="Vencimento">
    <Hierarchy name="amd" visible="true" hasAll="true" allMemberName="todos" allMemberCaption="Todos" primaryKey="sk_tempo">
      <Table name="viewb_tempo" schema="dim">
      </Table>
      <Level name="ano" visible="true" column="ano" nameColumn="ano" type="Integer" internalType="int" uniqueMembers="false" levelType="TimeYears" hideMemberIf="Never" caption="Ano">
      </Level>
      <Level name="mes" visible="true" column="mes" nameColumn="nome_mes" type="Integer" internalType="int" uniqueMembers="false" levelType="TimeMonths" hideMemberIf="Never" caption="M&#234;s">
      </Level>
      <Level name="dia" visible="true" column="dia" nameColumn="dia_mes_ano" type="Integer" internalType="int" uniqueMembers="true" levelType="TimeDays" hideMemberIf="Never" caption="Dia">
      </Level>
    </Hierarchy>
    <Hierarchy name="anomes" visible="true" hasAll="true" allMemberName="todos" allMemberCaption="Todos" primaryKey="sk_tempo">
      <Table name="viewb_tempo" schema="dim">
      </Table>
      <Level name="ano" visible="true" column="ano" nameColumn="ano" type="Integer" internalType="int" uniqueMembers="false" levelType="TimeYears" hideMemberIf="Never" caption="Ano">
      </Level>
      <Level name="mes" visible="true" column="mes" nameColumn="ano_mes_nome" type="Integer" internalType="int" uniqueMembers="false" levelType="TimeMonths" hideMemberIf="Never" caption="M&#234;s">
      </Level>
    </Hierarchy>
    <Hierarchy name="atmd" visible="true" hasAll="true" allMemberName="todos" allMemberCaption="Todos" primaryKey="sk_tempo">
      <Table name="viewb_tempo" schema="dim">
      </Table>
      <Level name="ano" visible="true" column="ano" nameColumn="ano" type="Integer" internalType="int" uniqueMembers="false" levelType="TimeYears" hideMemberIf="Never" caption="Ano">
      </Level>
      <Level name="trimestre" visible="true" column="trimestre" nameColumn="trimestre" type="Integer" internalType="int" uniqueMembers="false" levelType="TimeQuarters" hideMemberIf="Never" caption="Trimestre">
      </Level>
      <Level name="mes" visible="true" column="mes" nameColumn="ano_mes_nomeabrev" type="Integer" internalType="int" uniqueMembers="false" levelType="TimeMonths" hideMemberIf="Never" caption="Ano/M&#234;s Abrev.">
      </Level>
      <Level name="dia" visible="true" column="dia" nameColumn="dia_mes_ano" type="Integer" internalType="int" uniqueMembers="true" levelType="TimeDays" hideMemberIf="Never" caption="Data">
      </Level>
    </Hierarchy>
    <Hierarchy name="am" visible="true" hasAll="true" primaryKey="sk_tempo">
      <Table name="viewb_tempo" schema="dim">
      </Table>
      <Level name="anomes" visible="true" column="anomes" nameColumn="anomes" type="Integer" internalType="int" uniqueMembers="false" levelType="TimeMonths" hideMemberIf="Never">
      </Level>
    </Hierarchy>
    <Hierarchy name="semana" visible="true" hasAll="true" primaryKey="sk_tempo">
      <Table name="viewb_tempo" schema="dim" alias="">
      </Table>
      <Level name="diassemana" visible="true" column="classdia" nameColumn="classdia" type="String" internalType="String" uniqueMembers="false" levelType="TimeUndefined" hideMemberIf="Never" caption="Class. Dia da Semana">
      </Level>
    </Hierarchy>
  </Dimension>
  <Dimension type="StandardDimension" visible="true" name="Empresa">
    <Hierarchy visible="true" hasAll="true" primaryKey="id_empresa">
      <Table name="empresa" schema="navita" alias="">
      </Table>
      <Level name="descricao" visible="true" column="id_empresa" nameColumn="nome_empresa" type="Integer" internalType="int" uniqueMembers="true" levelType="Regular" hideMemberIf="Never" caption="Nome Empresa">
      </Level>
    </Hierarchy>
  </Dimension>
  <Dimension type="StandardDimension" visible="true" name="Operadora">
    <Hierarchy visible="true" hasAll="true" primaryKey="sk_operadora">
      <Table name="operadora" schema="navita">
      </Table>
      <Level name="descricao" visible="true" column="sk_operadora" nameColumn="descricao" type="Integer" internalType="int" uniqueMembers="true" levelType="Regular" hideMemberIf="Never" caption="Nome Operadora">
      </Level>
    </Hierarchy>
  </Dimension>
  <Dimension type="StandardDimension" visible="true" name="tipoFatura">
    <Hierarchy visible="true" hasAll="true" primaryKey="sk_tipofatura">
      <Table name="tipofatura" schema="navita" alias="">
      </Table>
      <Level name="descricao" visible="true" column="sk_tipofatura" nameColumn="descricao" type="Integer" internalType="int" uniqueMembers="true" levelType="Regular" hideMemberIf="Never" caption="Tipo de Fatura">
      </Level>
    </Hierarchy>
  </Dimension>
  <Dimension type="StandardDimension" visible="true" name="Usuario">
    <Hierarchy visible="true" hasAll="true" primaryKey="id_usuario">
      <Table name="usuarios_final" schema="navita">
      </Table>
      <Level name="nome" visible="true" column="nome_usuario" nameColumn="nome_usuario" type="String" internalType="String" uniqueMembers="true" levelType="Regular" hideMemberIf="Never" caption="Nome Usu&#225;rio">
      </Level>
    </Hierarchy>
    <Hierarchy name="cargo" visible="true" hasAll="true" primaryKey="id_usuario" caption="Cargo">
      <Table name="usuarios_final" schema="navita" alias="">
      </Table>
      <Level name="descricao" visible="true" column="cargo" nameColumn="cargo" type="String" internalType="String" uniqueMembers="false" levelType="Regular" hideMemberIf="Never" caption="Cargo">
      </Level>
    </Hierarchy>
  </Dimension>
  <Cube name="ligacoes" caption="Liga&#231;&#245;es" visible="false" cache="true" enabled="true">
    <Table name="ligacoes_final" schema="navita">
    </Table>
    <Dimension type="StandardDimension" visible="true" highCardinality="false" name="numerofatura" caption="Ciclo Execu&#231;&#227;o">
      <Hierarchy visible="true" hasAll="true">
        <Level name="numerofatura" visible="true" column="numfatura" type="String" internalType="String" uniqueMembers="false" levelType="Regular" hideMemberIf="Never" caption="N&#250;mero da Fatura">
        </Level>
      </Hierarchy>
    </Dimension>
    <Dimension type="StandardDimension" visible="true" highCardinality="false" name="categoria" caption="Categoria">
      <Hierarchy visible="true" hasAll="true">
        <Level name="categoria" visible="true" column="categoria" nameColumn="categoria" type="String" internalType="String" uniqueMembers="false" levelType="Regular" hideMemberIf="Never" caption="Categoria">
        </Level>
      </Hierarchy>
    </Dimension>
    <DimensionUsage source="Empresa" name="Empresa" visible="true" foreignKey="id_empresa">
    </DimensionUsage>
    <DimensionUsage source="tipoFatura" name="tipoFatura" visible="true" foreignKey="sk_tipofatura">
    </DimensionUsage>
    <DimensionUsage source="Operadora" name="Operadora" visible="true" foreignKey="sk_operadora">
    </DimensionUsage>
    <DimensionUsage source="Vencimento" name="Vencimento" visible="true" foreignKey="sk_data_vencimento">
    </DimensionUsage>
    <DimensionUsage source="Vencimento" name="dataLigacao" caption="Data Liga&#231;&#227;o" visible="true" foreignKey="sk_data_ligacao">
    </DimensionUsage>
    <Dimension type="StandardDimension" visible="true" name="subcategoria" caption="Sub. Categoria">
      <Hierarchy visible="true" hasAll="true" caption="Sub categoria">
        <Level name="subcategoria" visible="true" column="subcategoria" nameColumn="subcategoria" type="String" internalType="String" uniqueMembers="false" levelType="Regular" hideMemberIf="Never" caption="Sub. Categoria">
        </Level>
      </Hierarchy>
    </Dimension>
    <Dimension type="StandardDimension" visible="true" name="tipoLigacao">
      <Hierarchy visible="true" hasAll="true">
        <Level name="tipoligacao" visible="true" column="tipoligacao" nameColumn="tipoligacao" type="String" internalType="String" uniqueMembers="false" levelType="Regular" hideMemberIf="Never" caption="Tipo Liga&#231;&#227;o">
        </Level>
      </Hierarchy>
    </Dimension>
    <Dimension type="StandardDimension" visible="true" name="diasemana">
      <Hierarchy visible="true" hasAll="true">
        <Level name="diasemana" visible="true" column="dia_semana" nameColumn="dia_semana" type="String" internalType="String" uniqueMembers="false" levelType="Regular" hideMemberIf="Never" caption="Dia da Semana">
        </Level>
      </Hierarchy>
    </Dimension>
    <DimensionUsage source="Usuario" name="Usuario" visible="true" foreignKey="id_usuario">
    </DimensionUsage>
    <Measure name="valorligacao" column="valorligacao" datatype="Numeric" formatString="R$ #,##0.00" aggregator="sum" caption="Valor Liga&#231;&#227;o" visible="false">
    </Measure>
    <Measure name="duracao" column="duracao" datatype="Integer" formatString="#,##0.00" aggregator="sum" caption="Dura&#231;&#227;o da Liga&#231;&#227;o" visible="true">
    </Measure>
    <Measure name="qtdeligacao" column="sk_data_ligacao" datatype="Numeric" formatString="#,##0.00" aggregator="count" caption="Qtde. Liga&#231;&#227;o" visible="true">
    </Measure>
    <CalculatedMember name="duracaomedia" formatString="#,##0.00" caption="Dura&#231;&#227;o M&#233;dia" formula="[Measures].[duracao]/[Measures].[qtdeligacao]" dimension="Measures" visible="true">
    </CalculatedMember>
    <CalculatedMember name="ligacaomedia" formatString="R$ #,##0.00" caption="Valor M&#233;dio Liga&#231;&#227;o" formula="[Measures].[valorligacao]/[Measures].[qtdeligacao]" dimension="Measures" visible="true">
    </CalculatedMember>
  </Cube>
  <Cube name="faturas" caption="Faturas" visible="false" cache="true" enabled="true">
    <Table name="fatura" schema="navita">
    </Table>
    <DimensionUsage source="Operadora" name="Operadora" caption="Operadora" visible="true" foreignKey="sk_operadora">
    </DimensionUsage>
    <DimensionUsage source="Vencimento" name="Vencimento" visible="true" foreignKey="sk_data_vencimento">
    </DimensionUsage>
    <DimensionUsage source="Empresa" name="Empresa" visible="true" foreignKey="id_empresa">
    </DimensionUsage>
    <DimensionUsage source="tipoFatura" name="tipoFatura" visible="true" foreignKey="sk_tipofatura">
    </DimensionUsage>
    <Dimension type="StandardDimension" visible="true" name="numerofatura">
      <Hierarchy visible="true" hasAll="true">
        <Level name="numerofatura" visible="true" column="numfatura" nameColumn="numfatura" type="String" internalType="String" uniqueMembers="false" levelType="Regular" hideMemberIf="Never" caption="Numero Fatura">
        </Level>
      </Hierarchy>
    </Dimension>
    <Measure name="valorfatura" column="valorconta" datatype="Numeric" formatString="R$ #,##0.00" aggregator="sum" caption="Valor Fatura" visible="true">
    </Measure>
  </Cube>
  <VirtualCube enabled="true" name="faturaligacoes" caption="Fatura vs Liga&#231;&#245;es">
    <VirtualCubeDimension name="Operadora">
    </VirtualCubeDimension>
    <VirtualCubeDimension name="Vencimento">
    </VirtualCubeDimension>
    <VirtualCubeDimension name="Empresa">
    </VirtualCubeDimension>
    <VirtualCubeDimension name="tipoFatura">
    </VirtualCubeDimension>
    <VirtualCubeDimension cubeName="faturas" name="numerofatura">
    </VirtualCubeDimension>
    <VirtualCubeDimension cubeName="ligacoes" name="categoria">
    </VirtualCubeDimension>
    <VirtualCubeDimension cubeName="ligacoes" name="subcategoria">
    </VirtualCubeDimension>
    <VirtualCubeDimension cubeName="ligacoes" caption="Data Liga&#231;&#227;o" name="dataLigacao">
    </VirtualCubeDimension>
    <VirtualCubeDimension cubeName="ligacoes" name="tipoLigacao">
    </VirtualCubeDimension>
    <VirtualCubeDimension cubeName="ligacoes" name="diasemana">
    </VirtualCubeDimension>
    <VirtualCubeDimension cubeName="ligacoes" name="Usuario">
    </VirtualCubeDimension>
    <VirtualCubeMeasure cubeName="faturas" name="[Measures].[valorfatura]" visible="false">
    </VirtualCubeMeasure>
    <VirtualCubeMeasure cubeName="ligacoes" name="[Measures].[valorligacao]" visible="false">
    </VirtualCubeMeasure>
    <VirtualCubeMeasure cubeName="ligacoes" name="[Measures].[duracao]" visible="false">
    </VirtualCubeMeasure>
    <VirtualCubeMeasure cubeName="ligacoes" name="[Measures].[duracaomedia]" visible="false">
    </VirtualCubeMeasure>
    <VirtualCubeMeasure cubeName="ligacoes" name="[Measures].[ligacaomedia]" visible="false">
    </VirtualCubeMeasure>
    <CalculatedMember name="valor_fatura" formatString="R$ #,##0.00" caption="Valor da Fatura" formula="ValidMeasure([Measures].[valorfatura])" dimension="Measures" visible="true">
    </CalculatedMember>
    <CalculatedMember name="duracao_ligacao" formatString="#,##0.00" caption="Dura&#231;&#227;o das Liga&#231;&#245;es" formula="ValidMeasure([Measures].[duracao])" dimension="Measures" visible="true">
    </CalculatedMember>
    <CalculatedMember name="valor_ligacao" formatString="R$ #,##0.00" caption="Valor das Liga&#231;&#245;es" formula="ValidMeasure([Measures].[valorligacao])" dimension="Measures" visible="true">
    </CalculatedMember>
  </VirtualCube>
</Schema>
