<Schema name="POCGAREN">
  <Dimension type="StandardDimension" visible="true" highCardinality="false" name="Endereco" caption="Endere&#231;o">
    <Hierarchy visible="true" hasAll="true" allMemberName="todos" allMemberCaption="Todos" primaryKey="sk_endereco" caption="Geo">
      <Table name="endereco" schema="dim">
      </Table>
      <Level name="pais" visible="true" column="pais" nameColumn="pais" type="String" internalType="String" uniqueMembers="false" levelType="Regular" hideMemberIf="Never" caption="Pa&#237;s">
      </Level>
      <Level name="regiao" visible="true" column="regiao" nameColumn="regiao" type="String" internalType="String" uniqueMembers="false" levelType="Regular" hideMemberIf="Never" caption="Regi&#227;o">
      </Level>
      <Level name="estado" visible="true" column="uf" nameColumn="uf" type="String" internalType="String" uniqueMembers="false" levelType="Regular" hideMemberIf="Never" caption="Estado">
      </Level>
      <Level name="cidade" visible="true" column="sk_endereco" nameColumn="municipio" type="Integer" internalType="int" uniqueMembers="true" levelType="Regular" hideMemberIf="Never" caption="Cidade">
      </Level>
      <Level name="Latitude" visible="true" column="sk_lat" nameColumn="latitude" type="Integer" uniqueMembers="false" levelType="Regular" hideMemberIf="Never" caption="Latitude">
      </Level>
      <Level name="Longitude" visible="true" column="sk_long" nameColumn="longitude" type="Integer" uniqueMembers="false" levelType="Regular" hideMemberIf="Never" caption="Longitude">
      </Level>
    </Hierarchy>
    <Hierarchy name="sigla" visible="true" hasAll="true" primaryKey="sk_endereco" caption="Sigla UF.">
      <Table name="endereco" schema="dim">
      </Table>
      <Level name="sigla" visible="true" column="uf" nameColumn="uf" type="String" internalType="String" uniqueMembers="false" levelType="Regular" hideMemberIf="Never" caption="Sigla UF.">
      </Level>
      <Level name="cidade" visible="true" column="sk_endereco" nameColumn="municipio" type="Integer" internalType="int" uniqueMembers="false" levelType="Regular" hideMemberIf="Never" caption="Cidade">
      </Level>
      <Level name="Latitude" visible="true" column="sk_lat" nameColumn="latitude" type="Integer" internalType="int" uniqueMembers="false" levelType="Regular" hideMemberIf="Never" caption="Latitude">
      </Level>
      <Level name="Longitude" visible="true" column="sk_long" nameColumn="longitude" type="Integer" internalType="int" uniqueMembers="false" levelType="Regular" hideMemberIf="Never" caption="Longitude">
      </Level>
    </Hierarchy>
  </Dimension>
  <Dimension type="TimeDimension" visible="true" highCardinality="false" name="Periodo_Faturamento" caption="Per&#237;odo Faturamento">
    <Hierarchy name="Periodo_Faturamento" visible="true" hasAll="true" primaryKey="sk_tempo">
      <Table name="tempo" schema="dim">
      </Table>
      <Level name="Ano" visible="true" column="ano" nameColumn="ano" type="Integer" uniqueMembers="false" levelType="TimeYears" hideMemberIf="Never">
      </Level>
      <Level name="Mes" visible="true" column="mes" nameColumn="nome_mes" type="Integer" uniqueMembers="false" levelType="TimeMonths" hideMemberIf="Never">
      </Level>
      <Level name="Dia" visible="true" column="sk_tempo" nameColumn="dia" type="Integer" uniqueMembers="true" levelType="TimeDays" hideMemberIf="Never">
      </Level>
    </Hierarchy>
  </Dimension>
  <Cube name="Faturamento_Fisico" caption="Faturamento" visible="false" cache="true" enabled="true">
    <Table name="fact_faturamento_garen" schema="fato">
    </Table>
    <DimensionUsage source="Periodo_Faturamento" name="Periodo_Faturamento" visible="true" foreignKey="sk_tempo" highCardinality="false">
    </DimensionUsage>
    <DimensionUsage source="Endereco" name="Endereco" visible="true" foreignKey="sk_endereco" highCardinality="false">
    </DimensionUsage>
    <Dimension type="StandardDimension" visible="true" highCardinality="false" name="Mercado">
      <Hierarchy visible="true" hasAll="true">
        <Level name="descricao" visible="true" column="mercado" nameColumn="mercado" type="String" internalType="String" uniqueMembers="false" levelType="Regular" hideMemberIf="Never" caption="Mercado">
        </Level>
      </Hierarchy>
    </Dimension>
    <Dimension type="StandardDimension" visible="true" highCardinality="false" name="Meterial">
      <Hierarchy name="New Hierarchy 0" visible="true" hasAll="true">
        <Level name="descricao" visible="true" column="material" nameColumn="desc_material" type="String" internalType="String" uniqueMembers="false" levelType="Regular" hideMemberIf="Never" caption="Descri&#231;&#227;o do Material">
        </Level>
      </Hierarchy>
    </Dimension>
    <Dimension type="StandardDimension" visible="true" highCardinality="false" name="Familia">
      <Hierarchy visible="true" hasAll="true">
        <Level name="descricao" visible="true" column="familia" nameColumn="familia" type="String" internalType="String" uniqueMembers="false" levelType="Regular" hideMemberIf="Never" caption="Descri&#231;&#227;o da Fam&#237;lia">
        </Level>
      </Hierarchy>
    </Dimension>
    <Dimension type="StandardDimension" visible="true" highCardinality="false" name="Categoria">
      <Hierarchy visible="true" hasAll="true">
        <Level name="descricao" visible="true" column="categoria" nameColumn="categoria" type="String" internalType="String" uniqueMembers="false" levelType="Regular" hideMemberIf="Never" caption="Descri&#231;&#227;o da Categoria">
        </Level>
      </Hierarchy>
    </Dimension>
    <Dimension type="StandardDimension" visible="true" highCardinality="false" name="TipoProduto">
      <Hierarchy visible="true" hasAll="true">
        <Level name="descricao" visible="true" column="tipo" nameColumn="tipo" type="String" internalType="String" uniqueMembers="false" levelType="Regular" hideMemberIf="Never" caption="Descri&#231;&#227;o do Tipo de Produto">
        </Level>
      </Hierarchy>
    </Dimension>
    <Dimension type="StandardDimension" visible="true" highCardinality="false" name="Linha">
      <Hierarchy visible="true" hasAll="true">
        <Level name="descricao" visible="true" column="linha" nameColumn="linha" type="String" internalType="String" uniqueMembers="false" levelType="Regular" hideMemberIf="Never" caption="Descri&#231;&#227;o da Linha">
        </Level>
      </Hierarchy>
    </Dimension>
    <Dimension type="StandardDimension" visible="true" highCardinality="false" name="Modelo">
      <Hierarchy visible="true" hasAll="true">
        <Level name="descricao" visible="true" column="modelo" nameColumn="modelo" type="String" internalType="String" uniqueMembers="false" levelType="Regular" hideMemberIf="Never" caption="Descri&#231;&#227;o do Modelo">
        </Level>
      </Hierarchy>
    </Dimension>
    <Dimension type="StandardDimension" visible="true" highCardinality="false" name="InfoFaturamento">
      <Hierarchy visible="true" hasAll="true">
        <Level name="notafiscal" visible="true" column="nota_fiscal" nameColumn="nota_fiscal" type="String" internalType="String" uniqueMembers="false" levelType="Regular" hideMemberIf="Never" caption="Nota Fiscal">
        </Level>
        <Level name="item" visible="true" column="item_documento" nameColumn="item_documento" type="String" internalType="String" uniqueMembers="false" levelType="Regular" hideMemberIf="Never" caption="N&#250;mero do Item">
        </Level>
      </Hierarchy>
    </Dimension>
    <Dimension type="StandardDimension" visible="true" highCardinality="false" name="Cliente">
      <Hierarchy visible="true" hasAll="true">
        <Level name="nome" visible="true" column="cliente" nameColumn="nome_cliente" type="String" internalType="String" uniqueMembers="false" levelType="Regular" hideMemberIf="Never" caption="Nome Fantasia">
        </Level>
      </Hierarchy>
    </Dimension>
    <Dimension type="StandardDimension" visible="true" highCardinality="false" name="GrupoCliente">
      <Hierarchy visible="true" hasAll="true">
        <Level name="descricao" visible="true" column="grp_cliente" nameColumn="desc_grp_cliente" type="String" internalType="String" uniqueMembers="false" levelType="Regular" hideMemberIf="Never" caption="Nome do Grupo Cli.">
        </Level>
      </Hierarchy>
    </Dimension>
    <Dimension type="StandardDimension" visible="true" highCardinality="false" name="Marca">
      <Hierarchy visible="true" hasAll="true">
        <Level name="descricao" visible="true" column="marca" nameColumn="marca" type="String" internalType="String" uniqueMembers="false" levelType="Regular" hideMemberIf="Never" caption="Descri&#231;&#227;o da Marca">
        </Level>
      </Hierarchy>
    </Dimension>
    <Measure name="qtde" column="qtde_total" datatype="Integer" formatString="#,##0.00" aggregator="sum" caption="Qtde. Total" visible="true">
    </Measure>
    <Measure name="totalbruto" column="vl_total_bruto" datatype="Numeric" formatString="R$ #,##0.00" aggregator="sum" caption="Total Bruto" visible="true">
    </Measure>
    <Measure name="totalliquido" column="vl_total_bruto" datatype="Numeric" formatString="R$ #,##0.00" aggregator="sum" caption="Total L&#237;quido" visible="true">
    </Measure>
    <Measure name="imposto" column="impostos" datatype="Numeric" formatString="R$ #,##0.00" aggregator="sum" caption="Total Impostos" visible="true">
    </Measure>
    <Measure name="comissao" column="comissao" datatype="Numeric" formatString="R$ #,##0.00" aggregator="sum" caption="Total Comiss&#227;o" visible="true">
    </Measure>
    <Measure name="custo" column="custo_material" datatype="String" formatString="R$ #,##0.00" aggregator="sum" caption="Custo Total" visible="true">
    </Measure>
    <Measure name="qtdenotas" column="documento" datatype="Integer" formatString="#,##0.00" aggregator="distinct-count" caption="Qtde. Notas" visible="true">
    </Measure>
    <CalculatedMember name="lucro" formatString="R$ #,##0.00" caption="Lucro sobre Venda" formula="[Measures].[totalliquido]-[Measures].[custo]-[Measures].[comissao]" dimension="Measures" visible="true">
    </CalculatedMember>
    <CalculatedMember name="margem" formatString="#,##0.00" caption="% Margem de Contribui&#231;&#227;o" formula="case when [Measures].[totalliquido] &#62;0 then 1-([Measures].[custo]/([Measures].[totalliquido]-[Measures].[comissao])) end" dimension="Measures" visible="true">
    </CalculatedMember>
    <CalculatedMember name="ticketmedio" formatString="R$ #,##0.00" caption="Ticket M&#233;dio" formula="[Measures].[totalbruto]/[Measures].[qtdenotas]" dimension="Measures" visible="true">
    </CalculatedMember>
  </Cube>
</Schema>
