<Schema name="Mataboi" description="Mataboi">
  <Dimension type="TimeDimension" visible="true" highCardinality="false" name="time" caption="Data">
    <Hierarchy name="ano" visible="true" hasAll="true" allMemberName="todos" allMemberCaption="Todos" primaryKey="sk_tempo" caption="Ano">
      <Table name="tempo" schema="dim">
      </Table>
      <Level name="ano" visible="true" column="ano" nameColumn="ano" type="Integer" internalType="int" uniqueMembers="false" levelType="TimeYears" hideMemberIf="Never" caption="Ano">
      </Level>
    </Hierarchy>
    <Hierarchy name="semetre" visible="true" hasAll="true" allMemberName="todos" allMemberCaption="Todos" primaryKey="sk_tempo" caption="Semestre">
      <Table name="tempo" schema="dim">
      </Table>
      <Level name="semestre" visible="true" column="semestre" nameColumn="dscsemestre" type="Integer" internalType="int" uniqueMembers="false" levelType="TimeHalfYears" hideMemberIf="Never" caption="Semestre">
      </Level>
    </Hierarchy>
    <Hierarchy name="trimestre" visible="true" hasAll="true" allMemberName="todos" allMemberCaption="Todos" primaryKey="sk_tempo" caption="Trimestre">
      <Table name="tempo" schema="dim">
      </Table>
      <Level name="trimestre" visible="true" column="trimestre" nameColumn="dsctrimestre" type="Integer" internalType="int" uniqueMembers="false" levelType="TimeQuarters" hideMemberIf="Never" caption="Trimestre">
      </Level>
    </Hierarchy>
    <Hierarchy name="mes" visible="true" hasAll="true" allMemberName="todos" allMemberCaption="Todos" primaryKey="sk_tempo" caption="M&#234;s">
      <Table name="tempo" schema="dim">
      </Table>
      <Level name="mes" visible="true" column="mes" nameColumn="nome_mes" type="Integer" internalType="int" uniqueMembers="false" levelType="TimeMonths" hideMemberIf="Never" caption="M&#234;s">
      </Level>
    </Hierarchy>
    <Hierarchy name="quinzena" visible="true" hasAll="true" allMemberName="todos" allMemberCaption="Todos" primaryKey="sk_tempo" caption="Quinzena">
      <Table name="tempo" schema="dim">
      </Table>
      <Level name="quinzena" visible="true" column="quinzena" nameColumn="dscquinzena" type="Integer" internalType="int" uniqueMembers="false" levelType="TimeUndefined" hideMemberIf="Never" caption="Quinzena">
      </Level>
    </Hierarchy>
    <Hierarchy name="semana" visible="true" hasAll="true" allMemberName="todos" allMemberCaption="Todos" primaryKey="sk_tempo" caption="Semana M&#234;s">
      <Table name="tempo" schema="dim">
      </Table>
      <Level name="semana" visible="true" column="num_semana_mes" nameColumn="dscsemanames" type="Integer" internalType="int" uniqueMembers="false" levelType="TimeWeeks" hideMemberIf="Never" caption="Semana M&#234;s">
      </Level>
    </Hierarchy>
    <Hierarchy name="dia" visible="true" hasAll="true" allMemberName="todos" allMemberCaption="Todos" primaryKey="sk_tempo" caption="Dia">
      <Table name="tempo" schema="dim">
      </Table>
      <Level name="dia" visible="true" column="dia" nameColumn="dia" type="Integer" internalType="int" uniqueMembers="false" levelType="TimeDays" hideMemberIf="Never" caption="Dia">
      </Level>
    </Hierarchy>
    <Hierarchy name="maskdia" visible="true" hasAll="true" allMemberName="todos" allMemberCaption="Todos" primaryKey="sk_tempo" caption="Data">
      <Table name="tempo" schema="dim">
      </Table>
      <Level name="maskdia" visible="true" column="sk_tempo" nameColumn="ano_mes_dia" type="Integer" internalType="int" uniqueMembers="true" levelType="TimeDays" hideMemberIf="Never" caption="Data">
      </Level>
    </Hierarchy>
    <Hierarchy name="maskas" visible="true" hasAll="true" allMemberName="todos" allMemberCaption="Todos" primaryKey="sk_tempo" caption="Ano-Semestre">
      <Table name="tempo" schema="dim">
      </Table>
      <Level name="maskas" visible="true" column="ano_semestre" nameColumn="ano_semestre" type="String" internalType="String" uniqueMembers="false" levelType="TimeHalfYears" hideMemberIf="Never" caption="Ano-Semestre">
      </Level>
    </Hierarchy>
    <Hierarchy name="maskaq" visible="true" hasAll="true" allMemberName="todos" allMemberCaption="Todos" primaryKey="sk_tempo" caption="Ano-Trimestre">
      <Table name="tempo" schema="dim">
      </Table>
      <Level name="maskaq" visible="true" column="ano_trimestre" nameColumn="ano_trimestre" type="String" internalType="String" uniqueMembers="false" levelType="TimeQuarters" hideMemberIf="Never" caption="Ano-Trimestre">
      </Level>
    </Hierarchy>
    <Hierarchy name="maskam" visible="true" hasAll="true" allMemberName="todos" allMemberCaption="Todos" primaryKey="sk_tempo" caption="Ano-M&#234;s">
      <Table name="tempo" schema="dim">
      </Table>
      <Level name="maskam" visible="true" column="ano_mes" nameColumn="ano_mes" type="String" internalType="String" uniqueMembers="false" levelType="TimeMonths" hideMemberIf="Never" caption="Ano-M&#234;s">
      </Level>
    </Hierarchy>
    <Hierarchy name="maskamz" visible="true" hasAll="true" allMemberName="todos" allMemberCaption="Todos" primaryKey="sk_tempo" caption="Ano-M&#234;s-Quinzena">
      <Table name="tempo" schema="dim">
      </Table>
      <Level name="maskamz" visible="true" column="ano_mes_quinzena" nameColumn="ano_mes_quinzena" type="String" internalType="String" uniqueMembers="true" levelType="TimeUndefined" hideMemberIf="Never" caption="Ano-M&#234;s-Quinzena">
      </Level>
    </Hierarchy>
    <Hierarchy name="maskamw" visible="true" hasAll="true" allMemberName="todos" allMemberCaption="Todos" primaryKey="sk_tempo" caption="Ano-M&#234;s-Semana">
      <Table name="tempo" schema="dim">
      </Table>
      <Level name="maskamw" visible="true" column="ano_mes_semana" nameColumn="ano_mes_semana" type="String" internalType="String" uniqueMembers="false" levelType="TimeWeeks" hideMemberIf="Never" caption="Ano-M&#234;s-Semana">
      </Level>
    </Hierarchy>
    <Hierarchy name="atmd" visible="false" hasAll="true" allMemberName="todos" allMemberCaption="Todos" primaryKey="sk_tempo" caption="Atmd Full">
      <Table name="tempo" schema="dim">
      </Table>
      <Level name="ano" visible="true" column="ano" nameColumn="ano" type="Integer" internalType="int" uniqueMembers="false" levelType="TimeYears" hideMemberIf="Never" caption="Ano">
      </Level>
      <Level name="semestre" visible="true" column="semestre" nameColumn="dscsemestre" type="Integer" internalType="int" uniqueMembers="false" levelType="TimeHalfYears" hideMemberIf="Never" caption="Semestre">
      </Level>
      <Level name="trimestre" visible="true" column="trimestre" nameColumn="dsctrimestre" type="Integer" internalType="int" uniqueMembers="false" levelType="TimeQuarters" hideMemberIf="Never" caption="Trimestre">
      </Level>
      <Level name="mes" visible="true" column="mes" nameColumn="nome_mes" type="Integer" internalType="int" uniqueMembers="false" levelType="TimeMonths" hideMemberIf="Never" caption="M&#234;s">
      </Level>
      <Level name="quinzena" visible="true" column="quinzena" nameColumn="dscquinzena" type="Integer" internalType="int" uniqueMembers="false" levelType="TimeUndefined" hideMemberIf="Never" caption="Quinzena">
      </Level>
      <Level name="semana" visible="true" column="num_semana_mes" nameColumn="dscsemanames" type="Integer" internalType="int" uniqueMembers="false" levelType="TimeWeeks" hideMemberIf="Never" caption="Semana M&#234;s">
      </Level>
      <Level name="dia" visible="true" column="dia" nameColumn="dia" type="Integer" internalType="int" uniqueMembers="false" levelType="TimeDays" hideMemberIf="Never" caption="Dia">
      </Level>
    </Hierarchy>
  </Dimension>
  <Dimension type="StandardDimension" visible="true" name="itemQualidade" caption="Item Qualidade">
    <Hierarchy visible="true" hasAll="true">
      <Table name="item_qualidade" schema="dim">
      </Table>
      <Level name="itemqualidade" visible="true" column="coditemqualidade" nameColumn="dscitemqualidade" type="Integer" internalType="int" uniqueMembers="false" levelType="Regular" hideMemberIf="Never" caption="Crit&#233;rio Qualidade">
      </Level>
    </Hierarchy>
  </Dimension>
  <Cube name="qualidade" caption="An&#225;lise de Qualidade" visible="true" description="An&#225;lise de Qualidade" cache="true" enabled="true">
    <Table name="mataboi_qualidade" schema="fato">
    </Table>
    <DimensionUsage source="time" name="Data" caption="Data Coleta" visible="true" foreignKey="sk_tempo" highCardinality="false">
    </DimensionUsage>
    <Dimension type="StandardDimension" visible="true" highCardinality="false" name="procedimento" caption="Procedimento">
      <Hierarchy visible="true" hasAll="true" caption="Quadra">
        <Level name="procedimento" visible="true" column="procedimento" nameColumn="procedimento" type="String" internalType="String" uniqueMembers="false" levelType="Regular" hideMemberIf="Never" caption="Procedimento">
        </Level>
      </Hierarchy>
    </Dimension>
    <Dimension type="StandardDimension" visible="true" highCardinality="false" name="familiaproduto" caption="Fam&#237;lia Produto">
      <Hierarchy visible="true" hasAll="true" caption="Fam&#237;lia de Produto">
        <Level name="produto" visible="true" column="produto" nameColumn="produto" type="String" internalType="String" uniqueMembers="false" levelType="Regular" hideMemberIf="Never" caption="Fam&#237;lia de Produto">
        </Level>
      </Hierarchy>
    </Dimension>
    <DimensionUsage source="itemQualidade" name="itemQualidade" caption="Crit&#233;rio Qualidade" visible="true" foreignKey="coditemqualidade">
    </DimensionUsage>
    <Measure name="pecas_av" column="pecas_av" datatype="Numeric" formatString="#,##0.00" aggregator="sum" caption="Pe&#231;as Avaliadas" visible="true">
    </Measure>
    <Measure name="pecas_nc" column="pecas_nc" datatype="Numeric" formatString="#,##0.00" aggregator="sum" caption="N&#227;o Conformidade" visible="true">
    </Measure>
    <CalculatedMember name="percnc" formatString="#,##0.00%" caption="% N. Conformidade" formula="[Measures].[pecas_nc]/[Measures].[pecas_av]" dimension="Measures" visible="true">
    </CalculatedMember>
  </Cube>
</Schema>
