<Schema name="POCBILD" description="POCBILD">
  <Dimension type="TimeDimension" visible="true" highCardinality="false" name="Periodo" caption="Per&#237;odo Ped. Venda">
    <Hierarchy visible="true" hasAll="true" primaryKey="sk_tempo">
      <Table name="tempo" schema="dim">
      </Table>
      <Level name="Ano" visible="true" column="ano" nameColumn="ano" type="Integer" uniqueMembers="false" levelType="TimeYears" hideMemberIf="Never">
      </Level>
      <Level name="Mes" visible="true" column="mes" nameColumn="nome_mes" type="Integer" uniqueMembers="false" levelType="TimeMonths" hideMemberIf="Never" caption="M&#234;s">
      </Level>
      <Level name="Dia" visible="true" column="sk_tempo" nameColumn="dia" type="Integer" uniqueMembers="true" levelType="TimeDays" hideMemberIf="Never">
      </Level>
    </Hierarchy>
    <Hierarchy name="amdfull" visible="true" hasAll="true" primaryKey="sk_tempo">
      <Table name="tempo" schema="dim">
      </Table>
      <Level name="Ano" visible="true" column="ano" nameColumn="ano" type="Integer" uniqueMembers="false" levelType="TimeYears" hideMemberIf="Never">
      </Level>
      <Level name="Ano_Mes" visible="true" column="mes" nameColumn="ano_mes_nome" type="Integer" uniqueMembers="false" levelType="TimeMonths" hideMemberIf="Never" caption="Ano M&#234;s">
      </Level>
      <Level name="Dia" visible="true" column="dia" nameColumn="ano_mes_dia" type="Integer" uniqueMembers="false" levelType="TimeDays" hideMemberIf="Never">
      </Level>
    </Hierarchy>
    <Hierarchy name="sem" visible="true" hasAll="true" primaryKey="sk_tempo" caption="Semana do M&#234;s">
      <Table name="tempo" schema="dim">
      </Table>
      <Level name="dia" visible="true" column="num_semana_mes" nameColumn="num_semana_mes" type="Integer" internalType="int" uniqueMembers="false" levelType="TimeUndefined" hideMemberIf="Never" caption="Semana">
      </Level>
    </Hierarchy>
  </Dimension>
  <Cube name="Pipeline" caption="CRM - Pipeline" visible="false" cache="true" enabled="true">
    <Table name="pocbild" schema="fato">
    </Table>
    <Dimension type="StandardDimension" visible="true" highCardinality="false" name="turno">
      <Hierarchy visible="true" hasAll="true">
        <Level name="turno" visible="true" column="sk_turno" nameColumn="turno" ordinalColumn="sk_turno" type="Integer" internalType="int" uniqueMembers="false" levelType="Regular" hideMemberIf="Never" caption="Turno">
        </Level>
      </Hierarchy>
    </Dimension>
    <DimensionUsage source="Periodo" name="data" caption="Data" visible="true" foreignKey="sk_data" highCardinality="false">
    </DimensionUsage>
    <DimensionUsage source="Periodo" name="dataOcorrencia" caption="Data Ocorr&#234;ncia" visible="true" foreignKey="sk_data_ocorrencia" highCardinality="false">
    </DimensionUsage>
    <Dimension type="StandardDimension" visible="true" highCardinality="false" name="imobiliaria" caption="Imobili&#225;ria">
      <Hierarchy visible="true" hasAll="true">
        <Level name="nome" visible="true" column="sk_imobiliaria" nameColumn="dscimobiliaria" type="Integer" internalType="int" uniqueMembers="false" levelType="Regular" hideMemberIf="Never" caption="Nome">
        </Level>
      </Hierarchy>
    </Dimension>
    <Dimension type="StandardDimension" visible="true" highCardinality="false" name="prospect" caption="Prospect">
      <Hierarchy visible="true" hasAll="true">
        <Level name="nome" visible="true" column="sk_prospect" nameColumn="prospect" type="Integer" internalType="int" uniqueMembers="true" levelType="Regular" hideMemberIf="Never">
        </Level>
      </Hierarchy>
    </Dimension>
    <Dimension type="StandardDimension" visible="true" highCardinality="false" name="status" caption="Etapa Pipeline">
      <Hierarchy visible="true" hasAll="true">
        <Level name="descricao" visible="true" column="sk_status" nameColumn="status" type="Integer" internalType="int" uniqueMembers="true" levelType="Regular" hideMemberIf="Never" caption="Descri&#231;&#227;o">
        </Level>
      </Hierarchy>
    </Dimension>
    <Dimension type="StandardDimension" visible="true" highCardinality="false" name="empreendimento" caption="Empreendimento">
      <Hierarchy visible="true" hasAll="true">
        <Level name="nome" visible="true" column="empreendimento" nameColumn="empreendimento" type="String" internalType="String" uniqueMembers="false" levelType="Regular" hideMemberIf="Never" caption="Empreendimento">
        </Level>
      </Hierarchy>
    </Dimension>
    <Dimension type="StandardDimension" visible="true" highCardinality="false" name="canalVenda" caption="Canal de Vendas">
      <Hierarchy visible="true" hasAll="true">
        <Level name="descricao" visible="true" column="canalvenda" nameColumn="canalvenda" type="String" internalType="String" uniqueMembers="false" levelType="Regular" hideMemberIf="Never" caption="Descri&#231;&#227;o">
        </Level>
      </Hierarchy>
    </Dimension>
    <Dimension type="StandardDimension" visible="true" highCardinality="false" name="subCanalVenda" caption="Sub. Canal de Venda">
      <Hierarchy visible="true" hasAll="true">
        <Level name="descricao" visible="true" column="subcanalvenda" nameColumn="subcanalvenda" type="String" internalType="String" uniqueMembers="false" levelType="Regular" hideMemberIf="Never" caption="Sub. Canal Venda">
        </Level>
      </Hierarchy>
    </Dimension>
    <Dimension type="StandardDimension" visible="true" highCardinality="false" name="gerente" caption="Gerente">
      <Hierarchy visible="true" hasAll="true">
        <Level name="nome" visible="true" column="idgerente" nameColumn="gerente" type="Integer" internalType="int" uniqueMembers="false" levelType="Regular" hideMemberIf="Never" caption="Nome">
        </Level>
      </Hierarchy>
    </Dimension>
    <Dimension type="StandardDimension" visible="true" highCardinality="false" name="supervisor" caption="Supervisor">
      <Hierarchy visible="true" hasAll="true">
        <Level name="nome" visible="true" column="idsupervisor" nameColumn="supervisor" type="Integer" internalType="int" uniqueMembers="false" levelType="Regular" hideMemberIf="Never" caption="Nome">
        </Level>
      </Hierarchy>
    </Dimension>
    <Dimension type="StandardDimension" visible="true" highCardinality="false" name="corretor" caption="Corretor">
      <Hierarchy visible="true" hasAll="true">
        <Level name="nome" visible="true" column="idcorretor" nameColumn="corretor" type="Integer" internalType="int" uniqueMembers="false" levelType="Regular" hideMemberIf="Never" caption="Nome">
        </Level>
      </Hierarchy>
    </Dimension>
    <Measure name="abordados" column="abordados" datatype="Integer" formatString="#,##0.00" aggregator="sum" caption="Abordados" visible="true">
    </Measure>
    <Measure name="prospects" column="prospects" datatype="Integer" formatString="#,##0.00" aggregator="sum" caption="Prospect" visible="true">
    </Measure>
    <Measure name="agendados" column="agendados" datatype="Integer" formatString="#,##0.00" aggregator="sum" caption="Agendados" visible="true">
    </Measure>
    <Measure name="atendidos" column="atendido" datatype="Integer" formatString="#,##0.00" aggregator="sum" caption="Atendidos" visible="true">
    </Measure>
    <Measure name="viroucliente" column="viroucliente" datatype="Integer" formatString="#,##0.00" aggregator="sum" caption="Virou Cliente" visible="true">
    </Measure>
    <Measure name="desistiu" column="desistiu" datatype="Integer" formatString="#,##0.00" aggregator="sum" caption="Desistiu" visible="true">
    </Measure>
    <Measure name="metaabordagem" column="metaabordagem" datatype="Integer" formatString="#,##0.00" aggregator="sum" caption="Meta de Abordagem" visible="true">
    </Measure>
    <CalculatedMember name="percmetaabordagem" formatString="#,##0.00%" caption="% Meta Abordagem" formula="[Measures].[abordados]/[Measures].[metaabordagem]" dimension="Measures" visible="true">
    </CalculatedMember>
    <CalculatedMember name="percprospects" formatString="#,##0.00%" caption="% Convers&#227;o Prospects" formula="[Measures].[prospects]/[Measures].[abordados]" dimension="Measures" visible="true">
    </CalculatedMember>
    <CalculatedMember name="percagendados" formatString="#,##0.00%" caption="% Convers&#227;o de Agendados" formula="[Measures].[agendados]/[Measures].[prospects]" dimension="Measures" visible="true">
    </CalculatedMember>
    <CalculatedMember name="percatendidos" formatString="#,##0.00%" caption="% Convers&#227;o Atendidos" formula="[Measures].[atendidos]/[Measures].[agendados]" dimension="Measures" visible="true">
    </CalculatedMember>
    <CalculatedMember name="percclientes" formatString="#,##0.00%" caption="% Convers&#227;o Clientes" formula="[Measures].[viroucliente]/[Measures].[atendidos]" dimension="Measures" visible="true">
    </CalculatedMember>
    <CalculatedMember name="percdesistiu" formatString="#,##0.00%" caption="% Desist&#234;ncia" formula="[Measures].[desistiu]/([Measures].[atendidos]+[Measures].[agendados]+[Measures].[prospects])" dimension="Measures" visible="true">
    </CalculatedMember>
    <CalculatedMember name="shareabordados" formatString="#,##0.00%" caption="% Share Abordados" formula="[Measures].[abordados]/([Measures].[abordados]+[Measures].[prospects]+[Measures].[agendados]+[Measures].[atendidos]+[Measures].[viroucliente]+[Measures].[desistiu])" dimension="Measures" visible="true">
    </CalculatedMember>
    <CalculatedMember name="shareprospects" formatString="#,##0.00%" caption="% Share Prospects" formula="[Measures].[prospects]/([Measures].[abordados]+[Measures].[prospects]+[Measures].[agendados]+[Measures].[atendidos]+[Measures].[viroucliente]+[Measures].[desistiu])" dimension="Measures" visible="true">
    </CalculatedMember>
    <CalculatedMember name="shareagendados" formatString="#,##0.00%" caption="% Share Agendados" formula="[Measures].[agendados]/([Measures].[abordados]+[Measures].[prospects]+[Measures].[agendados]+[Measures].[atendidos]+[Measures].[viroucliente]+[Measures].[desistiu])" dimension="Measures" visible="true">
    </CalculatedMember>
    <CalculatedMember name="shareatendidos" formatString="#,##0.00" caption="% Share Atendidos" formula="[Measures].[atendidos]/([Measures].[abordados]+[Measures].[prospects]+[Measures].[agendados]+[Measures].[atendidos]+[Measures].[viroucliente]+[Measures].[desistiu])" dimension="Measures" visible="true">
    </CalculatedMember>
    <CalculatedMember name="shareviroucliente" formatString="#,##0.00%" caption="% Share Virou Cliente" formula="[Measures].[viroucliente]/([Measures].[abordados]+[Measures].[prospects]+[Measures].[agendados]+[Measures].[atendidos]+[Measures].[viroucliente]+[Measures].[desistiu])" dimension="Measures" visible="true">
    </CalculatedMember>
    <CalculatedMember name="sharedesistiu" formatString="#,##0.00%" caption="% Share Desist&#234;ncia" formula="[Measures].[desistiu]/([Measures].[abordados]+[Measures].[prospects]+[Measures].[agendados]+[Measures].[atendidos]+[Measures].[viroucliente]+[Measures].[desistiu])" dimension="Measures" visible="true">
    </CalculatedMember>
  </Cube>
</Schema>
