<Schema name="Coletas Fazenda" description="Coletas Fazenda">
  <Dimension type="TimeDimension" visible="true" highCardinality="false" name="time" caption="Data">
    <Hierarchy name="ano" visible="true" hasAll="true" allMemberName="todos" allMemberCaption="Todos" primaryKey="sk_tempo" caption="Ano">
      <Table name="tempo" schema="agro">
      </Table>
      <Level name="ano" visible="true" column="ano" nameColumn="ano" type="Integer" internalType="int" uniqueMembers="false" levelType="TimeYears" hideMemberIf="Never" caption="Ano">
      </Level>
    </Hierarchy>
    <Hierarchy name="semetre" visible="true" hasAll="true" allMemberName="todos" allMemberCaption="Todos" primaryKey="sk_tempo" caption="Semestre">
      <Table name="tempo" schema="agro">
      </Table>
      <Level name="semestre" visible="true" column="semestre" nameColumn="dscsemestre" type="Integer" internalType="int" uniqueMembers="false" levelType="TimeHalfYears" hideMemberIf="Never" caption="Semestre">
      </Level>
    </Hierarchy>
    <Hierarchy name="trimestre" visible="true" hasAll="true" allMemberName="todos" allMemberCaption="Todos" primaryKey="sk_tempo" caption="Trimestre">
      <Table name="tempo" schema="agro">
      </Table>
      <Level name="trimestre" visible="true" column="trimestre" nameColumn="dsctrimestre" type="Integer" internalType="int" uniqueMembers="false" levelType="TimeQuarters" hideMemberIf="Never" caption="Trimestre">
      </Level>
    </Hierarchy>
    <Hierarchy name="mes" visible="true" hasAll="true" allMemberName="todos" allMemberCaption="Todos" primaryKey="sk_tempo" caption="M&#234;s">
      <Table name="tempo" schema="agro">
      </Table>
      <Level name="mes" visible="true" column="mes" nameColumn="nome_mes" type="Integer" internalType="int" uniqueMembers="false" levelType="TimeMonths" hideMemberIf="Never" caption="M&#234;s">
      </Level>
    </Hierarchy>
    <Hierarchy name="quinzena" visible="true" hasAll="true" allMemberName="todos" allMemberCaption="Todos" primaryKey="sk_tempo" caption="Quinzena">
      <Table name="tempo" schema="agro">
      </Table>
      <Level name="quinzena" visible="true" column="quinzena" nameColumn="dscquinzena" type="Integer" internalType="int" uniqueMembers="false" levelType="TimeUndefined" hideMemberIf="Never" caption="Quinzena">
      </Level>
    </Hierarchy>
    <Hierarchy name="semana" visible="true" hasAll="true" allMemberName="todos" allMemberCaption="Todos" primaryKey="sk_tempo" caption="Semana M&#234;s">
      <Table name="tempo" schema="agro">
      </Table>
      <Level name="semana" visible="true" column="num_semana_mes" nameColumn="dscsemanames" type="Integer" internalType="int" uniqueMembers="false" levelType="TimeWeeks" hideMemberIf="Never" caption="Semana M&#234;s">
      </Level>
    </Hierarchy>
    <Hierarchy name="dia" visible="true" hasAll="true" allMemberName="todos" allMemberCaption="Todos" primaryKey="sk_tempo" caption="Dia">
      <Table name="tempo" schema="agro">
      </Table>
      <Level name="dia" visible="true" column="dia" nameColumn="dia" type="Integer" internalType="int" uniqueMembers="false" levelType="TimeDays" hideMemberIf="Never" caption="Dia">
      </Level>
    </Hierarchy>
    <Hierarchy name="maskdia" visible="true" hasAll="true" allMemberName="todos" allMemberCaption="Todos" primaryKey="sk_tempo" caption="Data">
      <Table name="tempo" schema="agro">
      </Table>
      <Level name="maskdia" visible="true" column="sk_tempo" nameColumn="ano_mes_dia" type="Integer" internalType="int" uniqueMembers="true" levelType="TimeDays" hideMemberIf="Never" caption="Data">
      </Level>
    </Hierarchy>
    <Hierarchy name="maskas" visible="true" hasAll="true" allMemberName="todos" allMemberCaption="Todos" primaryKey="sk_tempo" caption="Ano-Semestre">
      <Table name="tempo" schema="agro">
      </Table>
      <Level name="maskas" visible="true" column="ano_semestre" nameColumn="ano_semestre" type="String" internalType="String" uniqueMembers="false" levelType="TimeHalfYears" hideMemberIf="Never" caption="Ano-Semestre">
      </Level>
    </Hierarchy>
    <Hierarchy name="maskaq" visible="true" hasAll="true" allMemberName="todos" allMemberCaption="Todos" primaryKey="sk_tempo" caption="Ano-Trimestre">
      <Table name="tempo" schema="agro">
      </Table>
      <Level name="maskaq" visible="true" column="ano_trimestre" nameColumn="ano_trimestre" type="String" internalType="String" uniqueMembers="false" levelType="TimeQuarters" hideMemberIf="Never" caption="Ano-Trimestre">
      </Level>
    </Hierarchy>
    <Hierarchy name="maskam" visible="true" hasAll="true" allMemberName="todos" allMemberCaption="Todos" primaryKey="sk_tempo" caption="Ano-M&#234;s">
      <Table name="tempo" schema="agro">
      </Table>
      <Level name="maskam" visible="true" column="ano_mes" nameColumn="ano_mes" type="String" internalType="String" uniqueMembers="false" levelType="TimeMonths" hideMemberIf="Never" caption="Ano-M&#234;s">
      </Level>
    </Hierarchy>
    <Hierarchy name="maskamz" visible="true" hasAll="true" allMemberName="todos" allMemberCaption="Todos" primaryKey="sk_tempo" caption="Ano-M&#234;s-Quinzena">
      <Table name="tempo" schema="agro">
      </Table>
      <Level name="maskamz" visible="true" column="ano_mes_quinzena" nameColumn="ano_mes_quinzena" type="String" internalType="String" uniqueMembers="true" levelType="TimeUndefined" hideMemberIf="Never" caption="Ano-M&#234;s-Quinzena">
      </Level>
    </Hierarchy>
    <Hierarchy name="maskamw" visible="true" hasAll="true" allMemberName="todos" allMemberCaption="Todos" primaryKey="sk_tempo" caption="Ano-M&#234;s-Semana">
      <Table name="tempo" schema="agro">
      </Table>
      <Level name="maskamw" visible="true" column="ano_mes_semana" nameColumn="ano_mes_semana" type="String" internalType="String" uniqueMembers="false" levelType="TimeWeeks" hideMemberIf="Never" caption="Ano-M&#234;s-Semana">
      </Level>
    </Hierarchy>
    <Hierarchy name="atmd" visible="false" hasAll="true" allMemberName="todos" allMemberCaption="Todos" primaryKey="sk_tempo" caption="Atmd Full">
      <Table name="tempo" schema="agro">
      </Table>
      <Level name="ano" visible="true" column="ano" nameColumn="ano" type="Integer" internalType="int" uniqueMembers="false" levelType="TimeYears" hideMemberIf="Never" caption="Ano">
      </Level>
      <Level name="semestre" visible="true" column="semestre" nameColumn="dscsemestre" type="Integer" internalType="int" uniqueMembers="false" levelType="TimeHalfYears" hideMemberIf="Never" caption="Semestre">
      </Level>
      <Level name="trimestre" visible="true" column="trimestre" nameColumn="dsctrimestre" type="Integer" internalType="int" uniqueMembers="false" levelType="TimeQuarters" hideMemberIf="Never" caption="Trimestre">
      </Level>
      <Level name="mes" visible="true" column="mes" nameColumn="nome_mes" type="Integer" internalType="int" uniqueMembers="false" levelType="TimeMonths" hideMemberIf="Never" caption="M&#234;s">
      </Level>
      <Level name="quinzena" visible="true" column="quinzena" nameColumn="dscquinzena" type="Integer" internalType="int" uniqueMembers="false" levelType="TimeUndefined" hideMemberIf="Never" caption="Quinzena">
      </Level>
      <Level name="semana" visible="true" column="num_semana_mes" nameColumn="dscsemanames" type="Integer" internalType="int" uniqueMembers="false" levelType="TimeWeeks" hideMemberIf="Never" caption="Semana M&#234;s">
      </Level>
      <Level name="dia" visible="true" column="dia" nameColumn="dia" type="Integer" internalType="int" uniqueMembers="false" levelType="TimeDays" hideMemberIf="Never" caption="Dia">
      </Level>
    </Hierarchy>
  </Dimension>
  <Cube name="amostra" caption="Coletas na Fazenda" visible="true" description="Coletas" cache="true" enabled="true">
    <Table name="amostra" schema="agro">
    </Table>
    <DimensionUsage source="time" name="Data" caption="Data Coleta" visible="true" foreignKey="sk_tempo" highCardinality="false">
    </DimensionUsage>
    <Dimension type="StandardDimension" visible="true" highCardinality="false" name="endereco" caption="Localidade">
      <Hierarchy name="geo" visible="true" hasAll="true">
        <Level name="localidade" visible="true" column="localidade" nameColumn="localidade" type="String" internalType="String" uniqueMembers="false" levelType="Regular" hideMemberIf="Never" caption="Localidade">
        </Level>
        <Level name="Latitude" visible="true" column="lat_decimal" nameColumn="lat_decimal" type="String" internalType="String" uniqueMembers="false" levelType="Regular" hideMemberIf="Never" caption="Latitude">
        </Level>
        <Level name="Longitude" visible="true" column="long_decimal" nameColumn="long_decimal" type="String" internalType="String" uniqueMembers="false" levelType="Regular" hideMemberIf="Never" caption="Longitude">
        </Level>
      </Hierarchy>
    </Dimension>
    <Dimension type="StandardDimension" visible="true" highCardinality="false" name="quadra" caption="Quadra">
      <Hierarchy visible="true" hasAll="true" caption="Quadra">
        <Level name="quadra" visible="true" column="quadra" nameColumn="quadra" type="Integer" internalType="int" uniqueMembers="false" levelType="Regular" hideMemberIf="Never" caption="Quadra">
        </Level>
      </Hierarchy>
    </Dimension>
    <Dimension type="StandardDimension" visible="true" highCardinality="false" name="classificacao" caption="Classifica&#231;&#227;o">
      <Hierarchy visible="true" hasAll="true" caption="Classifica&#231;&#227;o">
        <Level name="classificacao" visible="true" column="class" nameColumn="class" type="String" internalType="String" uniqueMembers="false" levelType="Regular" hideMemberIf="Never" caption="Classifica&#231;&#227;o">
        </Level>
      </Hierarchy>
    </Dimension>
    <Dimension type="StandardDimension" visible="true" highCardinality="false" name="fazenda" caption="Fazenda">
      <Hierarchy visible="true" hasAll="true" caption="Fazenda">
        <Level name="fazenda" visible="true" column="faz" nameColumn="faz" type="Integer" internalType="int" uniqueMembers="false" levelType="Regular" hideMemberIf="Never" caption="Fazenda">
        </Level>
      </Hierarchy>
    </Dimension>
    <Measure name="area" column="area" datatype="Numeric" formatString="#,##0.00" aggregator="sum" caption="Area" visible="true">
    </Measure>
    <Measure name="armadilhas" column="armadilhas" datatype="Numeric" formatString="#,##0.00" aggregator="sum" caption="Armadilhas" visible="true">
    </Measure>
    <Measure name="adultos" column="adultos" datatype="Numeric" formatString="#,##0.00" aggregator="sum" caption="Adultos" visible="true">
    </Measure>
    <Measure name="chuva" column="chuva" datatype="Numeric" formatString="#,##0.00" aggregator="sum" caption="Chuva" visible="true">
    </Measure>
    <Measure name="temperatura" column="temperatura" datatype="Numeric" formatString="#,##0.00" aggregator="sum" caption="Temperatura" visible="true">
    </Measure>
    <CalculatedMember name="mediaadultos" formatString="#,##0.00" caption="M&#233;dia de Adultos" formula="[Measures].[adultos]/[Measures].[armadilhas]" dimension="Measures" visible="true">
    </CalculatedMember>
  </Cube>
</Schema>
