<Schema name="POCJAZAM">
  <Dimension type="StandardDimension" visible="true" highCardinality="false" name="Endereco" caption="Endere&#231;o">
    <Hierarchy visible="true" hasAll="true" allMemberName="todos" allMemberCaption="Todos" primaryKey="sk_endereco" caption="Geo">
      <Table name="endereco" schema="dim">
      </Table>
      <Level name="pais" visible="true" column="pais" nameColumn="pais" type="String" internalType="String" uniqueMembers="false" levelType="Regular" hideMemberIf="Never" caption="Pa&#237;s">
      </Level>
      <Level name="regiao" visible="true" column="regiao" nameColumn="regiao" type="String" internalType="String" uniqueMembers="false" levelType="Regular" hideMemberIf="Never" caption="Regi&#227;o">
      </Level>
      <Level name="estado" visible="true" column="uf" nameColumn="uf" type="String" internalType="String" uniqueMembers="false" levelType="Regular" hideMemberIf="Never" caption="Estado">
      </Level>
      <Level name="cidade" visible="true" column="sk_endereco" nameColumn="municipio" type="Integer" internalType="int" uniqueMembers="true" levelType="Regular" hideMemberIf="Never" caption="Cidade">
      </Level>
      <Level name="Latitude" visible="true" column="sk_lat" nameColumn="latitude" type="Integer" uniqueMembers="false" levelType="Regular" hideMemberIf="Never" caption="Latitude">
      </Level>
      <Level name="Longitude" visible="true" column="sk_long" nameColumn="longitude" type="Integer" uniqueMembers="false" levelType="Regular" hideMemberIf="Never" caption="Longitude">
      </Level>
    </Hierarchy>
    <Hierarchy name="sigla" visible="true" hasAll="true" primaryKey="sk_endereco" caption="Sigla UF.">
      <Table name="endereco" schema="dim">
      </Table>
      <Level name="sigla" visible="true" column="uf" nameColumn="uf" type="String" internalType="String" uniqueMembers="false" levelType="Regular" hideMemberIf="Never" caption="Sigla UF.">
      </Level>
      <Level name="cidade" visible="true" column="sk_endereco" nameColumn="municipio" type="Integer" internalType="int" uniqueMembers="false" levelType="Regular" hideMemberIf="Never" caption="Cidade">
      </Level>
      <Level name="Latitude" visible="true" column="sk_lat" nameColumn="latitude" type="Integer" internalType="int" uniqueMembers="false" levelType="Regular" hideMemberIf="Never" caption="Latitude">
      </Level>
      <Level name="Longitude" visible="true" column="sk_long" nameColumn="longitude" type="Integer" internalType="int" uniqueMembers="false" levelType="Regular" hideMemberIf="Never" caption="Longitude">
      </Level>
    </Hierarchy>
  </Dimension>
  <Dimension type="TimeDimension" visible="true" highCardinality="false" name="Periodo_Faturamento" caption="Per&#237;odo Faturamento">
    <Hierarchy name="Periodo_Faturamento" visible="true" hasAll="true" primaryKey="sk_tempo">
      <Table name="tempo_jazam" schema="dim">
      </Table>
      <Level name="Ano" visible="true" column="ano" nameColumn="ano" type="Integer" uniqueMembers="false" levelType="TimeYears" hideMemberIf="Never">
      </Level>
      <Level name="Mes" visible="true" column="mes" nameColumn="nome_mes" type="Integer" uniqueMembers="false" levelType="TimeMonths" hideMemberIf="Never">
      </Level>
      <Level name="Dia" visible="true" column="sk_tempo" nameColumn="dia" type="Integer" uniqueMembers="true" levelType="TimeDays" hideMemberIf="Never">
      </Level>
    </Hierarchy>
  </Dimension>
  <Cube name="Faturamento_Fisico" caption="Faturamento" visible="false" cache="true" enabled="true">
    <Table name="jazam_faturamento" schema="fato">
    </Table>
    <DimensionUsage source="Periodo_Faturamento" name="Periodo_Faturamento" visible="true" foreignKey="sk_tempo" highCardinality="false">
    </DimensionUsage>
    <DimensionUsage source="Endereco" name="Endereco" visible="true" foreignKey="sk_endereco" highCardinality="false">
    </DimensionUsage>
    <Dimension type="StandardDimension" visible="true" highCardinality="false" name="Empresa">
      <Hierarchy visible="true" hasAll="true">
        <Level name="Filial" visible="true" column="filial" nameColumn="dscfilial" type="String" internalType="String" uniqueMembers="false" levelType="Regular" hideMemberIf="Never" caption="Filial">
        </Level>
      </Hierarchy>
    </Dimension>
    <Dimension type="StandardDimension" visible="true" highCardinality="false" name="Gerente">
      <Hierarchy visible="true" hasAll="true">
        <Level name="nome" visible="true" column="gerente" nameColumn="gerente" type="String" internalType="String" uniqueMembers="false" levelType="Regular" hideMemberIf="Never" caption="Nome">
        </Level>
      </Hierarchy>
    </Dimension>
    <Dimension type="StandardDimension" visible="true" highCardinality="false" name="Vendedor">
      <Hierarchy visible="true" hasAll="true">
        <Level name="nome" visible="true" column="cod_vendedor" nameColumn="vendedor" type="String" internalType="String" uniqueMembers="false" levelType="Regular" hideMemberIf="Never" caption="Nome">
        </Level>
      </Hierarchy>
    </Dimension>
    <Dimension type="StandardDimension" visible="true" highCardinality="false" name="Rede" caption="Rede">
      <Hierarchy visible="true" hasAll="true">
        <Level name="descricao" visible="true" column="rede_lojas" nameColumn="rede_lojas" type="String" internalType="String" uniqueMembers="false" levelType="Regular" hideMemberIf="Never" caption="Rede de Lojas">
        </Level>
      </Hierarchy>
    </Dimension>
    <Dimension type="StandardDimension" visible="true" highCardinality="false" name="Cliente" caption="Cliente">
      <Hierarchy visible="true" hasAll="true">
        <Level name="nome" visible="true" column="cod_cliente" nameColumn="cliente" type="String" internalType="String" uniqueMembers="false" levelType="Regular" hideMemberIf="Never" caption="Nome">
        </Level>
      </Hierarchy>
    </Dimension>
    <Dimension type="StandardDimension" visible="true" highCardinality="false" name="InfoFaturamento" caption="Informa&#231;&#245;es Faturamento">
      <Hierarchy visible="true" hasAll="true">
        <Level name="pedido" visible="true" column="pedido" nameColumn="pedido" type="String" internalType="String" uniqueMembers="false" levelType="Regular" hideMemberIf="Never" caption="N&#250;mero Pedido">
        </Level>
        <Level name="nota" visible="true" column="nota_serie" nameColumn="nota_serie" type="String" internalType="String" uniqueMembers="false" levelType="Regular" hideMemberIf="Never" caption="Nota / S&#233;rie">
        </Level>
      </Hierarchy>
    </Dimension>
    <Dimension type="StandardDimension" visible="true" highCardinality="false" name="Linha">
      <Hierarchy visible="true" hasAll="true">
        <Level name="descricao" visible="true" column="linha" nameColumn="linha" type="String" internalType="String" uniqueMembers="false" levelType="Regular" hideMemberIf="Never" caption="Descri&#231;&#227;o Linha">
        </Level>
      </Hierarchy>
    </Dimension>
    <Dimension type="StandardDimension" visible="true" highCardinality="false" name="Produto">
      <Hierarchy visible="true" hasAll="true">
        <Level name="descricao" visible="true" column="codigo_produto" nameColumn="produto" type="String" internalType="String" uniqueMembers="false" levelType="Regular" hideMemberIf="Never" caption="Descri&#231;&#227;o Produto">
        </Level>
      </Hierarchy>
    </Dimension>
    <Measure name="Total" column="total" datatype="Numeric" formatString="R$ #,##0.00" aggregator="sum" caption="Total Faturado" visible="true">
    </Measure>
    <Measure name="Peso" column="peso_liquido" datatype="Numeric" formatString="#,##0.00" aggregator="sum" caption="Peso L&#237;quido" visible="true">
    </Measure>
    <Measure name="Volumes" column="volumes" datatype="Numeric" formatString="#,##0.00" aggregator="sum" caption="Volume (Qtde)" visible="true">
    </Measure>
  </Cube>
  <Cube name="Cidades" visible="false" cache="true" enabled="true">
    <Table name="endereco" schema="dim">
    </Table>
    <DimensionUsage source="Endereco" name="Endereco" visible="true" foreignKey="sk_endereco" highCardinality="false">
    </DimensionUsage>
    <Measure name="nrohabitantes" column="nro_habitante" datatype="Numeric" formatString="#,##0.00" aggregator="sum" caption="N&#250;mero Habitantes" visible="true">
    </Measure>
  </Cube>
  <VirtualCube enabled="true" name="Faturamento" visible="false">
    <VirtualCubeDimension visible="true" highCardinality="false" name="Endereco">
    </VirtualCubeDimension>
    <VirtualCubeDimension visible="true" highCardinality="false" name="Periodo_Faturamento">
    </VirtualCubeDimension>
    <VirtualCubeDimension cubeName="Faturamento_Fisico" visible="true" highCardinality="false" name="Empresa">
    </VirtualCubeDimension>
    <VirtualCubeDimension cubeName="Faturamento_Fisico" visible="true" highCardinality="false" name="Gerente">
    </VirtualCubeDimension>
    <VirtualCubeDimension cubeName="Faturamento_Fisico" visible="true" highCardinality="false" name="Vendedor">
    </VirtualCubeDimension>
    <VirtualCubeDimension cubeName="Faturamento_Fisico" visible="true" highCardinality="false" name="Rede">
    </VirtualCubeDimension>
    <VirtualCubeDimension cubeName="Faturamento_Fisico" visible="true" highCardinality="false" name="Cliente">
    </VirtualCubeDimension>
    <VirtualCubeDimension cubeName="Faturamento_Fisico" visible="true" highCardinality="false" name="Linha">
    </VirtualCubeDimension>
    <VirtualCubeDimension cubeName="Faturamento_Fisico" visible="true" highCardinality="false" name="Produto">
    </VirtualCubeDimension>
    <VirtualCubeDimension cubeName="Faturamento_Fisico" visible="true" highCardinality="false" name="InfoFaturamento">
    </VirtualCubeDimension>
    <VirtualCubeMeasure cubeName="Faturamento_Fisico" name="[Measures].[Peso]" visible="true">
    </VirtualCubeMeasure>
    <VirtualCubeMeasure cubeName="Faturamento_Fisico" name="[Measures].[Volumes]" visible="true">
    </VirtualCubeMeasure>
    <VirtualCubeMeasure cubeName="Cidades" name="[Measures].[nrohabitantes]" visible="false">
    </VirtualCubeMeasure>
    <VirtualCubeMeasure cubeName="Faturamento_Fisico" name="[Measures].[Total]" visible="true">
    </VirtualCubeMeasure>
    <CalculatedMember name="NumeroHabitantes" formatString="#,##0.00" caption="N&#250;mero de Habitantes" formula="ValidMeasure([Measures].[nrohabitantes])" dimension="Measures" visible="true">
    </CalculatedMember>
    <CalculatedMember name="PesoHab" formatString="#,##0.00" caption="Peso p/ Hab." formula="[Measures].[Peso]/[Measures].[NumeroHabitantes]" dimension="Measures" visible="true">
    </CalculatedMember>
  </VirtualCube>
</Schema>
