<Schema name="NewWay" description="New Way">
  <Dimension type="StandardDimension" visible="true" highCardinality="false" name="endereco" caption="Endere&#231;o">
    <Hierarchy name="geo" visible="true" hasAll="true" allMemberName="todos" allMemberCaption="Todos" primaryKey="sk_endereco" caption="Geo">
      <Table name="endereco" schema="new_way">
      </Table>
      <Level name="localidade" visible="true" column="sk_endereco" nameColumn="localidade" type="Integer" internalType="int" uniqueMembers="true" levelType="Regular" hideMemberIf="Never" caption="Cidade">
      </Level>
      <Level name="Latitude" visible="true" column="sk_lat" nameColumn="lat" type="Integer" uniqueMembers="false" levelType="Regular" hideMemberIf="Never" caption="Latitude">
      </Level>
      <Level name="Longitude" visible="true" column="sk_lon" nameColumn="lon" type="Integer" uniqueMembers="false" levelType="Regular" hideMemberIf="Never" caption="Longitude">
      </Level>
    </Hierarchy>
    <Hierarchy name="pais" visible="true" hasAll="true" allMemberName="todos" allMemberCaption="Todos" primaryKey="sk_endereco" caption="Pais">
      <Table name="endereco" schema="new_way">
      </Table>
      <Level name="nome" visible="true" column="codpais" nameColumn="dscpais" type="Integer" internalType="int" uniqueMembers="false" levelType="Regular" hideMemberIf="Never" caption="Pais">
      </Level>
    </Hierarchy>
    <Hierarchy name="estado" visible="true" hasAll="true" allMemberName="todos" allMemberCaption="Todos" primaryKey="sk_endereco" caption="Estado (UF)">
      <Table name="endereco" schema="new_way">
      </Table>
      <Level name="nome" visible="true" column="codestado" nameColumn="dscestado" type="Integer" internalType="int" uniqueMembers="false" levelType="Regular" hideMemberIf="Never" caption="Estado (UF)">
      </Level>
    </Hierarchy>
    <Hierarchy name="municipio" visible="true" hasAll="true" allMemberName="todos" allMemberCaption="Todos" primaryKey="sk_endereco" caption="Munic&#237;pio">
      <Table name="endereco" schema="new_way">
      </Table>
      <Level name="nome" visible="true" column="dsccidade" nameColumn="dsccidade" type="String" internalType="String" uniqueMembers="false" levelType="Regular" hideMemberIf="Never" caption="Munic&#237;pio">
      </Level>
    </Hierarchy>
    <Hierarchy name="regiao" visible="true" hasAll="true" allMemberName="todos" allMemberCaption="Todos" primaryKey="sk_endereco" caption="Regi&#227;o">
      <Table name="endereco" schema="new_way">
      </Table>
      <Level name="nome" visible="true" column="dscregiao" nameColumn="dscregiao" type="String" internalType="String" uniqueMembers="false" levelType="Regular" hideMemberIf="Never" caption="Regi&#227;o">
      </Level>
    </Hierarchy>
  </Dimension>
  <Dimension type="TimeDimension" visible="true" highCardinality="false" name="time" caption="Data">
    <Hierarchy name="ano" visible="true" hasAll="true" allMemberName="todos" allMemberCaption="Todos" primaryKey="sk_tempo" caption="Ano">
      <Table name="tempo" schema="new_way">
      </Table>
      <Level name="ano" visible="true" column="ano" nameColumn="ano" type="Integer" internalType="int" uniqueMembers="false" levelType="TimeYears" hideMemberIf="Never" caption="Ano">
      </Level>
    </Hierarchy>
    <Hierarchy name="semetre" visible="true" hasAll="true" allMemberName="todos" allMemberCaption="Todos" primaryKey="sk_tempo" caption="Semestre">
      <Table name="tempo" schema="new_way">
      </Table>
      <Level name="semestre" visible="true" column="semestre" nameColumn="dscsemestre" type="Integer" internalType="int" uniqueMembers="false" levelType="TimeHalfYears" hideMemberIf="Never" caption="Semestre">
      </Level>
    </Hierarchy>
    <Hierarchy name="trimestre" visible="true" hasAll="true" allMemberName="todos" allMemberCaption="Todos" primaryKey="sk_tempo" caption="Trimestre">
      <Table name="tempo" schema="new_way">
      </Table>
      <Level name="trimestre" visible="true" column="trimestre" nameColumn="dsctrimestre" type="Integer" internalType="int" uniqueMembers="false" levelType="TimeQuarters" hideMemberIf="Never" caption="Trimestre">
      </Level>
    </Hierarchy>
    <Hierarchy name="mes" visible="true" hasAll="true" allMemberName="todos" allMemberCaption="Todos" primaryKey="sk_tempo" caption="M&#234;s">
      <Table name="tempo" schema="new_way">
      </Table>
      <Level name="mes" visible="true" column="mes" nameColumn="nome_mes" type="Integer" internalType="int" uniqueMembers="false" levelType="TimeMonths" hideMemberIf="Never" caption="M&#234;s">
      </Level>
    </Hierarchy>
    <Hierarchy name="quinzena" visible="true" hasAll="true" allMemberName="todos" allMemberCaption="Todos" primaryKey="sk_tempo" caption="Quinzena">
      <Table name="tempo" schema="new_way">
      </Table>
      <Level name="quinzena" visible="true" column="quinzena" nameColumn="dscquinzena" type="Integer" internalType="int" uniqueMembers="false" levelType="TimeUndefined" hideMemberIf="Never" caption="Quinzena">
      </Level>
    </Hierarchy>
    <Hierarchy name="semana" visible="true" hasAll="true" allMemberName="todos" allMemberCaption="Todos" primaryKey="sk_tempo" caption="Semana M&#234;s">
      <Table name="tempo" schema="new_way">
      </Table>
      <Level name="semana" visible="true" column="num_semana_mes" nameColumn="dscsemanames" type="Integer" internalType="int" uniqueMembers="false" levelType="TimeWeeks" hideMemberIf="Never" caption="Semana M&#234;s">
      </Level>
    </Hierarchy>
    <Hierarchy name="dia" visible="true" hasAll="true" allMemberName="todos" allMemberCaption="Todos" primaryKey="sk_tempo" caption="Dia">
      <Table name="tempo" schema="new_way">
      </Table>
      <Level name="dia" visible="true" column="dia" nameColumn="dia" type="Integer" internalType="int" uniqueMembers="false" levelType="TimeDays" hideMemberIf="Never" caption="Dia">
      </Level>
    </Hierarchy>
    <Hierarchy name="maskdia" visible="true" hasAll="true" allMemberName="todos" allMemberCaption="Todos" primaryKey="sk_tempo" caption="Data">
      <Table name="tempo" schema="new_way">
      </Table>
      <Level name="maskdia" visible="true" column="sk_tempo" nameColumn="ano_mes_dia" type="Integer" internalType="int" uniqueMembers="true" levelType="TimeDays" hideMemberIf="Never" caption="Data">
      </Level>
    </Hierarchy>
    <Hierarchy name="maskas" visible="true" hasAll="true" allMemberName="todos" allMemberCaption="Todos" primaryKey="sk_tempo" caption="Ano-Semestre">
      <Table name="tempo" schema="new_way">
      </Table>
      <Level name="maskas" visible="true" column="ano_semestre" nameColumn="ano_semestre" type="String" internalType="String" uniqueMembers="false" levelType="TimeHalfYears" hideMemberIf="Never" caption="Ano-Semestre">
      </Level>
    </Hierarchy>
    <Hierarchy name="maskaq" visible="true" hasAll="true" allMemberName="todos" allMemberCaption="Todos" primaryKey="sk_tempo" caption="Ano-Trimestre">
      <Table name="tempo" schema="new_way">
      </Table>
      <Level name="maskaq" visible="true" column="ano_trimestre" nameColumn="ano_trimestre" type="String" internalType="String" uniqueMembers="false" levelType="TimeQuarters" hideMemberIf="Never" caption="Ano-Trimestre">
      </Level>
    </Hierarchy>
    <Hierarchy name="maskam" visible="true" hasAll="true" allMemberName="todos" allMemberCaption="Todos" primaryKey="sk_tempo" caption="Ano-M&#234;s">
      <Table name="tempo" schema="new_way">
      </Table>
      <Level name="maskam" visible="true" column="ano_mes" nameColumn="ano_mes" type="String" internalType="String" uniqueMembers="false" levelType="TimeMonths" hideMemberIf="Never" caption="Ano-M&#234;s">
      </Level>
    </Hierarchy>
    <Hierarchy name="maskamz" visible="true" hasAll="true" allMemberName="todos" allMemberCaption="Todos" primaryKey="sk_tempo" caption="Ano-M&#234;s-Quinzena">
      <Table name="tempo" schema="new_way">
      </Table>
      <Level name="maskamz" visible="true" column="ano_mes_quinzena" nameColumn="ano_mes_quinzena" type="String" internalType="String" uniqueMembers="true" levelType="TimeUndefined" hideMemberIf="Never" caption="Ano-M&#234;s-Quinzena">
      </Level>
    </Hierarchy>
    <Hierarchy name="maskamw" visible="true" hasAll="true" allMemberName="todos" allMemberCaption="Todos" primaryKey="sk_tempo" caption="Ano-M&#234;s-Semana">
      <Table name="tempo" schema="new_way">
      </Table>
      <Level name="maskamw" visible="true" column="ano_mes_semana" nameColumn="ano_mes_semana" type="String" internalType="String" uniqueMembers="false" levelType="TimeWeeks" hideMemberIf="Never" caption="Ano-M&#234;s-Semana">
      </Level>
    </Hierarchy>
    <Hierarchy name="atmd" visible="false" hasAll="true" allMemberName="todos" allMemberCaption="Todos" primaryKey="sk_tempo" caption="Atmd Full">
      <Table name="tempo" schema="new_way">
      </Table>
      <Level name="ano" visible="true" column="ano" nameColumn="ano" type="Integer" internalType="int" uniqueMembers="false" levelType="TimeYears" hideMemberIf="Never" caption="Ano">
      </Level>
      <Level name="semestre" visible="true" column="semestre" nameColumn="dscsemestre" type="Integer" internalType="int" uniqueMembers="false" levelType="TimeHalfYears" hideMemberIf="Never" caption="Semestre">
      </Level>
      <Level name="trimestre" visible="true" column="trimestre" nameColumn="dsctrimestre" type="Integer" internalType="int" uniqueMembers="false" levelType="TimeQuarters" hideMemberIf="Never" caption="Trimestre">
      </Level>
      <Level name="mes" visible="true" column="mes" nameColumn="nome_mes" type="Integer" internalType="int" uniqueMembers="false" levelType="TimeMonths" hideMemberIf="Never" caption="M&#234;s">
      </Level>
      <Level name="quinzena" visible="true" column="quinzena" nameColumn="dscquinzena" type="Integer" internalType="int" uniqueMembers="false" levelType="TimeUndefined" hideMemberIf="Never" caption="Quinzena">
      </Level>
      <Level name="semana" visible="true" column="num_semana_mes" nameColumn="dscsemanames" type="Integer" internalType="int" uniqueMembers="false" levelType="TimeWeeks" hideMemberIf="Never" caption="Semana M&#234;s">
      </Level>
      <Level name="dia" visible="true" column="dia" nameColumn="dia" type="Integer" internalType="int" uniqueMembers="false" levelType="TimeDays" hideMemberIf="Never" caption="Dia">
      </Level>
    </Hierarchy>
  </Dimension>
  <Cube name="fatoLideranca" caption="Lideran&#231;a" visible="true" cache="true" enabled="true">
    <Table name="lideranca_colunar" schema="new_way">
    </Table>
    <DimensionUsage source="time" name="dataAtendimento" caption="Data Atendimento" visible="true" foreignKey="sk_tempo" highCardinality="false">
    </DimensionUsage>
    <DimensionUsage source="endereco" name="endereco" caption="Endereco" visible="true" foreignKey="sk_endereco" highCardinality="false">
    </DimensionUsage>
    <Dimension type="StandardDimension" visible="true" name="tipoOperador" caption="Tipo Operador">
      <Hierarchy visible="true" hasAll="true" caption="Tipo Operador">
        <Level name="descricao" visible="true" column="is_auto" nameColumn="is_auto" type="String" internalType="String" uniqueMembers="false" levelType="Regular" hideMemberIf="Never" caption="Tipo Operador">
        </Level>
      </Hierarchy>
    </Dimension>
    <Dimension type="StandardDimension" visible="true" name="empresa" caption="Empresa">
      <Hierarchy visible="true" hasAll="true" caption="Empresa">
        <Level name="descricao" visible="true" column="company_id" nameColumn="company_id" type="String" internalType="String" uniqueMembers="false" levelType="Regular" hideMemberIf="Never" caption="Empresa">
        </Level>
      </Hierarchy>
    </Dimension>
    <Dimension type="StandardDimension" visible="true" name="status" caption="Status">
      <Hierarchy visible="true" hasAll="true" caption="Status">
        <Level name="descricao" visible="true" column="status_id" nameColumn="status_id" type="String" internalType="String" uniqueMembers="false" levelType="Regular" hideMemberIf="Never" caption="Status">
        </Level>
      </Hierarchy>
    </Dimension>
    <Dimension type="StandardDimension" visible="true" name="setor" caption="Setor">
      <Hierarchy visible="true" hasAll="true" primaryKey="Setor">
        <Level name="descricao" visible="true" column="sector_id" nameColumn="sector_id" type="String" internalType="String" uniqueMembers="false" levelType="Regular" hideMemberIf="Never" caption="Setor">
        </Level>
      </Hierarchy>
    </Dimension>
    <Dimension type="StandardDimension" visible="true" name="canal" caption="Canal">
      <Hierarchy visible="true" hasAll="true" caption="Canal">
        <Level name="descricao" visible="true" column="channelable_type" nameColumn="channelable_type" type="String" internalType="String" uniqueMembers="false" levelType="Regular" hideMemberIf="Never" caption="Canal">
        </Level>
      </Hierarchy>
    </Dimension>
    <Dimension type="StandardDimension" visible="true" name="operador" caption="Operador">
      <Hierarchy visible="true" hasAll="true" caption="Operador">
        <Level name="nome" visible="true" column="name" nameColumn="name" type="String" internalType="String" uniqueMembers="false" levelType="Regular" hideMemberIf="Never" caption="Operador">
        </Level>
      </Hierarchy>
    </Dimension>
    <Dimension type="StandardDimension" visible="true" name="hora" caption="Hora">
      <Hierarchy visible="true" hasAll="true" caption="Hora">
        <Level name="descricao" visible="true" column="hora" nameColumn="hora" type="String" internalType="String" uniqueMembers="false" levelType="Regular" hideMemberIf="Never" caption="Hora">
        </Level>
      </Hierarchy>
    </Dimension>
    <Dimension type="StandardDimension" visible="true" name="turno" caption="Turno">
      <Hierarchy visible="true" hasAll="true" caption="Turno">
        <Level name="turno" visible="true" column="turno" nameColumn="turno" type="String" internalType="String" uniqueMembers="false" levelType="Regular" hideMemberIf="Never" caption="Turno">
        </Level>
      </Hierarchy>
    </Dimension>
    <Measure name="waiting_time_medium_metrica" column="waiting_time_medium_metrica" datatype="Numeric" formatString="#,##0.00" aggregator="avg" caption="TME" visible="true">
    </Measure>
    <Measure name="lead_time" column="lead_time" datatype="Numeric" formatString="#,##0.00" aggregator="avg" caption="TMA" visible="true">
    </Measure>
    <Measure name="qtdeatendimento" column="id" datatype="Numeric" formatString="#,##0.00" aggregator="distinct-count" caption="Qtde. Atendimentos" visible="true">
    </Measure>
    <Measure name="qtdecontatos" column="contact_id" datatype="Numeric" formatString="#,##0.00" aggregator="distinct-count" caption="Qtde. Contatos" visible="true">
    </Measure>
    <Measure name="conversao" column="conversao" datatype="Numeric" formatString="#,##0.00" aggregator="sum" caption="Convers&#227;o" visible="true">
    </Measure>
    <CalculatedMember name="percconversao" formatString="#,##0.00%" caption="% Convers&#227;o" formula="([Measures].[conversao]/[Measures].[qtdeatendimento])" dimension="Measures" visible="true">
    </CalculatedMember>
  </Cube>
</Schema>
