<Schema name="DW_GOCIL" description="Cat&#225;logo de Cubos">
  <Dimension type="TimeDimension" visible="true" highCardinality="false" name="Periodo" caption="Per&#237;odo Pedido Venda">
    <Hierarchy visible="true" hasAll="true" primaryKey="SK_TEMPO">
      <Table name="TEMPO" schema="dim">
      </Table>
      <Level name="Ano" visible="true" column="ANO" nameColumn="ANO" type="Integer" uniqueMembers="false" levelType="TimeYears" hideMemberIf="Never">
      </Level>
      <Level name="Mes" visible="true" column="MES" nameColumn="NOME_MES" type="Integer" uniqueMembers="false" levelType="TimeMonths" hideMemberIf="Never" caption="M&#234;s">
      </Level>
      <Level name="Dia" visible="true" column="SK_TEMPO" nameColumn="DIA" type="Integer" uniqueMembers="true" levelType="TimeDays" hideMemberIf="Never">
      </Level>
    </Hierarchy>
    <Hierarchy name="amdfull" visible="true" hasAll="true" primaryKey="SK_TEMPO">
      <Table name="TEMPO" schema="dim">
      </Table>
      <Level name="Ano" visible="true" column="ANO" nameColumn="ANO" type="Integer" uniqueMembers="false" levelType="TimeYears" hideMemberIf="Never">
      </Level>
      <Level name="Ano_Mes" visible="true" column="MES" nameColumn="ANO_MES_NOME" type="Integer" uniqueMembers="false" levelType="TimeMonths" hideMemberIf="Never" caption="Ano M&#234;s">
      </Level>
      <Level name="Dia" visible="true" column="DIA" nameColumn="ANO_MES_DIA" type="Integer" uniqueMembers="false" levelType="TimeDays" hideMemberIf="Never">
      </Level>
    </Hierarchy>
    <Hierarchy name="ano" visible="true" hasAll="true" primaryKey="SK_TEMPO">
      <Table name="TEMPO" schema="dim">
      </Table>
      <Level name="ano" visible="true" column="ANO" nameColumn="ANO" type="Integer" internalType="int" uniqueMembers="false" levelType="TimeYears" hideMemberIf="Never" caption="Ano">
      </Level>
    </Hierarchy>
    <Hierarchy name="mes" visible="true" hasAll="true" primaryKey="SK_TEMPO">
      <Table name="TEMPO" schema="dim">
      </Table>
      <Level name="mes" visible="true" column="MES" nameColumn="NOME_MES" type="Integer" internalType="int" uniqueMembers="false" levelType="TimeMonths" hideMemberIf="Never" caption="Mes">
      </Level>
    </Hierarchy>
    <Hierarchy name="dia" visible="true" hasAll="true" primaryKey="SK_TEMPO">
      <Table name="TEMPO" schema="dim">
      </Table>
      <Level name="dia" visible="true" column="SK_TEMPO" nameColumn="DIA" type="Integer" internalType="int" uniqueMembers="false" levelType="TimeDays" hideMemberIf="Never" caption="Dia">
      </Level>
    </Hierarchy>
  </Dimension>
  <Dimension type="StandardDimension" visible="true" highCardinality="false" name="Endereco" caption="Endereco">
    <Hierarchy visible="false" hasAll="true" allMemberName="Todos" allMemberCaption="Todos" primaryKey="sk_endereco" caption="Geo">
      <Table name="endereco" schema="dim">
      </Table>
      <Level name="pais" visible="true" column="codpais" nameColumn="dscpais" type="Integer" internalType="int" uniqueMembers="false" levelType="Regular" hideMemberIf="Never" caption="Pais">
      </Level>
      <Level name="regiao" visible="true" column="codregiao" nameColumn="dscregiao" type="Integer" internalType="int" uniqueMembers="false" levelType="Regular" hideMemberIf="Never" caption="Regiao">
      </Level>
      <Level name="estado" visible="true" column="codestado" nameColumn="sglestado" type="Integer" internalType="int" uniqueMembers="false" levelType="Regular" hideMemberIf="Never" caption="Estado">
      </Level>
      <Level name="cidade" visible="true" column="sk_endereco" nameColumn="dsccidade" type="Integer" internalType="int" uniqueMembers="true" levelType="Regular" hideMemberIf="Never" caption="Cidade">
      </Level>
    </Hierarchy>
    <Hierarchy name="Pais" visible="true" hasAll="true" allMemberName="Todos" allMemberCaption="Todos" primaryKey="sk_endereco" caption="Pa&#237;s">
      <Table name="endereco" schema="dim">
      </Table>
      <Level name="pais" visible="true" column="codpais" nameColumn="dscpais" type="Integer" internalType="int" uniqueMembers="false" levelType="Regular" hideMemberIf="Never" caption="Pa&#237;s">
      </Level>
    </Hierarchy>
    <Hierarchy name="Regiao" visible="true" hasAll="true" allMemberName="Todos" allMemberCaption="Todos" primaryKey="sk_endereco" caption="Regi&#227;o">
      <Table name="endereco" schema="dim">
      </Table>
      <Level name="regiao" visible="true" column="codregiao" nameColumn="dscregiao" type="Integer" internalType="int" uniqueMembers="false" levelType="Regular" hideMemberIf="Never" caption="Regi&#227;o">
      </Level>
    </Hierarchy>
    <Hierarchy name="Estado" visible="true" hasAll="true" allMemberName="Todos" allMemberCaption="Todos" primaryKey="sk_endereco" caption="Estado">
      <Table name="endereco" schema="dim">
      </Table>
      <Level name="estado" visible="true" column="codestado" nameColumn="dscestado" type="Integer" internalType="int" uniqueMembers="false" levelType="Regular" hideMemberIf="Never" caption="Estado">
      </Level>
    </Hierarchy>
    <Hierarchy name="Municipio" visible="true" hasAll="true" allMemberName="Todos" allMemberCaption="Todos" primaryKey="sk_endereco" caption="Munic&#237;pio">
      <Table name="endereco" schema="dim">
      </Table>
      <Level name="cidade" visible="true" column="sk_endereco" nameColumn="dsccidade" type="Integer" internalType="int" uniqueMembers="true" levelType="Regular" hideMemberIf="Never" caption="Cidade">
      </Level>
    </Hierarchy>
    <Hierarchy name="sigla" visible="false" hasAll="true" allMemberName="Todos" allMemberCaption="Todos" primaryKey="sk_endereco" caption="Sigla UF.">
      <Table name="endereco" schema="dim">
      </Table>
      <Level name="sigla" visible="true" column="codestado" nameColumn="sglestado" type="Integer" internalType="int" uniqueMembers="false" levelType="Regular" hideMemberIf="Never" caption="Sigla UF.">
      </Level>
      <Level name="cidade" visible="true" column="sk_endereco" nameColumn="dsccidade" type="Integer" internalType="int" uniqueMembers="false" levelType="Regular" hideMemberIf="Never" caption="Cidade">
      </Level>
      <Level name="Latitude" visible="true" column="sk_lat" nameColumn="lat" type="Integer" internalType="int" uniqueMembers="false" levelType="Regular" hideMemberIf="Never" caption="Latitude">
      </Level>
      <Level name="Longitude" visible="true" column="sk_lon" nameColumn="lon" type="Integer" internalType="int" uniqueMembers="false" levelType="Regular" hideMemberIf="Never" caption="Longitude">
      </Level>
    </Hierarchy>
  </Dimension>
  <Dimension type="StandardDimension" visible="true" highCardinality="false" name="Banco" caption="Banco">
    <Hierarchy visible="true" hasAll="true" allMemberName="Total" allMemberCaption="Todos" primaryKey="SK_BANCO">
      <Table name="BANCO" schema="dim">
      </Table>
      <Level name="Banco" visible="true" column="CODBANCO" nameColumn="NMBANCO" type="String" internalType="String" uniqueMembers="false" levelType="Regular" hideMemberIf="Never" caption="Banco">
      </Level>
      <Level name="Ag&#234;ncia" visible="true" column="CODAGENCIA" nameColumn="NMAGENCIA" type="String" internalType="String" uniqueMembers="false" levelType="Regular" hideMemberIf="Never" caption="Ag&#234;ncia" description="Ag">
      </Level>
      <Level name="Conta" visible="true" column="SK_BANCO" nameColumn="DSCCONTA" type="Integer" internalType="int" uniqueMembers="true" levelType="Regular" hideMemberIf="Never" caption="Conta">
      </Level>
    </Hierarchy>
    <Hierarchy name="Tipo" visible="true" hasAll="true" allMemberName="todos" allMemberCaption="Todos" primaryKey="SK_BANCO">
      <Table name="BANCO" schema="dim">
      </Table>
      <Level name="Tipo" visible="true" column="DSCTIPO" nameColumn="DSCTIPO" type="String" internalType="String" uniqueMembers="true" levelType="Regular" hideMemberIf="Never" caption="Tipo">
      </Level>
    </Hierarchy>
  </Dimension>
  <Dimension type="StandardDimension" visible="true" highCardinality="false" name="Carteira" caption="Carteira">
    <Hierarchy visible="true" hasAll="true" allMemberName="todos" allMemberCaption="Todos" primaryKey="SK_CARTEIRA">
      <Table name="CARTEIRA" schema="dim">
      </Table>
      <Level name="Carteira" visible="true" column="SK_CARTEIRA" nameColumn="DSCCARTEIRA" type="Integer" internalType="int" uniqueMembers="true" levelType="Regular" hideMemberIf="Never" caption="Carteira">
      </Level>
    </Hierarchy>
  </Dimension>
  <Dimension type="StandardDimension" visible="true" highCardinality="false" name="Centro Custo" caption="Centro Custo">
    <Hierarchy visible="true" hasAll="true" allMemberName="todos" allMemberCaption="Todos" primaryKey="SK_CENTROCUSTO">
      <Table name="CENTROCUSTO" schema="dim">
      </Table>
      <Level name="Linha Servi&#231;o" visible="true" column="CODLINHASERVIC" nameColumn="DSCLINHASERVIC" type="String" internalType="String" uniqueMembers="false" levelType="Regular" hideMemberIf="Never" caption="Linha Servi&#231;o">
      </Level>
      <Level name="Cliente" visible="true" column="CODCLIENTE" nameColumn="DSCCLIENTE" type="String" internalType="String" uniqueMembers="false" levelType="Regular" hideMemberIf="Never" caption="Cliente">
      </Level>
      <Level name="Contrato" visible="true" column="CODCONTRATO" nameColumn="DSCCONTRATO" type="String" internalType="String" uniqueMembers="false" levelType="Regular" hideMemberIf="Never" caption="Contrato">
      </Level>
      <Level name="Posto Servi&#231;o" visible="true" column="SK_CENTROCUSTO" nameColumn="DSCPOSTOSERV" type="Integer" internalType="int" uniqueMembers="true" levelType="Regular" hideMemberIf="Never" caption="Posto Servi&#231;o">
      </Level>
    </Hierarchy>
    <Hierarchy name="Linha Servi&#231;o" visible="true" hasAll="true" allMemberName="todos" allMemberCaption="Todos" primaryKey="SK_CENTROCUSTO" caption="Linha Servi&#231;o">
      <Table name="CENTROCUSTO" schema="dim">
      </Table>
      <Level name="Linha Servi&#231;o" visible="true" column="CODLINHASERVIC" nameColumn="DSCLINHASERVIC" type="String" internalType="String" uniqueMembers="true" levelType="Regular" hideMemberIf="Never" caption="Linha Servi&#231;o">
      </Level>
    </Hierarchy>
  </Dimension>
  <Dimension type="StandardDimension" visible="true" highCardinality="false" name="Coligada" caption="Coligada">
    <Hierarchy visible="true" hasAll="true" allMemberName="TOTAL" allMemberCaption="Todos" primaryKey="SK_COLIGADA">
      <Table name="COLIGADA" schema="dim">
      </Table>
      <Level name="Coligada" visible="true" column="CODCOLIGADA" nameColumn="FANTCOLIGADA" type="String" internalType="String" uniqueMembers="false" levelType="Regular" hideMemberIf="Never" caption="Coligada">
      </Level>
      <Level name="Filial" visible="true" column="SK_COLIGADA" nameColumn="FANTFILIAL" type="Integer" internalType="int" uniqueMembers="true" levelType="Regular" hideMemberIf="Never" caption="Filial">
      </Level>
    </Hierarchy>
    <Hierarchy name="Coligada Only" visible="true" hasAll="true" allMemberName="todos" allMemberCaption="Todos" primaryKey="SK_COLIGADA">
      <Table name="COLIGADA" schema="dim">
      </Table>
      <Level name="Coligada" visible="true" column="CODCOLIGADA" nameColumn="FANTCOLIGADA" type="String" internalType="String" uniqueMembers="true" levelType="Regular" hideMemberIf="Never" caption="Coligada">
      </Level>
    </Hierarchy>
    <Hierarchy name="Filiais" visible="true" hasAll="true" allMemberName="todos" allMemberCaption="Todos" primaryKey="SK_COLIGADA">
      <Table name="COLIGADA" schema="dim">
      </Table>
      <Level name="Filial" visible="true" column="NMFILIALCIDADE" nameColumn="NMFILIALCIDADE" type="String" internalType="String" uniqueMembers="true" levelType="Regular" hideMemberIf="Never" caption="Filial">
      </Level>
    </Hierarchy>
  </Dimension>
  <Dimension type="TimeDimension" visible="true" highCardinality="false" name="Per&#237;odo" caption="Per&#237;odo">
    <Hierarchy visible="true" hasAll="true" allMemberName="todos" allMemberCaption="Todos" primaryKey="SK_TEMPO">
      <Table name="TEMPO" schema="dim">
      </Table>
      <Level name="Ano" visible="true" column="ANO" nameColumn="ANO" type="Integer" internalType="int" uniqueMembers="false" levelType="TimeYears" hideMemberIf="Never" caption="Ano">
      </Level>
      <Level name="M&#234;s" visible="true" column="MES" nameColumn="NOME_MES" type="Integer" internalType="int" uniqueMembers="false" levelType="TimeMonths" hideMemberIf="Never" caption="M&#234;s">
      </Level>
      <Level name="Dia" visible="true" column="SK_TEMPO" nameColumn="DIA" type="Integer" internalType="int" uniqueMembers="true" levelType="TimeDays" hideMemberIf="Never" caption="Dia">
      </Level>
    </Hierarchy>
    <Hierarchy name="amdfull" visible="true" hasAll="true" primaryKey="SK_TEMPO">
      <Table name="TEMPO" schema="dim">
      </Table>
      <Level name="Ano" visible="true" column="ANO" nameColumn="ANO" type="Integer" uniqueMembers="false" levelType="TimeYears" hideMemberIf="Never">
      </Level>
      <Level name="Ano M&#234;s" visible="true" column="MES" nameColumn="ANO_MES_NOME" type="Integer" uniqueMembers="false" levelType="TimeMonths" hideMemberIf="Never" caption="Ano M&#234;s">
      </Level>
      <Level name="Dia" visible="true" column="DIA" nameColumn="ANO_MES_DIA" type="Integer" uniqueMembers="false" levelType="TimeDays" hideMemberIf="Never">
      </Level>
    </Hierarchy>
    <Hierarchy name="ano" visible="true" hasAll="true" primaryKey="SK_TEMPO">
      <Table name="TEMPO" schema="dim">
      </Table>
      <Level name="ano" visible="true" column="ANO" nameColumn="ANO" type="Integer" internalType="int" uniqueMembers="false" levelType="TimeYears" hideMemberIf="Never" caption="Ano">
      </Level>
    </Hierarchy>
    <Hierarchy name="Meses" visible="true" hasAll="true" primaryKey="SK_TEMPO">
      <Table name="TEMPO" schema="dim">
      </Table>
      <Level name="M&#234;s" visible="true" column="MES" nameColumn="NOME_MES" type="Integer" internalType="int" uniqueMembers="false" levelType="TimeMonths" hideMemberIf="Never" caption="M&#234;s">
      </Level>
    </Hierarchy>
    <Hierarchy name="diario" visible="true" hasAll="true" primaryKey="SK_TEMPO">
      <Table name="TEMPO" schema="dim">
      </Table>
      <Level name="diario" visible="true" column="DIA" nameColumn="DIA" type="Integer" internalType="int" uniqueMembers="false" levelType="TimeDays" hideMemberIf="Never" caption="Diario">
      </Level>
    </Hierarchy>
    <Hierarchy name="amd" visible="false" hasAll="true" primaryKey="SK_TEMPO">
      <Table name="TEMPO" schema="dim">
      </Table>
      <Level name="Dia" visible="false" column="SK_TEMPO" nameColumn="ANO_MES_DIA" type="Integer" uniqueMembers="true" levelType="TimeDays" hideMemberIf="Never">
      </Level>
    </Hierarchy>
  </Dimension>
  <Dimension type="StandardDimension" visible="true" highCardinality="false" name="Conta" caption="Conta">
    <Hierarchy visible="true" hasAll="true" allMemberName="todos" allMemberCaption="Todos" primaryKey="SK_CONTA">
      <Table name="CONTA" schema="dim">
      </Table>
      <Level name="Tipo" visible="true" column="CODTIPO" nameColumn="DSCTIPO" type="String" internalType="String" uniqueMembers="false" levelType="Regular" hideMemberIf="Never" caption="Tipo">
      </Level>
      <Level name="Sub Conta" visible="true" column="CODSUBCONTA" nameColumn="DSCSUBCONTA" type="String" internalType="String" uniqueMembers="false" levelType="Regular" hideMemberIf="Never" caption="Sub Conta">
      </Level>
      <Level name="Conta" visible="true" column="SK_CONTA" nameColumn="DSCCONTA" type="Integer" internalType="int" uniqueMembers="true" levelType="Regular" hideMemberIf="Never" caption="Conta">
      </Level>
    </Hierarchy>
    <Hierarchy name="Agrupamento" visible="true" hasAll="true" allMemberName="todos" allMemberCaption="Todos" primaryKey="SK_CONTA">
      <Table name="CONTA" schema="dim">
      </Table>
      <Level name="Agrupamento" visible="true" column="DSCAGRUPAMENTO" nameColumn="DSCAGRUPAMENTO" type="String" internalType="String" uniqueMembers="false" levelType="Regular" hideMemberIf="Never" caption="Agrupamento">
      </Level>
      <Level name="Conta" visible="true" column="SK_CONTA" nameColumn="DSCCONTA" type="Integer" internalType="int" uniqueMembers="true" levelType="Regular" hideMemberIf="Never" caption="Conta">
      </Level>
    </Hierarchy>
  </Dimension>
  <Dimension type="StandardDimension" visible="true" highCardinality="false" name="Departamento" caption="Departamento">
    <Hierarchy visible="true" hasAll="true" allMemberName="todos" allMemberCaption="Todos" primaryKey="SK_DEPARTAMENTO">
      <Table name="DEPARTAMENTO" schema="dim">
      </Table>
      <Level name="Departamento" visible="true" column="SK_DEPARTAMENTO" nameColumn="DSCDEPARTAMENTO" type="Integer" internalType="int" uniqueMembers="true" levelType="Regular" hideMemberIf="Never" caption="Departamento">
      </Level>
    </Hierarchy>
  </Dimension>
  <Dimension type="StandardDimension" visible="true" highCardinality="false" name="Fornecedor / Cliente" caption="Fornecedor / Cliente">
    <Hierarchy visible="true" hasAll="true" allMemberName="Total" allMemberCaption="Todos" primaryKey="SK_FORN">
      <Table name="FORCLI" schema="dim">
      </Table>
      <Level name="Tipo" visible="true" column="CODTIPO" nameColumn="DSCTIPO" type="String" internalType="String" uniqueMembers="false" levelType="Regular" hideMemberIf="Never" caption="Tipo">
      </Level>
      <Level name="Fornecedor / Cliente" visible="true" column="SK_FORN" nameColumn="FANTFORN" type="Integer" internalType="int" uniqueMembers="true" levelType="Regular" hideMemberIf="Never" caption="Fornecedor / Cliente">
      </Level>
    </Hierarchy>
    <Hierarchy name="Nome" visible="true" hasAll="true" allMemberName="todos" allMemberCaption="Todos" primaryKey="SK_FORN">
      <Table name="FORCLI" schema="dim">
      </Table>
      <Level name="nome" visible="true" column="FANTFORN" nameColumn="FANTFORN" type="String" internalType="String" uniqueMembers="false" levelType="Regular" hideMemberIf="Never" caption="Nome">
      </Level>
    </Hierarchy>
    <Hierarchy name="grupo" visible="true" hasAll="true" allMemberName="todos" allMemberCaption="todos" primaryKey="SK_FORN">
      <Table name="FORCLI" schema="dim">
      </Table>
      <Level name="grupo" visible="true" column="GRUPO" nameColumn="DSCGRUPO" type="String" internalType="String" uniqueMembers="false" levelType="Regular" hideMemberIf="Never" caption="Grupo">
      </Level>
    </Hierarchy>
  </Dimension>
  <Dimension type="StandardDimension" visible="true" highCardinality="false" name="Tipo Movimento" caption="Tipo Movimento">
    <Hierarchy visible="true" hasAll="true" allMemberName="todos" allMemberCaption="Todos" primaryKey="SK_TIPOMOV">
      <Table name="TIPOMOV" schema="dim">
      </Table>
      <Level name="Tipo Movimento" visible="true" column="SK_TIPOMOV" nameColumn="DSCTIPOMOV" type="Integer" internalType="int" uniqueMembers="true" levelType="Regular" hideMemberIf="Never" caption="Tipo Movimento">
      </Level>
    </Hierarchy>
  </Dimension>
  <Dimension type="StandardDimension" visible="true" highCardinality="false" name="Cen&#225;rio" caption="Cen&#225;rio">
    <Hierarchy visible="true" hasAll="true" allMemberName="todos" allMemberCaption="Todos" primaryKey="SK_CENARIO">
      <Table name="CENARIO" schema="dim">
      </Table>
      <Level name="Cen&#225;rio" visible="true" column="SK_CENARIO" nameColumn="DSCCENARIO" type="Integer" internalType="int" uniqueMembers="true" levelType="Regular" hideMemberIf="Never" caption="Cen&#225;rio">
      </Level>
    </Hierarchy>
  </Dimension>
  <Dimension type="StandardDimension" visible="true" highCardinality="false" name="Grupo" caption="Grupo">
    <Hierarchy name="default" visible="true" hasAll="true" allMemberName="todos" allMemberCaption="Todos" primaryKey="SK_GRUPO">
      <Table name="GRUPO" schema="dim">
      </Table>
      <Level name="grupo" visible="true" column="DSCTIPO" nameColumn="DSCTIPO" type="String" internalType="String" uniqueMembers="false" levelType="Regular" hideMemberIf="Never" caption="Grupo">
      </Level>
    </Hierarchy>
  </Dimension>
  <Dimension type="StandardDimension" visible="true" highCardinality="false" name="Contrato" caption="Contrato">
    <Hierarchy name="contrato" visible="true" hasAll="true" allMemberName="todos" allMemberCaption="Todos" primaryKey="SK_CONTRATO">
      <Table name="CONTRATO" schema="dim">
      </Table>
      <Level name="contrato" visible="true" column="SK_CONTRATO" nameColumn="NOME " type="Integer" internalType="int" uniqueMembers="true" levelType="Regular" hideMemberIf="Never" caption="Descricao do Contrato">
      </Level>
    </Hierarchy>
    <Hierarchy name="Tipo Contrato" visible="true" hasAll="true" allMemberName="todos" allMemberCaption="Todos" primaryKey="SK_CONTRATO">
      <Table name="CONTRATO" schema="dim">
      </Table>
      <Level name="Tipo Contrato" visible="true" column="DSCTCN" nameColumn="DSCTCN" type="String" internalType="String" uniqueMembers="true" levelType="Regular" hideMemberIf="Never" caption="Tipo de Contrato">
      </Level>
    </Hierarchy>
    <Hierarchy name="Saving" visible="true" hasAll="true" allMemberName="todos" allMemberCaption="Todos" primaryKey="SK_CONTRATO">
      <Table name="CONTRATO" schema="dim">
      </Table>
      <Level name="Saving" visible="true" column="SAVING " nameColumn="SAVING " type="Numeric" internalType="int" uniqueMembers="true" levelType="Regular" hideMemberIf="Never" caption="Saving">
      </Level>
    </Hierarchy>
    <Hierarchy name="idContrato" visible="true" hasAll="true" allMemberName="todos" allMemberCaption="todos" primaryKey="SK_CONTRATO">
      <Table name="CONTRATO" schema="dim">
      </Table>
      <Level name="idContrato" visible="true" column="IDCNT " nameColumn="IDCNT " type="Integer" internalType="int" uniqueMembers="false" levelType="Regular" hideMemberIf="Never" caption="Id Contrato">
      </Level>
    </Hierarchy>
    <Hierarchy name="codContrato" visible="true" hasAll="true" allMemberName="todos" allMemberCaption="todos" primaryKey="SK_CONTRATO">
      <Table name="CONTRATO" schema="dim">
      </Table>
      <Level name="codContrato" visible="true" column="CODTCN" nameColumn="CODTCN" type="String" internalType="String" uniqueMembers="false" levelType="Regular" hideMemberIf="Never" caption="Cod. Contrato">
      </Level>
    </Hierarchy>
  </Dimension>
  <Dimension type="StandardDimension" visible="true" highCardinality="false" name="Tipo Contrato" caption="Tipo Contrato">
    <Hierarchy name="TipoContrato" visible="true" hasAll="true" allMemberName="todos" allMemberCaption="Todos" primaryKey="SK_TPCONTRATO">
      <Table name="TPCONTRATO" schema="dim">
      </Table>
      <Level name="TipoContrato" visible="true" column="SK_TPCONTRATO" nameColumn="DESCRICAO" type="Integer" internalType="int" uniqueMembers="true" levelType="Regular" hideMemberIf="Never" caption="Descricao do Tipo">
      </Level>
    </Hierarchy>
  </Dimension>
  <Dimension type="StandardDimension" visible="true" highCardinality="false" name="Faixa de Vencimento" caption="Faixa de Vencimento">
    <Hierarchy name="Faixa de Vencimento" visible="true" hasAll="true" allMemberName="todos" allMemberCaption="Todos" primaryKey="SK_FAIXAVENC">
      <Table name="FAIXAVENC" schema="dim">
      </Table>
      <Level name="Faixa de Vencimento" visible="true" column="SK_FAIXAVENC" nameColumn="DSCFAIXAVENC" type="Integer" internalType="int" uniqueMembers="true" levelType="Regular" hideMemberIf="Never" caption="Descricao da faixa">
      </Level>
    </Hierarchy>
  </Dimension>
  <Dimension type="StandardDimension" visible="true" highCardinality="false" name="Faixa de Vigencia" caption="Faixa de Vigencia">
    <Hierarchy name="Faixa de Vigencia" visible="true" hasAll="true" allMemberName="todos" allMemberCaption="Todos" primaryKey="SK_FAIXAVIG">
      <Table name="FAIXAVIG" schema="dim">
      </Table>
      <Level name="Faixa de Vigencia" visible="true" column="SK_FAIXAVIG" nameColumn="DSCFAIXAVIG" type="Integer" internalType="int" uniqueMembers="true" levelType="Regular" hideMemberIf="Never" caption="Descricao da Faixa de Vigencia">
      </Level>
    </Hierarchy>
  </Dimension>
  <Dimension type="StandardDimension" visible="true" highCardinality="false" name="Produto" caption="Produto">
    <Hierarchy name="Produto" visible="true" hasAll="true" allMemberName="todos" allMemberCaption="Todos" primaryKey="SK_PRODUTO">
      <Table name="PRODUTO" schema="dim">
      </Table>
      <Level name="Produto" visible="true" column="DSCPRODUTO" nameColumn="DSCPRODUTO" type="String" internalType="String" uniqueMembers="true" levelType="Regular" hideMemberIf="Never" caption="Descricao Produto">
      </Level>
    </Hierarchy>
    <Hierarchy name="grupo" visible="true" hasAll="true" allMemberName="todos" allMemberCaption="Todos" primaryKey="SK_PRODUTO">
      <Table name="PRODUTO" schema="dim">
      </Table>
      <Level name="Grupo" visible="true" column="DSCGRUPO" nameColumn="DSCGRUPO" type="String" internalType="String" uniqueMembers="true" levelType="Regular" hideMemberIf="Never" caption="Descricao Grupo">
      </Level>
    </Hierarchy>
    <Hierarchy name="categoria" visible="true" hasAll="true" allMemberName="todos" allMemberCaption="Todos" primaryKey="SK_PRODUTO">
      <Table name="PRODUTO" schema="dim">
      </Table>
      <Level name="Categoria" visible="true" column="CODCATEGORIA" nameColumn="DSCCATEGORIA" type="String" internalType="String" uniqueMembers="true" levelType="Regular" hideMemberIf="Never" caption="Descricao Categoria">
      </Level>
    </Hierarchy>
    <Hierarchy name="tipo" visible="true" hasAll="true" allMemberName="todos" allMemberCaption="Todos" primaryKey="SK_PRODUTO">
      <Table name="PRODUTO" schema="dim">
      </Table>
      <Level name="Tipo" visible="true" column="CODTIPO" nameColumn="DSCTIPO" type="String" internalType="String" uniqueMembers="true" levelType="Regular" hideMemberIf="Never" caption="Descricao Tipo">
      </Level>
    </Hierarchy>
  </Dimension>
  <Dimension type="StandardDimension" visible="true" highCardinality="false" name="faixaResposta">
    <Hierarchy visible="true" hasAll="true" allMemberName="todos" allMemberCaption="Todos" primaryKey="SK_FAIXARESP">
      <Table name="FAIXARESP" schema="dim">
      </Table>
      <Level name="faixaResposta" visible="true" column="SK_FAIXARESP" nameColumn="DSCFAIXARESP" type="Integer" internalType="int" uniqueMembers="true" levelType="Regular" hideMemberIf="Never" caption="Faixa de resposta">
      </Level>
    </Hierarchy>
  </Dimension>
  <Dimension type="StandardDimension" visible="true" highCardinality="false" name="statusFaturamento" caption="Status Faturamento">
    <Hierarchy name="default" visible="true" hasAll="true" allMemberName="todos" allMemberCaption="todos" primaryKey="SK_STATUSFATURAMENTO">
      <Table name="STATUSFATURAMENTO" schema="dim">
      </Table>
      <Level name="statusFaturamento" visible="true" column="SK_STATUSFATURAMENTO" nameColumn="DSCSTATUSFATURAMENTO" type="Integer" internalType="int" uniqueMembers="false" levelType="Regular" hideMemberIf="Never" caption="Status Faturamento">
      </Level>
    </Hierarchy>
  </Dimension>
  <Dimension type="StandardDimension" visible="true" highCardinality="false" name="statusSolicitacao" caption="Status Solicitacao">
    <Hierarchy name="default" visible="true" hasAll="true" allMemberName="todos" allMemberCaption="todos">
      <Table name="STATUSSOLICITACAO" schema="dim">
      </Table>
      <Level name="statusSolicitacao" visible="true" column="SK_STATUSSOLICITACAO" nameColumn="DSCSTATUSSOLICITACAO" type="Integer" internalType="int" uniqueMembers="false" levelType="Regular" hideMemberIf="Never" caption="Status Solicitacao">
      </Level>
    </Hierarchy>
  </Dimension>
  <Dimension type="StandardDimension" visible="true" highCardinality="false" name="tipoOrgao">
    <Hierarchy name="default" visible="true" hasAll="true" primaryKey="SK_TIPOORGAO">
      <Table name="TIPOORGAO" schema="dim">
      </Table>
      <Level name="tipoOrgao" visible="true" column="SK_TIPOORGAO" nameColumn="DSCTIPOORGAO" type="Integer" internalType="int" uniqueMembers="false" levelType="Regular" hideMemberIf="Never" caption="Tipo Orgao">
      </Level>
    </Hierarchy>
  </Dimension>
  <Dimension type="StandardDimension" visible="true" highCardinality="false" name="grupoFaturamento">
    <Hierarchy visible="true" hasAll="true" primaryKey="SK_GRUPOFATURAMENTO">
      <Table name="GRUPOFATURAMENTO" schema="dim">
      </Table>
      <Level name="grupoFaturamento" visible="true" column="DSCGRUPOFATURAMENTO" nameColumn="DSCGRUPOFATURAMENTO" type="String" internalType="String" uniqueMembers="false" levelType="Regular" hideMemberIf="Never" caption="Grupo Faturamento">
      </Level>
    </Hierarchy>
  </Dimension>
  <Dimension type="StandardDimension" visible="true" name="nota">
    <Hierarchy visible="true" hasAll="true" primaryKey="SK_NOTA">
      <Table name="NOTA" schema="dim" alias="">
      </Table>
      <Level name="nota" visible="true" column="SK_NOTA" nameColumn="DSCNOTA" type="Integer" internalType="int" uniqueMembers="false" levelType="Regular" hideMemberIf="Never" caption="Nota">
      </Level>
    </Hierarchy>
  </Dimension>
  <Cube name="Checklist" caption="Supervis&#227;o de Servi&#231;os" visible="true" cache="true" enabled="true">
    <Table name="FACT_CHECKLIST" schema="fato">
    </Table>
    <Dimension type="StandardDimension" visible="true" highCardinality="false" name="Turno">
      <Hierarchy visible="true" hasAll="true">
        <Level name="turno" visible="true" column="turno" nameColumn="turno" ordinalColumn="ordenacaoturno" type="String" internalType="String" uniqueMembers="false" levelType="Regular" hideMemberIf="Never" caption="Turno">
        </Level>
      </Hierarchy>
    </Dimension>
    <DimensionUsage source="Periodo" name="Periodo" caption="Data do Checklist" visible="true" foreignKey="sk_tempo" highCardinality="false">
    </DimensionUsage>
    <Dimension type="StandardDimension" visible="true" highCardinality="false" name="Horario" caption="Hor&#225;rio">
      <Hierarchy visible="true" hasAll="true">
        <Level name="horario" visible="true" column="horario" nameColumn="horario" type="String" internalType="String" uniqueMembers="false" levelType="Regular" hideMemberIf="Never" caption="Hor&#225;rio">
        </Level>
      </Hierarchy>
    </Dimension>
    <Dimension type="StandardDimension" visible="true" highCardinality="false" name="Cliente">
      <Hierarchy visible="true" hasAll="true">
        <Level name="nome" visible="true" column="cliente" nameColumn="cliente" type="String" internalType="String" uniqueMembers="false" levelType="Regular" hideMemberIf="Never" caption="Nome">
        </Level>
      </Hierarchy>
    </Dimension>
    <Dimension type="StandardDimension" visible="true" highCardinality="false" name="Local">
      <Hierarchy visible="true" hasAll="true">
        <Level name="local" visible="true" column="local" nameColumn="local" type="String" internalType="String" uniqueMembers="false" levelType="Regular" hideMemberIf="Never" caption="Local">
        </Level>
      </Hierarchy>
    </Dimension>
    <Dimension type="StandardDimension" visible="true" highCardinality="false" name="Supervisor">
      <Hierarchy visible="true" hasAll="true">
        <Level name="nome" visible="true" column="supervisor" nameColumn="supervisor" type="String" internalType="String" uniqueMembers="false" levelType="Regular" hideMemberIf="Never" caption="Nome">
        </Level>
      </Hierarchy>
    </Dimension>
    <Dimension type="StandardDimension" visible="true" highCardinality="false" name="Item">
      <Hierarchy visible="true" hasAll="true">
        <Level name="descricao" visible="true" column="item" nameColumn="item" type="String" internalType="String" uniqueMembers="false" levelType="Regular" hideMemberIf="Never" caption="Descri&#231;&#227;o">
        </Level>
      </Hierarchy>
    </Dimension>
    <Dimension type="StandardDimension" visible="true" highCardinality="false" name="Status">
      <Hierarchy visible="true" hasAll="true">
        <Level name="descricao" visible="true" column="status" nameColumn="status" ordinalColumn="ordenacaostatus" type="String" internalType="String" uniqueMembers="false" levelType="Regular" hideMemberIf="Never" caption="Descri&#231;&#227;o">
        </Level>
      </Hierarchy>
    </Dimension>
    <Dimension type="StandardDimension" visible="true" highCardinality="false" name="Acao">
      <Hierarchy visible="true" hasAll="true">
        <Level name="descricao" visible="true" column="acao" nameColumn="acao" type="String" internalType="String" uniqueMembers="false" levelType="Regular" hideMemberIf="Never" caption="A&#231;&#227;o Tomada">
        </Level>
      </Hierarchy>
    </Dimension>
    <Measure name="qtde" column="qtde" datatype="Integer" formatString="#,##0.00" aggregator="sum" caption="Quantidade Itens" visible="false">
    </Measure>
    <Measure name="otimo" column="otimo" datatype="Integer" formatString="#,##0.00" aggregator="sum" caption="&#211;timo" visible="true">
    </Measure>
    <Measure name="bom" column="bom" datatype="Integer" formatString="#,##0.00" aggregator="sum" caption="Bom" visible="true">
    </Measure>
    <Measure name="regular" column="regular" datatype="Integer" formatString="#,##0.00" aggregator="sum" caption="Regular" visible="true">
    </Measure>
    <Measure name="ruim" column="ruim" datatype="Integer" formatString="#,##0.00" aggregator="sum" caption="Ruim" visible="true">
    </Measure>
    <Measure name="intervalohoras" column="intervalo_horas" datatype="Numeric" formatString="#,##0.00" aggregator="avg" caption="Intervalos entre Checks. (horas)" visible="true">
    </Measure>
    <Measure name="qtdedia" column="sk_tempo" datatype="Integer" formatString="#,##0.00" aggregator="distinct count" visible="false">
    </Measure>
    <Measure name="qtdehora" column="horario" datatype="Integer" formatString="#,##0.00" aggregator="distinct count" visible="false">
    </Measure>
    <Measure name="qtdechecks" column="idchecklist" datatype="Integer" formatString="#,##0.00" aggregator="distinct-count" caption="Quantidade Checks" visible="true">
    </Measure>
    <CalculatedMember name="mediacheckdia" formatString="#,##0.00" caption="M&#233;dia Checks Dia" formula="[Measures].[qtdechecks]/[Measures].[qtdedia]" dimension="Measures" visible="true">
    </CalculatedMember>
  </Cube>
  <Cube name="Fluxo de Caixa" visible="true" cache="false" enabled="true">
    <Table name="fact_fluxocaixa" schema="fato">
    </Table>
    <DimensionUsage source="Banco" name="Banco" caption="Banco" visible="true" foreignKey="SK_BANCO" highCardinality="false">
    </DimensionUsage>
    <DimensionUsage source="Carteira" name="Carteira" caption="Carteira" visible="true" foreignKey="SK_CARTEIRA" highCardinality="false">
    </DimensionUsage>
    <DimensionUsage source="Centro Custo" name="Centro Custo" caption="Centro Custo" visible="true" foreignKey="SK_CENTROCUSTO" highCardinality="false">
    </DimensionUsage>
    <DimensionUsage source="Coligada" name="Coligada" caption="Coligada" visible="true" foreignKey="SK_COLIGADA" highCardinality="false">
    </DimensionUsage>
    <DimensionUsage source="Per&#237;odo" name="Per&#237;odo Vencimento" caption="Data de Vencimento" visible="true" foreignKey="SK_DATAVENCIMENTO" highCardinality="false">
    </DimensionUsage>
    <DimensionUsage source="Per&#237;odo" name="Per&#237;odo Baixa" caption="Data de Baixa" visible="true" foreignKey="SK_DATABAIXA" highCardinality="false">
    </DimensionUsage>
    <DimensionUsage source="Per&#237;odo" name="Per&#237;odo Emiss&#227;o" caption="Data de Emiss&#227;o" visible="true" foreignKey="SK_DATAEMISSAO" highCardinality="false">
    </DimensionUsage>
    <DimensionUsage source="Conta" name="Conta" caption="Conta" visible="true" foreignKey="SK_CONTA" highCardinality="false">
    </DimensionUsage>
    <DimensionUsage source="Departamento" name="Departamento" caption="Departamento" visible="true" foreignKey="SK_DEPARTAMENTO" highCardinality="false">
    </DimensionUsage>
    <DimensionUsage source="Fornecedor / Cliente" name="Fornecedor / Cliente" caption="Fornecedor / Cliente" visible="true" foreignKey="SK_FORN" highCardinality="false">
    </DimensionUsage>
    <DimensionUsage source="Tipo Movimento" name="Tipo Movimento" caption="Tipo Movimento" visible="true" foreignKey="SK_TIPOMOV" highCardinality="false">
    </DimensionUsage>
    <DimensionUsage source="Cen&#225;rio" name="Cen&#225;rio" caption="Cen&#225;rio" visible="true" foreignKey="SK_CENARIO" highCardinality="false">
    </DimensionUsage>
    <Dimension type="StandardDimension" visible="true" highCardinality="false" name="ID">
      <Hierarchy visible="true" hasAll="true" allMemberName="Total" allMemberCaption="Todos" primaryKey="ID" caption="ID">
        <Level name="ID" visible="true" column="ID" nameColumn="ID" type="Integer" internalType="int" uniqueMembers="false" levelType="Regular" hideMemberIf="Never" caption="ID">
        </Level>
      </Hierarchy>
    </Dimension>
    <Dimension type="StandardDimension" visible="true" highCardinality="false" name="IDLAN">
      <Hierarchy visible="true" hasAll="true" allMemberName="Total" allMemberCaption="Todos" primaryKey="IDLAN" caption="IDLAN">
        <Level name="IDLAN" visible="true" column="IDLAN" nameColumn="IDLAN" type="Integer" internalType="int" uniqueMembers="false" levelType="Regular" hideMemberIf="Never" caption="IDLAN">
        </Level>
      </Hierarchy>
    </Dimension>
    <Dimension type="StandardDimension" visible="true" highCardinality="false" name="Hist&#243;rico">
      <Hierarchy visible="true" hasAll="true" allMemberName="Total" allMemberCaption="Todos" primaryKey="HISTORICO" caption="Hist&#243;rico">
        <Level name="Hist&#243;rico" visible="true" column="HISTORICO" nameColumn="HISTORICO" type="String" internalType="String" uniqueMembers="false" levelType="Regular" hideMemberIf="Never" caption="Hist&#243;rico">
        </Level>
      </Hierarchy>
    </Dimension>
    <Dimension type="StandardDimension" visible="true" highCardinality="false" name="N&#250;mero Documento">
      <Hierarchy visible="true" hasAll="true" allMemberName="Total" allMemberCaption="Todos" primaryKey="NUMERODOCUMENTO" caption="N&#250;mero Documento">
        <Level name="N&#250;mero Documento" visible="true" column="NUMERODOCUMENTO" nameColumn="NUMERODOCUMENTO" type="String" internalType="String" uniqueMembers="false" levelType="Regular" hideMemberIf="Never" caption="N&#250;mero Documento">
        </Level>
      </Hierarchy>
    </Dimension>
    <DimensionUsage source="Grupo" name="Grupo" caption="Grupo" visible="true" foreignKey="SK_GRUPO" highCardinality="false">
    </DimensionUsage>
    <Measure name="Saldo" column="SALDO" datatype="Numeric" formatString="R$ #,##0.00" aggregator="sum" caption="Saldo" visible="true">
    </Measure>
    <Measure name="Valor" column="VALOR" datatype="Numeric" formatString="R$ #,##0.00" aggregator="sum" caption="Valor" visible="true">
    </Measure>
  </Cube>
  <Cube name="fatoAreceber" caption="A receber" visible="true" cache="true" enabled="true">
    <Table name="fact_areceber" schema="fato">
    </Table>
    <DimensionUsage source="Coligada" name="Coligada" caption="Coligada" visible="true" foreignKey="SK_COLIGADA" highCardinality="false">
    </DimensionUsage>
    <DimensionUsage source="Per&#237;odo" name="Per&#237;odo Baixa" caption="Data Previsao" visible="true" foreignKey="SK_PREVISAO" highCardinality="false">
    </DimensionUsage>
    <DimensionUsage source="Per&#237;odo" name="Periodo Emissao" caption="Data Emissao" visible="true" foreignKey="SK_EMISSAO" highCardinality="false">
    </DimensionUsage>
    <Dimension type="StandardDimension" visible="true" highCardinality="false" name="N&#250;mero Documento">
      <Hierarchy name="default" visible="true" hasAll="true" allMemberName="Total" allMemberCaption="Todos" primaryKey="NUMERODOCUMENTO" caption="Numero Documento">
        <Level name="Numero Documento" visible="true" column="NUMERODOCUMENTO" nameColumn="NUMERODOCUMENTO" type="String" internalType="String" uniqueMembers="false" levelType="Regular" hideMemberIf="Never" caption="Numero Documento">
        </Level>
      </Hierarchy>
    </Dimension>
    <Dimension type="StandardDimension" visible="true" highCardinality="false" name="Nome">
      <Hierarchy name="default" visible="true" hasAll="true" allMemberName="Total" allMemberCaption="Todos" caption="Nome">
        <Level name="Nome" visible="true" column="NOME" nameColumn="NOME" type="String" internalType="String" uniqueMembers="false" levelType="Regular" hideMemberIf="Never" caption="Nome">
        </Level>
      </Hierarchy>
    </Dimension>
    <Measure name="Valor Bruto" column="VLBRUTO" datatype="Numeric" formatString="R$ #,##0.00" aggregator="sum" caption="Valor Bruto" visible="true">
    </Measure>
    <Measure name="Valor Liquido" column="VLLIQUIDO" datatype="Numeric" formatString="R$ #,##0.00" aggregator="sum" caption="Valor Liquido" visible="true">
    </Measure>
  </Cube>
  <Cube name="Contrato" caption="contrato" visible="true" cache="false" enabled="true">
    <Table name="fact_contrato" schema="fato">
    </Table>
    <DimensionUsage source="Contrato" name="Contrato" visible="true" foreignKey="SK_CONTRATO" highCardinality="false">
    </DimensionUsage>
    <DimensionUsage source="Fornecedor / Cliente" name="Fornecedor / Cliente" visible="true" foreignKey="SK_FORN" highCardinality="false">
    </DimensionUsage>
    <DimensionUsage source="Coligada" name="Coligada" visible="true" foreignKey="SK_COLIGADA" highCardinality="false">
    </DimensionUsage>
    <DimensionUsage source="Periodo" name="Periodo Inicio Contrato" visible="true" foreignKey="SK_DTINICONTRATO" highCardinality="false">
    </DimensionUsage>
    <DimensionUsage source="Periodo" name="Periodo Contrato" visible="true" foreignKey="SK_DTCONTRATO" highCardinality="false">
    </DimensionUsage>
    <DimensionUsage source="Periodo" name="Periodo Inicio Item" visible="true" foreignKey="SK_DTINIITEM" highCardinality="false">
    </DimensionUsage>
    <DimensionUsage source="Periodo" name="Periodo Fim Item" visible="true" foreignKey="SK_DTFIMITEM" highCardinality="false">
    </DimensionUsage>
    <Measure name="Total" column="VLITEMCONTRATO" datatype="Numeric" formatString="R$ #,##0.00" aggregator="sum" caption="Total do Contrato" visible="true">
    </Measure>
    <Measure name="Num Ativacoes" column="SK_DTINICONTRATO" datatype="Integer" formatString="#,##0.00" aggregator="distinct-count" caption="Num Ativacoes" visible="true">
    </Measure>
  </Cube>
  <Cube name="Contrato Indice" caption="Contrato Indice" visible="true" cache="false" enabled="true">
    <Table name="fact_contrato_indice" schema="fato">
    </Table>
    <DimensionUsage source="Contrato" name="Contrato" visible="true" foreignKey="SK_CONTRATO" highCardinality="false">
    </DimensionUsage>
    <DimensionUsage source="Fornecedor / Cliente" name="Fornecedor / Cliente" visible="true" foreignKey="SK_FORN" highCardinality="false">
    </DimensionUsage>
    <DimensionUsage source="Departamento" name="Departamento" visible="true" foreignKey="SK_DEPARTAMENTO" highCardinality="false">
    </DimensionUsage>
    <DimensionUsage source="Coligada" name="Coligada" visible="true" foreignKey="SK_COLIGADA" highCardinality="false">
    </DimensionUsage>
    <DimensionUsage source="Faixa de Vencimento" name="Faixa Vencimento" visible="true" foreignKey="SK_FAIXAVENC" highCardinality="false">
    </DimensionUsage>
    <DimensionUsage source="Periodo" name="Data Vencimento" visible="true" foreignKey="SK_DATAVENCIMENTO" highCardinality="false">
    </DimensionUsage>
    <DimensionUsage source="Periodo" name="Data Baixa" visible="true" foreignKey="SK_DATABAIXA" highCardinality="false">
    </DimensionUsage>
    <Dimension type="StandardDimension" visible="true" highCardinality="false" name="IDLAN">
      <Hierarchy visible="true" hasAll="true" allMemberName="Total" allMemberCaption="Todos" primaryKey="IDLAN" caption="IDLAN">
        <Level name="IDLAN" visible="true" column="IDLAN" nameColumn="IDLAN" type="Integer" internalType="int" uniqueMembers="false" levelType="Regular" hideMemberIf="Never" caption="IDLAN">
        </Level>
      </Hierarchy>
    </Dimension>
    <Dimension type="StandardDimension" visible="true" highCardinality="false" name="IDMOV">
      <Hierarchy visible="true" hasAll="true" allMemberName="todos" allMemberCaption="Todos" primaryKey="IDMOV" caption="IDMOV">
        <Level name="IDMOV" visible="true" column="IDMOV" nameColumn="IDMOV" type="Integer" internalType="int" uniqueMembers="false" levelType="Regular" hideMemberIf="Never" caption="IDMOV">
        </Level>
      </Hierarchy>
    </Dimension>
    <DimensionUsage source="Faixa de Vigencia" name="Faixa de Vigencia" visible="true" foreignKey="SK_FAIXAVIG" highCardinality="false">
    </DimensionUsage>
    <Measure name="Ativos" column="SK_CONTRATO" datatype="Integer" formatString="#,##0.00" aggregator="distinct-count" caption="Contratos Ativos" visible="true">
    </Measure>
    <Measure name="Indice contrato" column="INDICECNT" datatype="Numeric" formatString="#,##0.00" aggregator="sum" caption="Indice Contratos" visible="true">
    </Measure>
    <Measure name="Indice Meta" column="INDICEMETA" datatype="Numeric" formatString="#,##0.00" aggregator="sum" caption="Indice Meta" visible="true">
    </Measure>
    <Measure name="qtdeTitulos" column="IDLAN" datatype="Integer" formatString="#,##0.00" aggregator="count" caption="Qtde Titulos" visible="true">
    </Measure>
    <Measure name="vlrTotal" column="VALORORIGINAL" formatString="R$ #,##0.00" aggregator="sum" caption="Valor Total" visible="true">
    </Measure>
    <Measure name="diasAtraso" column="DIASATRASO" datatype="Integer" formatString="#,##0.00" aggregator="avg" caption="Dias de Atraso" visible="true">
    </Measure>
    <CalculatedMember name="Indice" formatString="#,##0.00" caption="Indice" formula="[Measures].[Indice contrato]/[Measures].[Indice Meta]" dimension="Measures" visible="true">
    </CalculatedMember>
  </Cube>
  <Cube name="Compras" caption="Compras" visible="true" cache="false" enabled="true">
    <Table name="fact_compras" schema="fato">
    </Table>
    <DimensionUsage source="Coligada" name="Coligada" caption="Coligada" visible="true" foreignKey="SK_COLIGADA" highCardinality="false">
    </DimensionUsage>
    <DimensionUsage source="Departamento" name="Departamento" caption="Departamento" visible="true" foreignKey="SK_DEPARTAMENTO" highCardinality="false">
    </DimensionUsage>
    <DimensionUsage source="Per&#237;odo" name="dataSolicitacao" caption="Data Solicitacao" visible="true" foreignKey="SK_DTSOLICITACAO" highCardinality="false">
    </DimensionUsage>
    <DimensionUsage source="Per&#237;odo" name="dataPedidoCompra" caption="Data Pedido Compra" visible="true" foreignKey="SK_DTPEDIDOCOMPRA" highCardinality="false">
    </DimensionUsage>
    <DimensionUsage source="Periodo" name="dataEntrega" caption="Data Entrega" visible="true" foreignKey="SK_DTENTREGA" highCardinality="false">
    </DimensionUsage>
    <DimensionUsage source="Fornecedor / Cliente" name="Fornecedor / Cliente" caption="Fornecedor" visible="true" foreignKey="SK_FORCLI" highCardinality="false">
    </DimensionUsage>
    <DimensionUsage source="Produto" name="Produto" caption="Produto" visible="true" foreignKey="SK_PRODUTO" highCardinality="false">
    </DimensionUsage>
    <DimensionUsage source="Contrato" name="Contrato" caption="Contrato" visible="true" foreignKey="SK_CONTRATO" highCardinality="false">
    </DimensionUsage>
    <DimensionUsage source="faixaResposta" name="faixaResposta" caption="Faixa de Resposta" visible="true" foreignKey="SK_FAIXARESPOSTA" highCardinality="false">
    </DimensionUsage>
    <DimensionUsage source="Per&#237;odo" name="dataPrevista" caption="Data Prevista" visible="true" foreignKey="SK_DTPREVISTA" highCardinality="false">
    </DimensionUsage>
    <DimensionUsage source="Per&#237;odo" name="dataPrevistaFornecedor" caption="Data Prevista Fornecedor" visible="true" foreignKey="SK_DTPREVISENTREGA" highCardinality="false">
    </DimensionUsage>
    <Dimension type="StandardDimension" visible="true" highCardinality="false" name="info">
      <Hierarchy name="numeroMov" visible="true" hasAll="true" allMemberName="todos" allMemberCaption="todos" primaryKey="NUMEROMOV" caption="Numero Movimento">
        <Level name="numeroMov" visible="true" column="NUMEROMOV" nameColumn="NUMEROMOV" type="String" internalType="String" uniqueMembers="false" levelType="Regular" hideMemberIf="Never" caption="Numero Movimento">
        </Level>
      </Hierarchy>
    </Dimension>
    <DimensionUsage source="statusSolicitacao" name="statusSolicitacao" caption="Status Solicitacao" visible="true" foreignKey="SK_STATUSSOLICITACAO" highCardinality="false">
    </DimensionUsage>
    <Measure name="valorCompra" column="VALORBRUTOITEMORIG" datatype="Numeric" formatString="R$ #,##0.00" aggregator="sum" caption="Valor Compra" description="valorCompra" visible="true">
    </Measure>
    <Measure name="qtdeRecebida" column="QUANTIDADE" datatype="Numeric" formatString="#,##0.00" aggregator="sum" caption="Qtde. Recebida" description="qtdeRecebida" visible="true">
    </Measure>
    <Measure name="PrecoMedio" column="CUSTOMEDIO" datatype="Numeric" formatString="R$ #,##0.00" aggregator="avg" caption="Pre&#231;o M&#233;dio" description="Pre&#231;o M&#233;dio" visible="true">
    </Measure>
    <Measure name="Estoque Atual" column="ESTOQUE" datatype="Numeric" formatString="#,##0.00" aggregator="avg" caption="Estoque Atual" visible="true">
    </Measure>
    <Measure name="Estoque Minimo" column="ESTMINIMO" datatype="Numeric" formatString="#,##0.00" aggregator="avg" caption="Estoque Minimo" description="Estoque minimo" visible="true">
    </Measure>
    <Measure name="Estoque Maximo" column="ESTMAXIMO" datatype="Numeric" formatString="#,##0.00" aggregator="avg" caption="Estoque Maximo" description="Estoque Maximo" visible="true">
    </Measure>
    <Measure name="Compras em Aberto" column="COMPABERTO" datatype="Numeric" formatString="#,##0.00" aggregator="avg" caption="Compras em Aberto" description="Compras em Aberto" visible="true">
    </Measure>
    <Measure name="Tempo Estimado" column="TEMPO_ESTOQUE" datatype="Numeric" formatString="#,##0.00" aggregator="avg" caption="Tempo Estimado" description="Tempo Estimado" visible="true">
    </Measure>
    <Measure name="qtdeCompra" column="QUANTIDADEORIGINAL" datatype="Numeric" formatString="#,##0.00" aggregator="sum" caption="Quantidade Compra" description="qtdeCompra" visible="true">
    </Measure>
    <Measure name="Contador Faixa" column="IDMOV" datatype="Numeric" formatString="#,##0.00" aggregator="distinct count" caption="Contador Faixa" visible="true">
    </Measure>
    <Measure name="indicador" column="INDICADOR" datatype="Numeric" formatString="#,##0.00" aggregator="sum" caption="Indicador" visible="false">
    </Measure>
    <Measure name="indSolicitacao" column="INDREGULARIDADESOL" datatype="Numeric" formatString="#,##0.00" aggregator="sum" caption="Indicador Solicitacao" visible="true">
    </Measure>
    <Measure name="indFornecedor" column="INDREGULARIDADEFORN" datatype="Numeric" formatString="#,##0.00" aggregator="sum" caption="Indicador Fornecedor" visible="true">
    </Measure>
    <Measure name="prazoCotacao" column="PRAZOCOTACAO" datatype="Numeric" formatString="#,##0.00" aggregator="avg" caption="Prazo Cotacao" description="Prazo Cotacao" visible="true">
    </Measure>
    <Measure name="prazoPedido" column="PRAZOPEDIDO" datatype="Numeric" formatString="#,##0.00" aggregator="avg" caption="Prazo Pedido" description="Prazo Pedido" visible="true">
    </Measure>
    <Measure name="prazoEntrega" column="PRAZOENTREGA" datatype="Numeric" formatString="#,##0.00" aggregator="avg" caption="Prazo Entrega" description="Prazo Entrega" visible="true">
    </Measure>
    <Measure name="leadTime" column="LEADTIME" datatype="Numeric" formatString="#,##0.00" aggregator="avg" caption="Lead Time" description="Lead Time" visible="true">
    </Measure>
    <Measure name="valorRecebido" column="VALORBRUTOITEM_NOTA" datatype="Numeric" formatString="R$ #,##0.00" aggregator="sum" caption="Valor Recebido" description="valorRecebido" visible="true">
    </Measure>
    <CalculatedMember name="qtdeaReceber" formatString="#,##0.00" caption="Quantidade A Receber" formula="[Measures].[qtdeCompra]-[Measures].[qtdeRecebida]" dimension="Measures" visible="true">
    </CalculatedMember>
    <CalculatedMember name="indiceRegularidadeSol" formatString="#,##0.00%" caption="Indice Reg. Solicitacao" formula="[Measures].[indSolicitacao]/[Measures].[indicador]" dimension="Measures" visible="true">
    </CalculatedMember>
    <CalculatedMember name="indiceRegularidadeForn" formatString="#,##0.00%" caption="Indice Reg. Fornecedor" formula="[Measures].[indFornecedor]/[Measures].[indicador]" dimension="Measures" visible="true">
    </CalculatedMember>
  </Cube>
  <Cube name="Solicitacao Compras" caption="Solicitacao Compras" visible="true" cache="false" enabled="true">
    <Table name="fact_solicitacaoCompras" schema="fato">
    </Table>
    <DimensionUsage source="Coligada" name="Coligada" caption="Coligada" visible="true" foreignKey="SK_COLIGADA" highCardinality="false">
    </DimensionUsage>
    <DimensionUsage source="Departamento" name="Departamento" caption="Departamento" visible="true" foreignKey="SK_DEPARTAMENTO" highCardinality="false">
    </DimensionUsage>
    <DimensionUsage source="Per&#237;odo" name="dataSolicitacao" caption="Data Solicitacao" visible="true" foreignKey="SK_DTSOLICITACAO" highCardinality="false">
    </DimensionUsage>
    <DimensionUsage source="Per&#237;odo" name="dataPedidoCompra" caption="Data Pedido Compra" visible="true" foreignKey="SK_DTPEDIDOCOMPRA" highCardinality="false">
    </DimensionUsage>
    <DimensionUsage source="Periodo" name="dataEntrega" caption="Data Entrega" visible="true" foreignKey="SK_DTENTREGA" highCardinality="false">
    </DimensionUsage>
    <DimensionUsage source="Fornecedor / Cliente" name="Fornecedor / Cliente" caption="Fornecedor" visible="true" foreignKey="SK_FORCLI" highCardinality="false">
    </DimensionUsage>
    <DimensionUsage source="Produto" name="Produto" caption="Produto" visible="true" foreignKey="SK_PRODUTO" highCardinality="false">
    </DimensionUsage>
    <DimensionUsage source="Contrato" name="Contrato" caption="Contrato" visible="true" foreignKey="SK_CONTRATO" highCardinality="false">
    </DimensionUsage>
    <DimensionUsage source="faixaResposta" name="faixaResposta" caption="Faixa de Resposta" visible="true" foreignKey="SK_FAIXARESPOSTA" highCardinality="false">
    </DimensionUsage>
    <DimensionUsage source="Per&#237;odo" name="dataPrevista" caption="Data Prevista" visible="true" foreignKey="SK_DTPREVISTA" highCardinality="false">
    </DimensionUsage>
    <DimensionUsage source="Per&#237;odo" name="dataPrevistaFornecedor" caption="Data Prevista Fornecedor" visible="true" foreignKey="SK_DTPREVISENTREGA" highCardinality="false">
    </DimensionUsage>
    <Dimension type="StandardDimension" visible="true" highCardinality="false" name="info">
      <Hierarchy name="numeroMov" visible="true" hasAll="true" allMemberName="todos" allMemberCaption="todos" primaryKey="IDPEDIDO" caption="Numero Movimento">
        <Level name="numeroMov" visible="true" column="IDPEDIDO" nameColumn="IDPEDIDO" type="String" internalType="String" uniqueMembers="false" levelType="Regular" hideMemberIf="Never" caption="Numero Movimento">
        </Level>
      </Hierarchy>
    </Dimension>
    <DimensionUsage source="statusSolicitacao" name="statusSolicitacao" caption="Status Solicitacao" visible="true" foreignKey="SK_STATUSSOLICITACAO" highCardinality="false">
    </DimensionUsage>
    <Measure name="PrecoMedio" column="CUSTOMEDIO" datatype="Numeric" formatString="R$ #,##0.00" aggregator="avg" caption="Pre&#231;o M&#233;dio" description="Pre&#231;o M&#233;dio" visible="true">
    </Measure>
    <Measure name="Estoque Atual" column="ESTOQUE" datatype="Numeric" formatString="#,##0.00" aggregator="avg" caption="Estoque Atual" visible="true">
    </Measure>
    <Measure name="Estoque Minimo" column="ESTMINIMO" datatype="Numeric" formatString="#,##0.00" aggregator="avg" caption="Estoque Minimo" description="Estoque minimo" visible="true">
    </Measure>
    <Measure name="Estoque Maximo" column="ESTMAXIMO" datatype="Numeric" formatString="#,##0.00" aggregator="avg" caption="Estoque Maximo" description="Estoque Maximo" visible="true">
    </Measure>
    <Measure name="Tempo Estimado" column="TEMPO_ESTOQUE" datatype="Numeric" formatString="#,##0.00" aggregator="avg" caption="Tempo Estimado" description="Tempo Estimado" visible="true">
    </Measure>
    <Measure name="Contador Faixa" column="IDMOV" datatype="Numeric" formatString="#,##0.00" aggregator="distinct count" caption="Contador Faixa" visible="true">
    </Measure>
    <Measure name="indicador" column="INDICADOR" datatype="Numeric" formatString="#,##0.00" aggregator="sum" caption="Indicador" visible="false">
    </Measure>
    <Measure name="indSolicitacao" column="INDREGULARIDADESOL" datatype="Numeric" formatString="#,##0.00" aggregator="sum" caption="Indicador Solicitacao" visible="true">
    </Measure>
    <Measure name="indFornecedor" column="INDREGULARIDADEFORN" datatype="Numeric" formatString="#,##0.00" aggregator="sum" caption="Indicador Fornecedor" visible="true">
    </Measure>
    <Measure name="prazoCotacao" column="PRAZOCOTACAO" datatype="Numeric" formatString="#,##0.00" aggregator="avg" caption="Prazo Cotacao" description="Prazo Cotacao" visible="true">
    </Measure>
    <Measure name="prazoPedido" column="PRAZOPEDIDO" datatype="Numeric" formatString="#,##0.00" aggregator="avg" caption="Prazo Pedido" description="Prazo Pedido" visible="true">
    </Measure>
    <Measure name="prazoEntrega" column="PRAZOENTREGA" datatype="Numeric" formatString="#,##0.00" aggregator="avg" caption="Prazo Entrega" description="Prazo Entrega" visible="true">
    </Measure>
    <Measure name="leadTime" column="LEADTIME" datatype="Numeric" formatString="#,##0.00" aggregator="avg" caption="Lead Time" description="Lead Time" visible="true">
    </Measure>
    <Measure name="qtdePedido" column="IDPEDIDO" datatype="Numeric" formatString="#,##0.00" aggregator="distinct-count" caption="Qtde Pedido" visible="true">
    </Measure>
    <Measure name="qtdeCotacao" column="IDCOTACAO" datatype="Numeric" formatString="#,##0.00" aggregator="distinct-count" caption="Qtde Cotacao" visible="true">
    </Measure>
    <Measure name="qtdeSolicitacaoCompra" column="IDSOLICITACAOCOMPRA" datatype="Numeric" formatString="#,##0.00" aggregator="distinct-count" caption="Qtde Solicitacao Compra" visible="true">
    </Measure>
    <Measure name="qtdeRequisicao" column="IDREQUISICAO" datatype="Numeric" formatString="#,##0.00" aggregator="distinct-count" caption="Qtde Requisicao" visible="true">
    </Measure>
    <CalculatedMember name="indiceRegularidadeSol" formatString="#,##0.00%" caption="Indice Reg. Solicitacao" formula="[Measures].[indSolicitacao]/[Measures].[indicador]" dimension="Measures" visible="true">
    </CalculatedMember>
    <CalculatedMember name="indiceRegularidadeForn" formatString="#,##0.00%" caption="Indice Reg. Fornecedor" formula="[Measures].[indFornecedor]/[Measures].[indicador]" dimension="Measures" visible="true">
    </CalculatedMember>
  </Cube>
  <Cube name="Faturamento" caption="Faturamento" visible="true" cache="false" enabled="true">
    <Table name="fact_faturamento" schema="fato">
    </Table>
    <DimensionUsage source="Fornecedor / Cliente" name="Cliente" caption="Cliente" visible="true" foreignKey="SK_FORCLI" highCardinality="false">
    </DimensionUsage>
    <DimensionUsage source="Contrato" name="Contrato" caption="Contrato" visible="true" foreignKey="SK_CONTRATO" highCardinality="false">
    </DimensionUsage>
    <DimensionUsage source="Coligada" name="Coligada" caption="Coligada" visible="true" foreignKey="SK_COLIGADA" highCardinality="false">
    </DimensionUsage>
    <DimensionUsage source="faixaResposta" name="faixaResposta" caption="Faixa de resposta pedido" visible="true" foreignKey="SK_FAIXARESPOSTA" highCardinality="false">
    </DimensionUsage>
    <DimensionUsage source="Per&#237;odo" name="Data Emissao" caption="Data Emissao" visible="true" foreignKey="SK_DATAEMISSAO" highCardinality="false">
    </DimensionUsage>
    <DimensionUsage source="Per&#237;odo" name="Data Vencimento" caption="Data Vencimento" visible="true" foreignKey="SK_DATAVENCIMENTO" highCardinality="false">
    </DimensionUsage>
    <DimensionUsage source="Produto" name="Produto" caption="Produto" visible="true" foreignKey="SK_PRODUTO" highCardinality="false">
    </DimensionUsage>
    <DimensionUsage source="Endereco" name="Endereco" caption="Endereco" visible="true" foreignKey="SK_ENDERECO" highCardinality="false">
    </DimensionUsage>
    <Dimension type="StandardDimension" visible="true" highCardinality="false" name="info" caption="Info">
      <Hierarchy name="idMov" visible="true" hasAll="true" primaryKey="IDMOV" caption="Id Movimento">
        <Level name="idMov" visible="true" column="IDMOV" nameColumn="IDMOV" type="Integer" internalType="int" uniqueMembers="false" levelType="Regular" hideMemberIf="Never">
        </Level>
      </Hierarchy>
      <Hierarchy name="idPedido" visible="true" hasAll="true" primaryKey="IDMOVPEDIDO" caption="Id Pedido">
        <Level name="idPedido" visible="true" column="IDMOVPEDIDO" nameColumn="IDMOVPEDIDO" type="Integer" internalType="int" uniqueMembers="false" levelType="Regular" hideMemberIf="Never" caption="Id Pedido">
        </Level>
      </Hierarchy>
      <Hierarchy name="pedido" visible="true" hasAll="true" primaryKey="PEDIDO" caption="Pedido">
        <Level name="pedido" visible="true" column="PEDIDO" nameColumn="PEDIDO" type="String" internalType="String" uniqueMembers="false" levelType="Regular" hideMemberIf="Never" caption="Pedido">
        </Level>
      </Hierarchy>
      <Hierarchy name="rps" visible="true" hasAll="true" primaryKey="RPS" caption="RPS">
        <Level name="rps" visible="true" column="RPS" nameColumn="RPS" type="String" internalType="String" uniqueMembers="false" levelType="Regular" hideMemberIf="Never" caption="RPS">
        </Level>
      </Hierarchy>
    </Dimension>
    <DimensionUsage source="statusFaturamento" name="statusFaturamento" caption="Status Faturamento" visible="true" foreignKey="SK_STATUSFATURAMENTO" highCardinality="false">
    </DimensionUsage>
    <DimensionUsage source="tipoOrgao" name="tipoOrgao" caption="Tipo Orgao" visible="true" foreignKey="SK_TIPOORGAO" highCardinality="false">
    </DimensionUsage>
    <DimensionUsage source="grupoFaturamento" name="grupoFaturamento" caption="Grupo Faturamento" visible="true" foreignKey="SK_GRUPOFATURAMENTO" highCardinality="false">
    </DimensionUsage>
    <DimensionUsage source="nota" name="nota" caption="Nota" visible="true" foreignKey="SK_NOTA">
    </DimensionUsage>
    <Measure name="Quantidade" column="QUANTIDADE" datatype="Numeric" formatString="#,##0.00" aggregator="sum" caption="Quantidade" description="Qauntidade" visible="true">
    </Measure>
    <Measure name="vlrBruto" column="VALORBRUTO" datatype="Numeric" formatString="R$ #,##0.00" aggregator="sum" caption="Valor Bruto" description="Valor Bruti" visible="true">
    </Measure>
    <Measure name="vlrLiquido" column="VALORLIQUIDO" datatype="Numeric" formatString="R$ #,##0.00" aggregator="sum" caption="Valor Liquido" description="Valor Liquido" visible="true">
    </Measure>
    <Measure name="Contador" column="IDMOV" datatype="Integer" formatString="#,##0.00" aggregator="distinct-count" caption="Contador" description="Contador" visible="true">
    </Measure>
    <Measure name="prcItem" column="PRECOUNITARIO" datatype="Numeric" formatString="R$ #,##0.00" aggregator="avg" caption="Preco Unitario" description="Preco Unitario" visible="true">
    </Measure>
    <Measure name="imposto" column="IMPOSTO" datatype="Numeric" formatString="R$ #,##0.00" aggregator="sum" caption="Imposto" visible="true">
    </Measure>
  </Cube>
  <VirtualCube enabled="true" name="virtualCompra" caption="Solicitacao Compra" visible="true">
    <VirtualCubeDimension caption="Coligada" visible="true" highCardinality="false" name="Coligada">
    </VirtualCubeDimension>
    <VirtualCubeDimension caption="Departamento" visible="true" highCardinality="false" name="Departamento">
    </VirtualCubeDimension>
    <VirtualCubeDimension caption="Produto" visible="true" highCardinality="false" name="Produto">
    </VirtualCubeDimension>
    <VirtualCubeDimension visible="true" highCardinality="false" name="Fornecedor / Cliente">
    </VirtualCubeDimension>
    <VirtualCubeDimension visible="true" highCardinality="false" name="Contrato">
    </VirtualCubeDimension>
    <VirtualCubeDimension visible="true" highCardinality="false" name="faixaResposta">
    </VirtualCubeDimension>
    <VirtualCubeDimension visible="true" highCardinality="false" name="statusSolicitacao">
    </VirtualCubeDimension>
    <VirtualCubeMeasure cubeName="Compras" name="[Measures].[valorCompra]" visible="true">
    </VirtualCubeMeasure>
    <VirtualCubeMeasure cubeName="Compras" name="[Measures].[qtdeRecebida]" visible="true">
    </VirtualCubeMeasure>
    <VirtualCubeMeasure cubeName="Compras" name="[Measures].[PrecoMedio]" visible="true">
    </VirtualCubeMeasure>
    <VirtualCubeMeasure cubeName="Compras" name="[Measures].[qtdeaReceber]" visible="true">
    </VirtualCubeMeasure>
    <VirtualCubeMeasure cubeName="Compras" name="[Measures].[Compras em Aberto]" visible="true">
    </VirtualCubeMeasure>
    <VirtualCubeMeasure cubeName="Compras" name="[Measures].[Tempo Estimado]" visible="true">
    </VirtualCubeMeasure>
    <VirtualCubeMeasure cubeName="Compras" name="[Measures].[qtdeCompra]" visible="true">
    </VirtualCubeMeasure>
    <VirtualCubeMeasure cubeName="Solicitacao Compras" name="[Measures].[Estoque Atual]" visible="true">
    </VirtualCubeMeasure>
    <VirtualCubeMeasure cubeName="Solicitacao Compras" name="[Measures].[Estoque Minimo]" visible="true">
    </VirtualCubeMeasure>
    <VirtualCubeMeasure cubeName="Solicitacao Compras" name="[Measures].[Estoque Maximo]" visible="true">
    </VirtualCubeMeasure>
    <VirtualCubeMeasure cubeName="Solicitacao Compras" name="[Measures].[Contador Faixa]" visible="true">
    </VirtualCubeMeasure>
    <VirtualCubeMeasure cubeName="Solicitacao Compras" name="[Measures].[indicador]" visible="true">
    </VirtualCubeMeasure>
    <VirtualCubeMeasure cubeName="Solicitacao Compras" name="[Measures].[indSolicitacao]" visible="true">
    </VirtualCubeMeasure>
    <VirtualCubeMeasure cubeName="Solicitacao Compras" name="[Measures].[indFornecedor]" visible="true">
    </VirtualCubeMeasure>
    <VirtualCubeMeasure cubeName="Solicitacao Compras" name="[Measures].[prazoCotacao]" visible="true">
    </VirtualCubeMeasure>
    <VirtualCubeMeasure cubeName="Solicitacao Compras" name="[Measures].[prazoPedido]" visible="true">
    </VirtualCubeMeasure>
    <VirtualCubeMeasure cubeName="Solicitacao Compras" name="[Measures].[prazoEntrega]" visible="true">
    </VirtualCubeMeasure>
    <VirtualCubeMeasure cubeName="Solicitacao Compras" name="[Measures].[leadTime]" visible="true">
    </VirtualCubeMeasure>
    <VirtualCubeMeasure cubeName="Solicitacao Compras" name="[Measures].[qtdePedido]" visible="true">
    </VirtualCubeMeasure>
    <VirtualCubeMeasure cubeName="Solicitacao Compras" name="[Measures].[qtdeCotacao]" visible="true">
    </VirtualCubeMeasure>
    <VirtualCubeMeasure cubeName="Solicitacao Compras" name="[Measures].[qtdeSolicitacaoCompra]" visible="true">
    </VirtualCubeMeasure>
    <VirtualCubeMeasure cubeName="Solicitacao Compras" name="[Measures].[qtdeRequisicao]" visible="true">
    </VirtualCubeMeasure>
    <VirtualCubeMeasure cubeName="Solicitacao Compras" name="[Measures].[indiceRegularidadeSol]" visible="true">
    </VirtualCubeMeasure>
    <VirtualCubeMeasure cubeName="Solicitacao Compras" name="[Measures].[indiceRegularidadeForn]" visible="true">
    </VirtualCubeMeasure>
  </VirtualCube>
  <Role name="Administrator">
    <SchemaGrant access="all">
    </SchemaGrant>
  </Role>
  <Role name="CLIENTEGOCILBERRINI">
    <SchemaGrant access="all">
      <CubeGrant cube="Checklist" access="all">
        <DimensionGrant dimension="Measures" access="all">
        </DimensionGrant>
        <HierarchyGrant hierarchy="[Cliente]" topLevel="[Cliente].[nome]" bottomLevel="[Cliente].[nome]" rollupPolicy="partial" access="custom">
          <MemberGrant member="[Cliente].[GOCIL - BERRINI]" access="all">
          </MemberGrant>
        </HierarchyGrant>
      </CubeGrant>
    </SchemaGrant>
  </Role>
  <Role name="Diretoria Checklist">
    <SchemaGrant access="all">
      <CubeGrant cube="Checklist" access="all">
      </CubeGrant>
    </SchemaGrant>
  </Role>
  <Role name="Diretoria Financeira">
    <SchemaGrant access="all">
      <CubeGrant cube="Fluxo de Caixa" access="all">
      </CubeGrant>
    </SchemaGrant>
  </Role>
  <Role name="TOKIOMARINE">
    <SchemaGrant access="none">
      <CubeGrant cube="Checklist" access="custom">
        <DimensionGrant dimension="Measures" access="all">
        </DimensionGrant>
        <HierarchyGrant hierarchy="[Cliente]" topLevel="[Cliente].[nome]" bottomLevel="[Cliente].[nome]" rollupPolicy="partial" access="custom">
          <MemberGrant member="[Cliente].[TOKIO MARINE 13 DE MAIO]" access="all">
          </MemberGrant>
          <MemberGrant member="[Cliente].[TOKIO MARINE SAMPAIO]" access="all">
          </MemberGrant>
        </HierarchyGrant>
      </CubeGrant>
    </SchemaGrant>
  </Role>
  <Role name="AWPSERVICE">
    <SchemaGrant access="none">
      <CubeGrant cube="Checklist" access="all">
        <DimensionGrant dimension="Measures" access="all">
        </DimensionGrant>
        <HierarchyGrant hierarchy="[Cliente]" topLevel="[Cliente].[nome]" bottomLevel="[Cliente].[nome]" rollupPolicy="partial" access="custom">
          <MemberGrant member="[Cliente].[AWP SERVICE DOMO]" access="all">
          </MemberGrant>
          <MemberGrant member="[Cliente].[AWP SERVICE FREI GASPAR]" access="all">
          </MemberGrant>
          <MemberGrant member="[Cliente].[AWP SERVICE MUNICIPAL]" access="all">
          </MemberGrant>
          <MemberGrant member="[Cliente].[AWP SERVICE TOME DE SOUZA]" access="all">
          </MemberGrant>
        </HierarchyGrant>
      </CubeGrant>
    </SchemaGrant>
  </Role>
  <Role name="Faturamento">
    <SchemaGrant access="all">
      <CubeGrant cube="Faturamento" access="all">
      </CubeGrant>
    </SchemaGrant>
  </Role>
  <Role name="Diretoria de Compras">
    <SchemaGrant access="all">
      <CubeGrant cube="Contrato" access="all">
      </CubeGrant>
      <CubeGrant cube="Contrato Indice" access="all">
      </CubeGrant>
      <CubeGrant cube="Compras" access="all">
      </CubeGrant>
    </SchemaGrant>
  </Role>
  <Role name="EUROPCLI">
    <SchemaGrant access="all">
      <CubeGrant cube="Checklist" access="all">
        <DimensionGrant dimension="Measures" access="all">
        </DimensionGrant>
        <HierarchyGrant hierarchy="[Cliente]" topLevel="[Cliente].[nome]" bottomLevel="[Cliente].[nome]" rollupPolicy="partial" access="custom">
          <MemberGrant member="[Cliente].[EUROP - ASSISTANCE]" access="all">
          </MemberGrant>
        </HierarchyGrant>
      </CubeGrant>
    </SchemaGrant>
  </Role>
</Schema>
