<Schema name="DW_ABDA" description="ViewB Analysis - ABDA" measuresCaption="Medidas">
  <Dimension type="StandardDimension" visible="true" highCardinality="false" name="Modalidades" caption="Modalidade">
    <Hierarchy name="modalidade" visible="true" hasAll="true" primaryKey="sk_modalidade" caption="Modalidadade">
      <Table name="modalidade" schema="abda">
      </Table>
      <Level name="modalide" visible="true" table="modalidade" column="sk_modalidade" nameColumn="modality" type="Integer" uniqueMembers="true" levelType="Regular" hideMemberIf="Never" caption="Modalidade">
      </Level>
    </Hierarchy>
  </Dimension>
  <Dimension type="StandardDimension" visible="true" highCardinality="false" name="Planos_Saude" caption="Plano de Sa&#250;de">
    <Hierarchy name="plano" visible="true" hasAll="true" primaryKey="sk_plano" caption="Plano de Sa&#250;de">
      <Table name="plano_saude" schema="abda">
      </Table>
      <Level name="plano" visible="true" table="plano_saude" column="sk_plano" nameColumn="healthplan" type="Integer" uniqueMembers="true" levelType="Regular" hideMemberIf="Never" caption="Plano de Sa&#250;de">
      </Level>
    </Hierarchy>
  </Dimension>
  <Dimension type="StandardDimension" visible="true" highCardinality="false" name="Locais_Treino" caption="Local Treinamento">
    <Hierarchy name="localidade" visible="true" hasAll="true" primaryKey="sk_local" caption="Local Treino">
      <Table name="local_treino" schema="abda">
      </Table>
      <Level name="localidade" visible="true" table="local_treino" column="sk_local" nameColumn="localtraining" type="Integer" uniqueMembers="true" levelType="Regular" hideMemberIf="Never" caption="Local">
      </Level>
    </Hierarchy>
  </Dimension>
  <Dimension type="StandardDimension" visible="true" highCardinality="false" name="Escolas" caption="Escola">
    <Hierarchy name="escola" visible="true" hasAll="true" primaryKey="sk_escola" caption="Escola">
      <Table name="escola" schema="abda">
      </Table>
      <Level name="escola" visible="true" table="escola" column="sk_escola" nameColumn="school" type="Integer" uniqueMembers="true" levelType="Regular" hideMemberIf="Never" caption="Escola">
      </Level>
    </Hierarchy>
  </Dimension>
  <Dimension type="StandardDimension" visible="true" highCardinality="false" name="Entidades" caption="Entidade">
    <Hierarchy name="entidade" visible="true" hasAll="true" primaryKey="sk_entidade" caption="Entidade">
      <Table name="entidade" schema="abda">
      </Table>
      <Level name="entidade" visible="true" table="entidade" column="sk_entidade" nameColumn="socialentity" type="Integer" uniqueMembers="true" levelType="Regular" hideMemberIf="Never" caption="Entidade">
      </Level>
    </Hierarchy>
  </Dimension>
  <Dimension type="StandardDimension" visible="true" highCardinality="false" name="Generos" caption="G&#234;nero">
    <Hierarchy name="genero" visible="true" hasAll="true" primaryKey="sk_genero" caption="G&#234;nero">
      <Table name="genero" schema="abda">
      </Table>
      <Level name="genero" visible="true" table="genero" column="sk_genero" nameColumn="gender" type="Integer" uniqueMembers="true" levelType="Regular" hideMemberIf="Never" caption="G&#234;nero">
      </Level>
    </Hierarchy>
  </Dimension>
  <Cube name="aluno" caption="Informa&#231;&#245;es Aluno" visible="true" cache="true" enabled="true">
    <Table name="aluno" schema="abda">
    </Table>
    <DimensionUsage source="Modalidades" name="modalidade" visible="true" foreignKey="sk_modalidade" highCardinality="false">
    </DimensionUsage>
    <DimensionUsage source="Planos_Saude" name="planosaude" visible="true" foreignKey="sk_plano" highCardinality="false">
    </DimensionUsage>
    <DimensionUsage source="Locais_Treino" name="local_treino" visible="true" foreignKey="sk_local" highCardinality="false">
    </DimensionUsage>
    <DimensionUsage source="Escolas" name="escola" visible="true" foreignKey="sk_escola" highCardinality="false">
    </DimensionUsage>
    <DimensionUsage source="Entidades" name="entidade" visible="true" foreignKey="sk_entidade" highCardinality="false">
    </DimensionUsage>
    <Dimension type="StandardDimension" visible="true" highCardinality="false" name="Alunos" caption="Alunos">
      <Hierarchy name="aluno" visible="true" hasAll="true" primaryKey="pk_aluno" caption="Aluno">
        <Level name="aluno" visible="true" table="aluno" column="code" nameColumn="student" type="Integer" uniqueMembers="true" levelType="Regular" hideMemberIf="Never" caption="Nome Aluno">
        </Level>
      </Hierarchy>
    </Dimension>
    <DimensionUsage source="Generos" name="genero" visible="true" foreignKey="sk_genero">
    </DimensionUsage>
    <Measure name="qtdAluno" column="pk_aluno" datatype="Integer" aggregator="distinct-count" caption="Qtd. Alunos" visible="true">
    </Measure>
    <Measure name="qtdEntidade" column="sk_entidade" datatype="Integer" aggregator="distinct-count" caption="Qtd. Entidades" visible="true">
    </Measure>
    <Measure name="qtdLocal" column="sk_local" datatype="Integer" aggregator="distinct-count" caption="Qtd. Locais de Treinamento" visible="true">
    </Measure>
    <Measure name="qtdEscola" column="sk_escola" datatype="Integer" aggregator="distinct-count" caption="Qtd. Escolas" visible="true">
    </Measure>
    <Measure name="somaBeneficio" column="benefitvalue" datatype="Numeric" aggregator="sum" caption="Soma Benef&#237;cios" visible="true">
    </Measure>
    <Measure name="qtdModalidade" column="sk_modalidade" datatype="Integer" aggregator="distinct-count" caption="Qtd. Modalides" visible="true">
    </Measure>
    <Measure name="mediaBeneficio" column="benefitvalue" datatype="Numeric" aggregator="avg" caption="M&#233;dia Benef&#237;cios" visible="true">
    </Measure>
    <Measure name="qtdPlano" column="sk_plano" datatype="Integer" aggregator="distinct-count" caption="Qtd. Planos" visible="true">
    </Measure>
    <Measure name="mediaIdade" column="age" datatype="Numeric" aggregator="avg" caption="M&#233;dia Idade" visible="true">
    </Measure>
  </Cube>
</Schema>
