<Schema name="POC_SUS">
  <Dimension type="StandardDimension" visible="true" highCardinality="false" name="Endereco" caption="Endereco">
    <Hierarchy visible="true" hasAll="true" allMemberName="Todos" allMemberCaption="Todos" primaryKey="sk_endereco" caption="Geo">
      <Table name="endereco" schema="dim">
      </Table>
      <Level name="pais" visible="true" column="pais" nameColumn="pais" type="String" internalType="String" uniqueMembers="false" levelType="Regular" hideMemberIf="Never" caption="Pais">
      </Level>
      <Level name="regiao" visible="true" column="regiao" nameColumn="regiao" type="String" internalType="String" uniqueMembers="false" levelType="Regular" hideMemberIf="Never" caption="Regiao">
      </Level>
      <Level name="estado" visible="true" column="uf" nameColumn="uf" type="String" internalType="String" uniqueMembers="false" levelType="Regular" hideMemberIf="Never" caption="Estado">
      </Level>
      <Level name="cidade" visible="true" column="sk_endereco" nameColumn="municipio" type="Integer" internalType="int" uniqueMembers="true" levelType="Regular" hideMemberIf="Never" caption="Cidade">
      </Level>
    </Hierarchy>
    <Hierarchy name="sigla" visible="true" hasAll="true" allMemberName="Todos" allMemberCaption="Todos" primaryKey="sk_endereco" caption="Sigla UF.">
      <Table name="endereco" schema="dim">
      </Table>
      <Level name="sigla" visible="true" column="uf" nameColumn="uf" type="String" internalType="String" uniqueMembers="false" levelType="Regular" hideMemberIf="Never" caption="Sigla UF.">
      </Level>
      <Level name="cidade" visible="true" column="sk_endereco" nameColumn="municipio" type="Integer" internalType="int" uniqueMembers="false" levelType="Regular" hideMemberIf="Never" caption="Cidade">
      </Level>
      <Level name="Latitude" visible="true" column="sk_lat" nameColumn="latitude" type="Integer" internalType="int" uniqueMembers="false" levelType="Regular" hideMemberIf="Never" caption="Latitude">
      </Level>
      <Level name="Longitude" visible="true" column="sk_long" nameColumn="longitude" type="Integer" internalType="int" uniqueMembers="false" levelType="Regular" hideMemberIf="Never" caption="Longitude">
      </Level>
    </Hierarchy>
    <Hierarchy name="Estado" visible="true" hasAll="true" primaryKey="sk_endereco">
      <Table name="endereco" schema="dim">
      </Table>
      <Level name="Estado" visible="true" column="uf" nameColumn="uf" type="String" internalType="String" uniqueMembers="false" levelType="Regular" hideMemberIf="Never">
      </Level>
    </Hierarchy>
    <Hierarchy name="Munic&#237;pio" visible="true" hasAll="true" primaryKey="sk_endereco">
      <Table name="endereco" schema="dim">
      </Table>
      <Level name="Municipio" visible="true" column="sk_endereco" nameColumn="municipio" type="Integer" internalType="int" uniqueMembers="true" levelType="Regular" hideMemberIf="Never">
      </Level>
    </Hierarchy>
    <Hierarchy name="Regiao" visible="true" hasAll="true" primaryKey="sk_endereco">
      <Table name="endereco" schema="dim">
      </Table>
      <Level name="Regiao" visible="true" column="regiao" nameColumn="regiao" type="String" internalType="String" uniqueMembers="false" levelType="Regular" hideMemberIf="Never">
      </Level>
    </Hierarchy>
  </Dimension>
  <Dimension type="StandardDimension" visible="true" highCardinality="false" name="Vinculo">
    <Hierarchy name="Vinculo" visible="true" hasAll="true">
      <Table name="vincsusdim" schema="dim">
      </Table>
      <Level name="Vinculo" visible="true" column="codvincsus" nameColumn="descvincsus" type="Integer" internalType="int" uniqueMembers="true" levelType="Regular" hideMemberIf="Never" caption="V&#237;nculo SUS">
      </Level>
    </Hierarchy>
  </Dimension>
  <Dimension type="StandardDimension" visible="true" highCardinality="false" name="Filantropico">
    <Hierarchy name="Filantropico" visible="true" hasAll="true" allMemberName="todos" allMemberCaption="Todos" primaryKey="codvincsus">
      <Table name="filantropico" schema="dim">
      </Table>
      <Level name="Filantropico" visible="true" column="codvincsus" nameColumn="descvincsus" type="Integer" internalType="int" uniqueMembers="true" levelType="Regular" hideMemberIf="Never" caption="Filantr&#237;pico">
      </Level>
    </Hierarchy>
  </Dimension>
  <Dimension type="StandardDimension" visible="true" highCardinality="false" name="FaixaLeitos">
    <Hierarchy name="faixa" visible="true" hasAll="true" allMemberName="todos" allMemberCaption="Todos" primaryKey="codfaixa">
      <Table name="faixaleito" schema="dim">
      </Table>
      <Level name="faixa" visible="true" column="codfaixa" nameColumn="descfaixa" type="Integer" internalType="int" uniqueMembers="true" levelType="Regular" hideMemberIf="Never" caption="Faixa">
      </Level>
    </Hierarchy>
  </Dimension>
  <Dimension type="TimeDimension" visible="true" highCardinality="false" name="timeDimension" caption="Per&#237;odo">
    <Hierarchy visible="false" hasAll="true">
      <Table name="tempo" schema="dim">
      </Table>
      <Level name="default" visible="false" column="sk_tempo" type="Integer" internalType="int" uniqueMembers="true" levelType="TimeDays" hideMemberIf="Never">
      </Level>
    </Hierarchy>
    <Hierarchy name="ano" visible="true" hasAll="true" primaryKey="sk_tempo">
      <Table name="tempo" schema="dim">
      </Table>
      <Level name="ano" visible="true" column="ano" type="Integer" internalType="int" uniqueMembers="false" levelType="TimeYears" hideMemberIf="Never" caption="Ano">
      </Level>
    </Hierarchy>
    <Hierarchy name="trimestre" visible="true" hasAll="true" primaryKey="sk_tempo">
      <Table name="tempo" schema="dim">
      </Table>
      <Level name="trimestre" visible="true" column="trimestre" type="Integer" internalType="int" uniqueMembers="false" levelType="TimeQuarters" hideMemberIf="Never" caption="Trimestre">
      </Level>
    </Hierarchy>
    <Hierarchy name="mes" visible="true" hasAll="true" primaryKey="sk_tempo">
      <Table name="tempo" schema="dim">
      </Table>
      <Level name="mes" visible="true" column="mes" nameColumn="nome_mes" ordinalColumn="mes" type="Integer" internalType="int" uniqueMembers="false" levelType="TimeMonths" hideMemberIf="Never" caption="M&#234;s">
      </Level>
    </Hierarchy>
    <Hierarchy name="anomes" visible="true" hasAll="true" primaryKey="sk_tempo">
      <Table name="tempo" schema="dim">
      </Table>
      <Level name="anomes" visible="true" column="anomes" nameColumn="ano_mes_nome" ordinalColumn="anomes" type="Integer" internalType="int" uniqueMembers="false" levelType="TimeMonths" hideMemberIf="Never" caption="Ano/M&#234;s">
      </Level>
    </Hierarchy>
    <Hierarchy name="dia" visible="true" hasAll="true" primaryKey="sk_tempo">
      <Table name="tempo" schema="dim">
      </Table>
      <Level name="dia" visible="true" column="sk_tempo" nameColumn="ano_mes_dia" type="Integer" internalType="int" uniqueMembers="true" levelType="TimeDays" hideMemberIf="Never" caption="Dia">
      </Level>
    </Hierarchy>
    <Hierarchy name="atmd" visible="true" hasAll="true" primaryKey="sk_tempo">
      <Table name="tempo" schema="dim">
      </Table>
      <Level name="ano" visible="true" column="ano" type="Integer" internalType="int" uniqueMembers="false" levelType="TimeYears" hideMemberIf="Never" caption="Ano">
      </Level>
      <Level name="trimestre" visible="true" column="trimestre" type="Integer" internalType="int" uniqueMembers="false" levelType="TimeQuarters" hideMemberIf="Never" caption="Trimestre">
      </Level>
      <Level name="mes" visible="true" column="mes" nameColumn="nome_mes" ordinalColumn="mes" type="Integer" internalType="int" uniqueMembers="false" levelType="TimeMonths" hideMemberIf="Never" caption="M&#234;s">
      </Level>
      <Level name="anomes" visible="true" column="anomes" nameColumn="ano_mes_nome" ordinalColumn="anomes" type="Integer" internalType="int" uniqueMembers="false" levelType="TimeMonths" hideMemberIf="Never" caption="Ano/M&#234;s">
      </Level>
      <Level name="dia" visible="true" column="sk_tempo" nameColumn="ano_mes_dia" type="Integer" internalType="int" uniqueMembers="true" levelType="TimeDays" hideMemberIf="Never" caption="Dia">
      </Level>
    </Hierarchy>
  </Dimension>
  <Cube name="SUS_Estabelecimentos" visible="true" cache="true" enabled="true">
    <Table name="fact_estabelecimento_colunar" schema="fato">
    </Table>
    <DimensionUsage source="Endereco" name="Endereco" visible="true" foreignKey="sk_endereco" highCardinality="false">
    </DimensionUsage>
    <DimensionUsage source="FaixaLeitos" name="FaixaLeitos" visible="true" foreignKey="codfaixaleito" highCardinality="false">
    </DimensionUsage>
    <DimensionUsage source="Vinculo" name="Vinculo" visible="true" foreignKey="vinculosus" highCardinality="false">
    </DimensionUsage>
    <DimensionUsage source="Filantropico" name="Filantropico" visible="true" foreignKey="flgfilantropico" highCardinality="false">
    </DimensionUsage>
    <DimensionUsage source="timeDimension" name="Per&#237;odo" visible="true" foreignKey="periodocompetencia" highCardinality="false">
    </DimensionUsage>
    <Measure name="qtdeEstabelecimentoDistintos" column="codestabelecimento" datatype="Integer" formatString="#,##0" aggregator="distinct-count" caption="Qtde Estabelecimentos" visible="true">
    </Measure>
    <Measure name="qtdeLeitos" column="qtdleitosus" datatype="Integer" formatString="#,##0" aggregator="sum" caption="Qtde Leitos do SUS" visible="true">
    </Measure>
    <CalculatedMember name="MediaLeitos" formatString="#,##0.00" caption="M&#233;dia Leitos por Estabelecimento" formula="[Measures].[qtdeLeitos]/[Measures].[qtdeEstabelecimentoDistintos]" dimension="Measures" visible="true">
    </CalculatedMember>
  </Cube>
</Schema>
