<Schema name="POCGOCIL" description="POCGOCIL">
  <Dimension type="TimeDimension" visible="true" highCardinality="false" name="Periodo" caption="Per&#237;odo Pedido Venda">
    <Hierarchy visible="true" hasAll="true" primaryKey="sk_tempo">
      <Table name="tempo" schema="dim">
      </Table>
      <Level name="Ano" visible="true" column="ano" nameColumn="ano" type="Integer" uniqueMembers="false" levelType="TimeYears" hideMemberIf="Never">
      </Level>
      <Level name="Mes" visible="true" column="mes" nameColumn="nome_mes" type="Integer" uniqueMembers="false" levelType="TimeMonths" hideMemberIf="Never" caption="M&#234;s">
      </Level>
      <Level name="Dia" visible="true" column="sk_tempo" nameColumn="dia" type="Integer" uniqueMembers="true" levelType="TimeDays" hideMemberIf="Never">
      </Level>
    </Hierarchy>
    <Hierarchy name="amdfull" visible="true" hasAll="true" primaryKey="sk_tempo">
      <Table name="tempo" schema="dim">
      </Table>
      <Level name="Ano" visible="true" column="ano" nameColumn="ano" type="Integer" uniqueMembers="false" levelType="TimeYears" hideMemberIf="Never">
      </Level>
      <Level name="Ano_Mes" visible="true" column="mes" nameColumn="ano_mes_nome" type="Integer" uniqueMembers="false" levelType="TimeMonths" hideMemberIf="Never" caption="Ano M&#234;s">
      </Level>
      <Level name="Dia" visible="true" column="dia" nameColumn="ano_mes_dia" type="Integer" uniqueMembers="false" levelType="TimeDays" hideMemberIf="Never">
      </Level>
    </Hierarchy>
  </Dimension>
  <Cube name="Checklist" visible="true" cache="true" enabled="true">
    <Table name="pocgocil_final" schema="fato">
    </Table>
    <Dimension type="StandardDimension" visible="true" highCardinality="false" name="Turno">
      <Hierarchy visible="true" hasAll="true">
        <Level name="turno" visible="true" column="turno" nameColumn="turno" ordinalColumn="ordenacaoturno" type="String" internalType="String" uniqueMembers="false" levelType="Regular" hideMemberIf="Never" caption="Turno">
        </Level>
      </Hierarchy>
    </Dimension>
    <DimensionUsage source="Periodo" name="Periodo" caption="Per&#237;odo Checks" visible="true" foreignKey="sk_tempo" highCardinality="false">
    </DimensionUsage>
    <Dimension type="StandardDimension" visible="true" highCardinality="false" name="Horario" caption="Hor&#225;rio">
      <Hierarchy visible="true" hasAll="true">
        <Level name="horario" visible="true" column="horario" nameColumn="horario" type="String" internalType="String" uniqueMembers="false" levelType="Regular" hideMemberIf="Never" caption="Hor&#225;rio">
        </Level>
      </Hierarchy>
    </Dimension>
    <Dimension type="StandardDimension" visible="true" highCardinality="false" name="Cliente">
      <Hierarchy visible="true" hasAll="true">
        <Level name="nome" visible="true" column="cliente" nameColumn="cliente" type="String" internalType="String" uniqueMembers="false" levelType="Regular" hideMemberIf="Never" caption="Nome">
        </Level>
      </Hierarchy>
    </Dimension>
    <Dimension type="StandardDimension" visible="true" highCardinality="false" name="Local">
      <Hierarchy visible="true" hasAll="true">
        <Level name="local" visible="true" column="local" nameColumn="local" type="String" internalType="String" uniqueMembers="false" levelType="Regular" hideMemberIf="Never" caption="Local">
        </Level>
      </Hierarchy>
    </Dimension>
    <Dimension type="StandardDimension" visible="true" highCardinality="false" name="Supervisor">
      <Hierarchy visible="true" hasAll="true">
        <Level name="nome" visible="true" column="supervisor" nameColumn="supervisor" type="String" internalType="String" uniqueMembers="false" levelType="Regular" hideMemberIf="Never" caption="Nome">
        </Level>
      </Hierarchy>
    </Dimension>
    <Dimension type="StandardDimension" visible="true" highCardinality="false" name="Item">
      <Hierarchy visible="true" hasAll="true">
        <Level name="descricao" visible="true" column="item" nameColumn="item" type="String" internalType="String" uniqueMembers="false" levelType="Regular" hideMemberIf="Never" caption="Descri&#231;&#227;o">
        </Level>
      </Hierarchy>
    </Dimension>
    <Dimension type="StandardDimension" visible="true" highCardinality="false" name="Status">
      <Hierarchy visible="true" hasAll="true">
        <Level name="descricao" visible="true" column="status" nameColumn="status" ordinalColumn="ordenacaostatus" type="String" internalType="String" uniqueMembers="false" levelType="Regular" hideMemberIf="Never" caption="Descri&#231;&#227;o">
        </Level>
      </Hierarchy>
    </Dimension>
    <Measure name="qtde" column="qtde" datatype="Integer" formatString="#,##0.00" aggregator="sum" caption="Quantidade Itens" visible="false">
    </Measure>
    <Measure name="otimo" column="otimo" datatype="Integer" formatString="#,##0.00" aggregator="sum" caption="&#211;timo" visible="true">
    </Measure>
    <Measure name="bom" column="bom" datatype="Integer" formatString="#,##0.00" aggregator="sum" caption="Bom" visible="true">
    </Measure>
    <Measure name="regular" column="regular" datatype="Integer" formatString="#,##0.00" aggregator="sum" caption="Regular" visible="true">
    </Measure>
    <Measure name="ruim" column="ruim" datatype="Integer" formatString="#,##0.00" aggregator="sum" caption="Ruim" visible="true">
    </Measure>
    <Measure name="intervalohoras" column="intervalo_horas" datatype="Numeric" formatString="#,##0.00" aggregator="avg" caption="Intervalos entre Checks. (horas)" visible="true">
    </Measure>
    <Measure name="qtdedia" column="sk_tempo" datatype="Integer" formatString="#,##0.00" aggregator="distinct count" visible="false">
    </Measure>
    <Measure name="qtdehora" column="horario" datatype="Integer" formatString="#,##0.00" aggregator="distinct count" visible="false">
    </Measure>
    <Measure name="qtdechecks" column="idchecklist" datatype="Integer" formatString="#,##0.00" aggregator="distinct-count" caption="Quantidade Checks" visible="true">
    </Measure>
    <CalculatedMember name="mediacheckdia" formatString="#,##0.00" caption="M&#233;dia Checks Dia" formula="[Measures].[qtdechecks]/[Measures].[qtdedia]" dimension="Measures" visible="true">
    </CalculatedMember>
  </Cube>
</Schema>
