<Schema name="dw_zopone">
  <Dimension type="TimeDimension" visible="true" highCardinality="false" name="time" caption="Data">
    <Hierarchy name="ano" visible="true" hasAll="true" allMemberName="todos" allMemberCaption="Todos" primaryKey="sk_tempo" caption="Ano">
      <Table name="tempo" schema="zopone">
      </Table>
      <Level name="ano" visible="true" column="ano" nameColumn="ano" ordinalColumn="ano" type="Integer" internalType="int" uniqueMembers="false" levelType="TimeYears" hideMemberIf="Never" caption="Ano">
      </Level>
    </Hierarchy>
    <Hierarchy name="mes" visible="true" hasAll="true" allMemberName="todos" allMemberCaption="Todos" primaryKey="sk_tempo" caption="M&#234;s">
      <Table name="tempo" schema="zopone">
      </Table>
      <Level name="mes" visible="true" column="mes" nameColumn="nome_mes" type="Integer" internalType="int" uniqueMembers="false" levelType="TimeMonths" hideMemberIf="Never" caption="M&#234;s">
      </Level>
    </Hierarchy>
    <Hierarchy name="dia" visible="true" hasAll="true" allMemberName="todos" allMemberCaption="Todos" primaryKey="sk_tempo" caption="Dia">
      <Table name="tempo" schema="zopone">
      </Table>
      <Level name="dia" visible="true" column="dia" nameColumn="dia" type="Integer" internalType="int" uniqueMembers="false" levelType="TimeDays" hideMemberIf="Never" caption="Dia">
      </Level>
    </Hierarchy>
    <Hierarchy name="maskdia" visible="true" hasAll="true" allMemberName="todos" allMemberCaption="Todos" primaryKey="sk_tempo" caption="Data">
      <Table name="tempo" schema="zopone">
      </Table>
      <Level name="maskdia" visible="true" column="sk_tempo" nameColumn="ano_mes_dia" type="Integer" internalType="int" uniqueMembers="true" levelType="TimeDays" hideMemberIf="Never" caption="Data">
      </Level>
    </Hierarchy>
    <Hierarchy name="maskas" visible="true" hasAll="true" allMemberName="todos" allMemberCaption="Todos" primaryKey="sk_tempo" caption="Ano-Semestre">
      <Table name="tempo" schema="zopone">
      </Table>
      <Level name="maskas" visible="true" column="ano_semestre" nameColumn="ano_semestre" type="String" internalType="String" uniqueMembers="false" levelType="TimeHalfYears" hideMemberIf="Never" caption="Ano-Semestre">
      </Level>
    </Hierarchy>
    <Hierarchy name="maskaq" visible="true" hasAll="true" allMemberName="todos" allMemberCaption="Todos" primaryKey="sk_tempo" caption="Ano-Trimestre">
      <Table name="tempo" schema="zopone">
      </Table>
      <Level name="maskaq" visible="true" column="ano_trimestre" nameColumn="ano_trimestre" type="String" internalType="String" uniqueMembers="false" levelType="TimeQuarters" hideMemberIf="Never" caption="Ano-Trimestre">
      </Level>
    </Hierarchy>
    <Hierarchy name="maskam" visible="true" hasAll="true" allMemberName="todos" allMemberCaption="Todos" primaryKey="sk_tempo" caption="Ano-M&#234;s">
      <Table name="tempo" schema="zopone">
      </Table>
      <Level name="maskam" visible="true" column="ano_mes" nameColumn="ano_mes" ordinalColumn="anomes" type="String" internalType="String" uniqueMembers="false" levelType="TimeMonths" hideMemberIf="Never" caption="Ano-M&#234;s">
      </Level>
    </Hierarchy>
  </Dimension>
  <Dimension type="StandardDimension" visible="true" highCardinality="false" name="contrato" caption="Contrato">
    <Hierarchy name="contrato" visible="true" hasAll="true" allMemberName="Todos" allMemberCaption="Todos" caption="Contrato">
      <Table name="contrato" schema="zopone">
      </Table>
      <Level name="contrato" visible="true" column="sk_contrato" nameColumn="contrato" type="Integer" internalType="int" uniqueMembers="false" levelType="Regular" hideMemberIf="Never" caption="Contrato">
      </Level>
    </Hierarchy>
    <Hierarchy name="codigocontrato" visible="true" hasAll="true" allMemberName="Todos" allMemberCaption="Todos" caption="C&#243;digo contrato">
      <Table name="contrato" schema="zopone">
      </Table>
      <Level name="codigocontrato" visible="true" column="sk_contrato" nameColumn="codobra" type="Integer" internalType="int" uniqueMembers="false" levelType="Regular" hideMemberIf="Never" caption="C&#243;digo Contrato">
      </Level>
    </Hierarchy>
  </Dimension>
  <Dimension type="StandardDimension" visible="true" highCardinality="false" name="obra" caption="C&#243;digo Obra">
    <Hierarchy name="codobra" visible="true" hasAll="true" allMemberName="Todos" allMemberCaption="Todos" primaryKey="sk_classe_obra" caption="C&#243;digo Obra">
      <Table name="classe_obra" schema="zopone">
      </Table>
      <Level name="codobra" visible="true" column="sk_classe_obra" nameColumn="cod_obra" type="Integer" internalType="int" uniqueMembers="false" levelType="Regular" hideMemberIf="Never" caption="C&#243;digo Obra">
      </Level>
    </Hierarchy>
    <Hierarchy name="descricao_obra" visible="true" hasAll="true" allMemberName="Todos" allMemberCaption="Todos" caption="Descri&#231;&#227;o Obra">
      <Table name="classe_obra" schema="zopone">
      </Table>
      <Level name="descricao_obra" visible="true" column="sk_classe_obra" nameColumn="dsc_classe_obra" type="Integer" internalType="int" uniqueMembers="false" levelType="Regular" hideMemberIf="Never" caption="Descri&#231;&#227;o Obra">
      </Level>
    </Hierarchy>
    <Hierarchy name="tipo_obra" visible="true" hasAll="true" allMemberName="Todos" allMemberCaption="Todos" caption="Tipo Obra">
      <Table name="classe_obra" schema="zopone">
      </Table>
      <Level name="tipo_obra" visible="true" column="sk_classe_obra" nameColumn="tipo_obra" type="Integer" internalType="int" uniqueMembers="false" levelType="Regular" hideMemberIf="Never" caption="Tipo Obra">
      </Level>
    </Hierarchy>
  </Dimension>
  <Dimension type="StandardDimension" visible="true" highCardinality="false" name="favorecido" caption="Favorecido">
    <Hierarchy name="favorecido" visible="true" hasAll="true" allMemberName="Todos" allMemberCaption="Todos" caption="Favorecido">
      <Table name="favorecido" schema="zopone">
      </Table>
      <Level name="favorecido" visible="true" column="sk_favorecido" nameColumn="nome_favorecido" type="String" internalType="String" uniqueMembers="false" levelType="Regular" hideMemberIf="Never" caption="Favorecido">
      </Level>
    </Hierarchy>
  </Dimension>
  <Dimension type="StandardDimension" visible="true" highCardinality="false" name="responsavel" caption="Respons&#225;vel">
    <Hierarchy name="responsavel" visible="true" hasAll="true" allMemberName="Todos" allMemberCaption="Todos" caption="Respons&#225;vel">
      <Table name="responsavel" schema="zopone">
      </Table>
      <Level name="responsavel" visible="true" column="sk_resp" nameColumn="responsavel" type="Integer" internalType="int" uniqueMembers="false" levelType="Regular" hideMemberIf="Never" caption="Respons&#225;vel">
      </Level>
    </Hierarchy>
  </Dimension>
  <Dimension type="StandardDimension" visible="true" highCardinality="false" name="detentor" caption="Detentor">
    <Hierarchy name="detentor" visible="true" hasAll="true" allMemberName="Todos" allMemberCaption="Todos" caption="Detentor">
      <Table name="detentora" schema="zopone">
      </Table>
      <Level name="detentor" visible="true" column="sk_detentora" nameColumn="detentora" type="Integer" internalType="int" uniqueMembers="false" levelType="Regular" hideMemberIf="Never" caption="Detentor">
      </Level>
    </Hierarchy>
  </Dimension>
  <Dimension type="StandardDimension" visible="true" highCardinality="false" name="endereco" caption="Endere&#231;o">
    <Hierarchy name="geo" visible="true" hasAll="true" allMemberName="todos" allMemberCaption="Todos" primaryKey="sk_endereco" caption="Geo">
      <Table name="endereco2" schema="zopone">
      </Table>
      <Level name="localidade" visible="true" column="sk_endereco" nameColumn="localidade" type="Integer" internalType="int" uniqueMembers="true" levelType="Regular" hideMemberIf="Never" caption="Cidade">
      </Level>
      <Level name="Latitude" visible="true" column="sk_lat" nameColumn="lat" type="Integer" uniqueMembers="false" levelType="Regular" hideMemberIf="Never" caption="Latitude">
      </Level>
      <Level name="Longitude" visible="true" column="sk_lon" nameColumn="lon" type="Integer" uniqueMembers="false" levelType="Regular" hideMemberIf="Never" caption="Longitude">
      </Level>
    </Hierarchy>
    <Hierarchy name="pais" visible="true" hasAll="true" allMemberName="todos" allMemberCaption="Todos" primaryKey="sk_endereco" caption="Pais">
      <Table name="endereco2" schema="zopone">
      </Table>
      <Level name="nome" visible="true" column="codpais" nameColumn="dscpais" type="Integer" internalType="int" uniqueMembers="false" levelType="Regular" hideMemberIf="Never" caption="Pais">
      </Level>
    </Hierarchy>
    <Hierarchy name="estado" visible="true" hasAll="true" allMemberName="todos" allMemberCaption="Todos" primaryKey="sk_endereco" caption="Estado (UF)">
      <Table name="endereco2" schema="zopone">
      </Table>
      <Level name="nome" visible="true" column="codestado" nameColumn="dscestado" type="Integer" internalType="int" uniqueMembers="false" levelType="Regular" hideMemberIf="Never" caption="Estado (UF)">
      </Level>
    </Hierarchy>
    <Hierarchy name="municipio" visible="true" hasAll="true" allMemberName="todos" allMemberCaption="Todos" primaryKey="sk_endereco" caption="Munic&#237;pio">
      <Table name="endereco2" schema="zopone">
      </Table>
      <Level name="nome" visible="true" column="dsccidade" nameColumn="dsccidade" type="String" internalType="String" uniqueMembers="false" levelType="Regular" hideMemberIf="Never" caption="Munic&#237;pio">
      </Level>
    </Hierarchy>
    <Hierarchy name="regiao" visible="true" hasAll="true" allMemberName="todos" allMemberCaption="Todos" primaryKey="sk_endereco" caption="Regi&#227;o">
      <Table name="endereco2" schema="zopone">
      </Table>
      <Level name="nome" visible="true" column="dscregiao" nameColumn="dscregiao" type="String" internalType="String" uniqueMembers="false" levelType="Regular" hideMemberIf="Never" caption="Regi&#227;o">
      </Level>
    </Hierarchy>
  </Dimension>
  <Dimension type="StandardDimension" visible="true" highCardinality="false" name="colaborador" caption="Colaborador">
    <Hierarchy name="colaborador" visible="true" hasAll="true" allMemberName="Todos" allMemberCaption="Todos" caption="Colaborador">
      <Table name="colaboradora" schema="zopone">
      </Table>
      <Level name="colaborador" visible="true" column="sk_colab" nameColumn="colab" type="Integer" internalType="int" uniqueMembers="false" levelType="Regular" hideMemberIf="Never" caption="Colaborador">
      </Level>
    </Hierarchy>
  </Dimension>
  <Dimension type="StandardDimension" visible="true" highCardinality="false" name="tipocontrato" caption="Tipo Contrato">
    <Hierarchy name="tipocontrato" visible="true" hasAll="true" allMemberName="Todos" allMemberCaption="Todos" caption="Tipo Contrato">
      <Table name="tipo_contrato" schema="zopone">
      </Table>
      <Level name="tipocontrato" visible="true" column="sk_tipo_contrato" nameColumn="nome_contrato" type="Integer" internalType="int" uniqueMembers="false" levelType="Regular" hideMemberIf="Never" caption="Tipo Contrato">
      </Level>
    </Hierarchy>
  </Dimension>
  <Cube name="orcamento" caption="1 - Or&#231;amento" visible="true" cache="true" enabled="true">
    <Table name="dados_orcamento" schema="zopone">
    </Table>
    <DimensionUsage source="contrato" name="contrato" caption="C&#243;digo Contrato" visible="true" foreignKey="sk_contrato" highCardinality="false">
    </DimensionUsage>
    <DimensionUsage source="obra" name="obra" caption="C&#243;digo Obra" visible="true" foreignKey="sk_classe_obra" highCardinality="false">
    </DimensionUsage>
    <Dimension type="StandardDimension" visible="true" highCardinality="false" name="desc_orcamento" caption="Descri&#231;&#227;o Or&#231;amento">
      <Hierarchy name="desc_orcamento" visible="true" hasAll="true" allMemberName="Todos" allMemberCaption="Todos" caption="Descri&#231;&#227;o Or&#231;amento">
        <Level name="desc_orcamento" visible="true" column="descricao" nameColumn="descricao" type="String" internalType="String" uniqueMembers="false" levelType="Regular" hideMemberIf="Never" caption="Descri&#231;&#227;o Or&#231;amento">
        </Level>
      </Hierarchy>
    </Dimension>
    <DimensionUsage source="time" name="data" caption="Data medi&#231;&#227;o" visible="true" foreignKey="dtmedicao" highCardinality="false">
    </DimensionUsage>
    <DimensionUsage source="detentor" name="detentora" caption="Detentor" visible="true" foreignKey="sk_detentora" highCardinality="false">
    </DimensionUsage>
    <DimensionUsage source="endereco" name="endereco" caption="Endere&#231;o" visible="true" foreignKey="sk_endereco" highCardinality="false">
    </DimensionUsage>
    <DimensionUsage source="responsavel" name="responsavel" caption="Respons&#225;vel Obra" visible="true" foreignKey="sk_resp" highCardinality="false">
    </DimensionUsage>
    <DimensionUsage source="colaborador" name="coordenador" caption="Coordenador" visible="true" foreignKey="sk_colab_coordenador" highCardinality="false">
    </DimensionUsage>
    <DimensionUsage source="colaborador" name="colaborador" caption="Colaborador" visible="true" foreignKey="sk_colab_colaborador" highCardinality="false">
    </DimensionUsage>
    <DimensionUsage source="colaborador" name="mestreobra" caption="Mestre Obra" visible="true" foreignKey="sk_colab_mestreobra" highCardinality="false">
    </DimensionUsage>
    <DimensionUsage source="tipocontrato" name="tipocontrato" caption="Tipo Contrato" visible="true" foreignKey="sk_tipo_contrato" highCardinality="false">
    </DimensionUsage>
    <Measure name="valortotalOrcamento" column="valor_medicao" datatype="String" formatString="#,##0.##" aggregator="sum" caption="Valor Or&#231;amento" visible="true">
    </Measure>
    <Measure name="valortotalComplementoOrcamento" column="medicao_complemento" datatype="Numeric" formatString="#,##0.##" aggregator="sum" caption="Valor Total Complemento Or&#231;amento" visible="true">
    </Measure>
    <Measure name="valormedioComplementoOrcamento" column="medicao_complemento" datatype="Numeric" formatString="#,##0.##" aggregator="avg" caption="Valor M&#233;dio Complemento Or&#231;amento" visible="true">
    </Measure>
    <Measure name="qtdOrcamento" column="sk_dados_orcamento" datatype="Integer" formatString="#,##0.##" aggregator="distinct-count" caption="Qtd. Or&#231;amento" visible="true">
    </Measure>
    <CalculatedMember name="somaComplementoOrcamento" formatString="#,##0.##" caption="Soma de Med. Comp. + Or&#231;." formula="[Measures].[valortotalOrcamento]+[Measures].[valortotalComplementoOrcamento]" dimension="Measures" visible="true">
    </CalculatedMember>
    <CalculatedMember name="valormedioOrcamento" formatString="#,##0.##" caption="Valor M&#233;dio Orcamento" formula="[Measures].[valortotalOrcamento]/[Measures].[qtdOrcamento]" dimension="Measures" visible="true">
    </CalculatedMember>
  </Cube>
  <Cube name="faturamento" caption="2 - Faturamento" visible="true" cache="true" enabled="true">
    <Table name="dados_faturamento" schema="zopone">
    </Table>
    <DimensionUsage source="contrato" name="contrato" caption="C&#243;digo Contrato" visible="true" foreignKey="sk_contrato" highCardinality="false">
    </DimensionUsage>
    <DimensionUsage source="obra" name="obra" caption="Classe Obra" visible="true" foreignKey="sk_classe_obra" highCardinality="false">
    </DimensionUsage>
    <DimensionUsage source="time" name="data" caption="Data faturamento" visible="true" foreignKey="dtfaturamento" highCardinality="false">
    </DimensionUsage>
    <DimensionUsage source="endereco" name="endereco" caption="Endere&#231;o" visible="true" foreignKey="sk_endereco" highCardinality="false">
    </DimensionUsage>
    <DimensionUsage source="responsavel" name="responsavel" caption="Respons&#225;vel" visible="true" foreignKey="sk_resp" highCardinality="false">
    </DimensionUsage>
    <DimensionUsage source="detentor" name="detentora" caption="Detentor" visible="true" foreignKey="sk_detentora" highCardinality="false">
    </DimensionUsage>
    <DimensionUsage source="colaborador" name="coordenador" caption="Coordenador" visible="true" foreignKey="sk_colab_coordenador" highCardinality="false">
    </DimensionUsage>
    <DimensionUsage source="colaborador" name="colaborador" caption="Colaborador" visible="true" foreignKey="sk_colab_colaborador" highCardinality="false">
    </DimensionUsage>
    <DimensionUsage source="colaborador" name="mestreobra" caption="Mestre Obra" visible="true" foreignKey="sk_colab_mestreobra" highCardinality="false">
    </DimensionUsage>
    <DimensionUsage source="tipocontrato" name="tipocontrato" caption="Tipo Contrato" visible="true" foreignKey="sk_tipo_contrato" highCardinality="false">
    </DimensionUsage>
    <Measure name="qtdFaturamento" column="sk_contrato" datatype="Integer" formatString="#,##0.##" aggregator="distinct-count" caption="Qtd. Faturamento" visible="true">
    </Measure>
    <Measure name="valortotalComplementoFaturamento" column="faturamento_complemento" datatype="Numeric" formatString="#,##0.##" aggregator="sum" caption="Valor Total Complemento Faturamento" visible="true">
    </Measure>
    <Measure name="valormedioComplementoFaturamento" column="faturamento_complemento" datatype="Numeric" formatString="#,##0.##" aggregator="sum" caption="Valor M&#233;dio Complemento Faturamento" visible="true">
    </Measure>
    <Measure name="valorFaturamentoNF" column="faturamentonf" datatype="Numeric" formatString="#,##0.##" aggregator="sum" caption="Valor Faturamento NF" visible="true">
    </Measure>
    <Measure name="valortotalFaturamento" column="valor_faturamento" datatype="Numeric" formatString="#,##0.##" aggregator="sum" caption="Valor Faturamento" visible="true">
    </Measure>
    <CalculatedMember name="valormedioFaturamento" formatString="#,##0.##" caption="Valor M&#233;dio Faturamento" formula="[Measures].[valortotalFaturamento]/[Measures].[qtdFaturamento]" dimension="Measures" visible="true">
    </CalculatedMember>
  </Cube>
  <Cube name="pagamento" caption="3 - Pagamento" visible="true" cache="true" enabled="true">
    <Table name="dados_pagamento" schema="zopone">
    </Table>
    <DimensionUsage source="contrato" name="contrato" caption="C&#243;digo Contrato" visible="true" foreignKey="sk_contrato" highCardinality="false">
    </DimensionUsage>
    <DimensionUsage source="obra" name="obra" caption="Obra" visible="true" foreignKey="sk_classe_obra" highCardinality="false">
    </DimensionUsage>
    <Dimension type="StandardDimension" visible="true" highCardinality="false" name="situacao_pagamento" caption="Situa&#231;&#227;o Pagamento">
      <Hierarchy name="situacao_pagamento" visible="true" hasAll="true" allMemberName="Todos" allMemberCaption="Todos" caption="Situa&#231;&#227;o Pagamento">
        <Level name="situacao_pagamento" visible="true" column="situacao" nameColumn="situacao" type="String" internalType="String" uniqueMembers="false" levelType="Regular" hideMemberIf="Never" caption="Situa&#231;&#227;o Pagamento">
        </Level>
      </Hierarchy>
    </Dimension>
    <Dimension type="StandardDimension" visible="true" highCardinality="false" name="des_pagamento" caption="Descri&#231;&#227;o Pagamento">
      <Hierarchy name="desc_pagamento" visible="true" hasAll="true" allMemberName="Todos" allMemberCaption="Todos" caption="Descri&#231;&#227;o Pagamento">
        <Level name="desc_pagamento" visible="true" column="descricao" nameColumn="descricao" type="String" internalType="String" uniqueMembers="false" levelType="Regular" hideMemberIf="Never" caption="Descri&#231;&#227;o Pagamento">
        </Level>
      </Hierarchy>
    </Dimension>
    <Dimension type="StandardDimension" visible="true" highCardinality="false" name="drz_pagamento" caption="DRZ Pagamento">
      <Hierarchy name="drz_pagamento" visible="true" hasAll="true" allMemberName="Todos" allMemberCaption="Todos" caption="DRZ Pagamento">
        <Level name="drz_pagamento" visible="true" column="drz" nameColumn="drz" type="String" internalType="String" uniqueMembers="false" levelType="Regular" hideMemberIf="Never" caption="DRZ Pagamento">
        </Level>
      </Hierarchy>
    </Dimension>
    <Dimension type="StandardDimension" visible="true" highCardinality="false" name="pagamentonf" caption="Pagamento NF">
      <Hierarchy name="pagamentonf" visible="true" hasAll="true" allMemberName="Todos" allMemberCaption="Todos" caption="Pagamento NF">
        <Level name="pagamentonf" visible="true" column="nf" nameColumn="nf" type="String" internalType="String" uniqueMembers="false" levelType="Regular" hideMemberIf="Never" caption="Pagamento NF">
        </Level>
      </Hierarchy>
    </Dimension>
    <DimensionUsage source="favorecido" name="favorecido" caption="Favorecido" visible="true" foreignKey="sk_favorecido" highCardinality="false">
    </DimensionUsage>
    <DimensionUsage source="time" name="data" caption="Data pagamento" visible="true" foreignKey="dtpagamento" highCardinality="false">
    </DimensionUsage>
    <DimensionUsage source="endereco" name="endereco" caption="Endere&#231;o" visible="true" foreignKey="sk_endereco" highCardinality="false">
    </DimensionUsage>
    <DimensionUsage source="responsavel" name="responsavel" caption="Respons&#225;vel" visible="true" foreignKey="sk_resp" highCardinality="false">
    </DimensionUsage>
    <DimensionUsage source="detentor" name="detentora" caption="Detentor" visible="true" foreignKey="sk_detentora" highCardinality="false">
    </DimensionUsage>
    <DimensionUsage source="colaborador" name="coordenador" caption="Coordenador" visible="true" foreignKey="sk_colab_coordenador" highCardinality="false">
    </DimensionUsage>
    <DimensionUsage source="colaborador" name="mestreobra" caption="Mestre de Obra" visible="true" foreignKey="sk_colab_mestreobra" highCardinality="false">
    </DimensionUsage>
    <DimensionUsage source="colaborador" name="colaborador" caption="Colaborador" visible="true" foreignKey="sk_colab_colaborador" highCardinality="false">
    </DimensionUsage>
    <DimensionUsage source="tipocontrato" name="tipocontrato" caption="Tipo Contrato" visible="true" foreignKey="sk_tipo_contrato" highCardinality="false">
    </DimensionUsage>
    <Measure name="valortotalPagamento" column="valor_total" datatype="Numeric" formatString="#,##0.##" aggregator="sum" caption="Valor Total Pagamento" visible="true">
    </Measure>
    <Measure name="qtdPagamento" column="sk_contrato" datatype="Integer" formatString="#,##0.##" aggregator="distinct-count" caption="Qtd. Pagamento" visible="true">
    </Measure>
    <Measure name="totalJurosPagamento" column="juros" datatype="Numeric" formatString="#,##0.##" aggregator="sum" caption="Juros Pagamento" visible="true">
    </Measure>
    <Measure name="multaPagamento" column="multa" datatype="Numeric" formatString="#,##0.##" aggregator="sum" caption="Multa Pagamento" visible="true">
    </Measure>
    <Measure name="valorpagototalPagamento" column="valor_pago" datatype="Numeric" formatString="#,##0.##" aggregator="sum" caption="Valor Pago Total Pagamento" visible="true">
    </Measure>
    <Measure name="valorpagomedioPagamento" column="valor_pago" datatype="Numeric" formatString="#,##0.##" aggregator="avg" caption="Valor Pago M&#233;dio Pagamento" visible="true">
    </Measure>
    <CalculatedMember name="valortotalMedioPagamento" formatString="#,##0.##" caption="Valor M&#233;dio Pagamento" formula="[Measures].[valortotalPagamento]/[Measures].[qtdPagamento]" dimension="Measures" visible="true">
    </CalculatedMember>
  </Cube>
  <VirtualCube enabled="true" name="Contrato_Info" caption="4 - Demonstra&#231;&#227;o de Resultado Zopone" visible="true">
    <VirtualCubeDimension cubeName="orcamento" caption="Contrato Info." visible="true" highCardinality="false" name="contrato">
    </VirtualCubeDimension>
    <VirtualCubeDimension cubeName="orcamento" caption="Obra - Contrato" visible="true" highCardinality="false" name="obra">
    </VirtualCubeDimension>
    <VirtualCubeDimension cubeName="orcamento" caption="Data Base" visible="true" highCardinality="false" name="data">
    </VirtualCubeDimension>
    <VirtualCubeDimension cubeName="orcamento" caption="Detentor" visible="true" highCardinality="false" name="detentora">
    </VirtualCubeDimension>
    <VirtualCubeDimension cubeName="orcamento" caption="Respons&#225;vel" visible="true" highCardinality="false" name="responsavel">
    </VirtualCubeDimension>
    <VirtualCubeDimension cubeName="orcamento" caption="Endere&#231;o" visible="true" highCardinality="false" name="endereco">
    </VirtualCubeDimension>
    <VirtualCubeDimension cubeName="orcamento" caption="Coordenador" visible="true" highCardinality="false" name="coordenador">
    </VirtualCubeDimension>
    <VirtualCubeDimension cubeName="orcamento" caption="Mestre Obra" visible="true" highCardinality="false" name="mestreobra">
    </VirtualCubeDimension>
    <VirtualCubeDimension cubeName="orcamento" caption="Colaborador" visible="true" highCardinality="false" name="colaborador">
    </VirtualCubeDimension>
    <VirtualCubeDimension cubeName="orcamento" caption="Tipo Contrato" visible="true" highCardinality="false" name="tipocontrato">
    </VirtualCubeDimension>
    <VirtualCubeMeasure cubeName="orcamento" name="[Measures].[valortotalOrcamento]" visible="true">
    </VirtualCubeMeasure>
    <VirtualCubeMeasure cubeName="faturamento" name="[Measures].[valortotalFaturamento]" visible="true">
    </VirtualCubeMeasure>
    <VirtualCubeMeasure cubeName="pagamento" name="[Measures].[valortotalPagamento]" visible="true">
    </VirtualCubeMeasure>
    <VirtualCubeMeasure cubeName="orcamento" name="[Measures].[qtdOrcamento]" visible="true">
    </VirtualCubeMeasure>
    <VirtualCubeMeasure cubeName="orcamento" name="[Measures].[valormedioOrcamento]" visible="true">
    </VirtualCubeMeasure>
    <VirtualCubeMeasure cubeName="faturamento" name="[Measures].[valormedioFaturamento]" visible="true">
    </VirtualCubeMeasure>
    <VirtualCubeMeasure cubeName="pagamento" name="[Measures].[valortotalMedioPagamento]" visible="true">
    </VirtualCubeMeasure>
    <VirtualCubeMeasure cubeName="faturamento" name="[Measures].[qtdFaturamento]" visible="true">
    </VirtualCubeMeasure>
    <VirtualCubeMeasure cubeName="pagamento" name="[Measures].[qtdPagamento]" visible="true">
    </VirtualCubeMeasure>
    <CalculatedMember name="fator" formatString="#,##0.##" caption="Fator" formula="[Measures].[valortotalFaturamento]/[Measures].[valortotalPagamento]" dimension="Measures" visible="true">
    </CalculatedMember>
    <CalculatedMember name="margem" formatString="#,##0.##" caption="Margem" formula="([Measures].[valortotalFaturamento]-[Measures].[valortotalPagamento])/[Measures].[valortotalFaturamento]*100" dimension="Measures" visible="true">
    </CalculatedMember>
    <CalculatedMember name="saldo" formatString="#,##0.##" caption="Rec - Desp" formula="([Measures].[valortotalFaturamento]-[Measures].[valortotalPagamento])" dimension="Measures" visible="true">
    </CalculatedMember>
    <CalculatedMember name="mediaSaldo" formatString="#,##0.##" caption="M&#233;dia Saldo" formula="[Measures].[valormedioFaturamento]-[Measures].[valortotalMedioPagamento]" dimension="Measures" visible="true">
    </CalculatedMember>
    <CalculatedMember name="mediaFator" formatString="#,##0.##" caption="M&#233;dia Fator" formula="[Measures].[valormedioFaturamento]/[Measures].[valortotalMedioPagamento]" dimension="Measures" visible="true">
    </CalculatedMember>
    <CalculatedMember name="mediaMargem" formatString="#,##0.##" caption="M&#233;dia Margem" formula="([Measures].[valormedioFaturamento]-[Measures].[valortotalMedioPagamento])/[Measures].[valormedioFaturamento]*100" dimension="Measures" visible="true">
    </CalculatedMember>
  </VirtualCube>
</Schema>
