<?xml version="1.0" encoding="UTF-8"?>
<DesignerComponent>
  <Header>
    <Name>Widget Sample</Name>
    <IName>widgetSampleWidget</IName>
    <Description>SampleWidget Widget</Description>
    <Category>LEGACY</Category>
    <CatDescription>Legacy</CatDescription>
    <Order>685</Order>
    <Type>PalleteEntry</Type>
    <Version>1.0</Version>
  </Header>
  <Contents>
    <Model>
      <Property>htmlObject</Property>
      <Property name="year">year</Property>
    </Model>
    <Implementation supportsLegacy="true" supportsAMD="false">
      <Code/>
      <Dependencies/>
      <Styles/>
      <CustomProperties>
        <DesignerProperty>
          <Header>
            <Name>year</Name>
            <Parent>BaseProperty</Parent>
            <DefaultValue></DefaultValue>
            <Description>Parameter year</Description>
            <Tooltip>What dashboard parameter should map to widget parameter year?</Tooltip>
            <Advanced>false</Advanced>
            <InputType>Parameter</InputType>
            <OutputType>String</OutputType>
            <Order>1</Order>
            <Version>1.0</Version>
          </Header>
        </DesignerProperty>
      </CustomProperties>
    </Implementation>
  </Contents>
  <Metadata>
    <meta name="wcdf">/public/cde/widgets/sample.wcdf</meta>
    <meta name="widget">true</meta>
  </Metadata>
</DesignerComponent>
