<Schema name="VIEWBPOCPANCO">
  <Dimension type="StandardDimension" visible="true" highCardinality="false" name="Endereco" caption="Endere&#231;o">
    <Hierarchy visible="false" hasAll="true" allMemberName="Todos" allMemberCaption="Todos" primaryKey="sk_endereco" caption="Geo">
      <Table name="endereco" schema="dim">
      </Table>
      <Level name="pais" visible="true" column="pais" nameColumn="pais" type="String" internalType="String" uniqueMembers="false" levelType="Regular" hideMemberIf="Never" caption="Pais">
      </Level>
      <Level name="regiao" visible="true" column="regiao" nameColumn="regiao" type="String" internalType="String" uniqueMembers="false" levelType="Regular" hideMemberIf="Never" caption="Regiao">
      </Level>
      <Level name="estado" visible="true" column="uf" nameColumn="uf" type="String" internalType="String" uniqueMembers="false" levelType="Regular" hideMemberIf="Never" caption="Estado">
      </Level>
      <Level name="cidade" visible="true" column="sk_endereco" nameColumn="municipio" type="Integer" internalType="int" uniqueMembers="true" levelType="Regular" hideMemberIf="Never" caption="Cidade">
      </Level>
    </Hierarchy>
    <Hierarchy name="sigla" visible="false" hasAll="true" allMemberName="Todos" allMemberCaption="Todos" primaryKey="sk_endereco" caption="Sigla UF.">
      <Table name="endereco" schema="dim">
      </Table>
      <Level name="sigla" visible="true" column="uf" nameColumn="uf" type="String" internalType="String" uniqueMembers="false" levelType="Regular" hideMemberIf="Never" caption="Sigla UF.">
      </Level>
      <Level name="cidade" visible="true" column="sk_endereco" nameColumn="municipio" type="Integer" internalType="int" uniqueMembers="false" levelType="Regular" hideMemberIf="Never" caption="Cidade">
      </Level>
      <Level name="Latitude" visible="true" column="sk_lat" nameColumn="latitude" type="Integer" internalType="int" uniqueMembers="false" levelType="Regular" hideMemberIf="Never" caption="Latitude">
      </Level>
      <Level name="Longitude" visible="true" column="sk_long" nameColumn="longitude" type="Integer" internalType="int" uniqueMembers="false" levelType="Regular" hideMemberIf="Never" caption="Longitude">
      </Level>
    </Hierarchy>
    <Hierarchy name="pais" visible="true" hasAll="true" primaryKey="sk_endereco" caption="Pa&#237;s">
      <Table name="endereco" schema="dim" alias="">
      </Table>
      <Level name="pais" visible="true" column="pais" nameColumn="pais" type="String" internalType="String" uniqueMembers="false" levelType="Regular" hideMemberIf="Never" caption="Pa&#237;s">
      </Level>
    </Hierarchy>
    <Hierarchy name="estado" visible="true" hasAll="true" primaryKey="sk_endereco" caption="Estado">
      <Table name="endereco" schema="dim" alias="">
      </Table>
      <Level name="estado" visible="true" column="uf" nameColumn="uf" type="String" internalType="String" uniqueMembers="false" levelType="Regular" hideMemberIf="Never" caption="Estado">
      </Level>
    </Hierarchy>
    <Hierarchy name="municipio" visible="true" hasAll="true" primaryKey="sk_endereco" caption="Munic&#237;pio">
      <Table name="endereco" schema="dim" alias="">
      </Table>
      <Level name="municipio" visible="true" column="municipio" nameColumn="municipio" type="String" internalType="String" uniqueMembers="false" levelType="Regular" hideMemberIf="Never" caption="Munic&#237;pio">
      </Level>
    </Hierarchy>
    <Hierarchy name="paisgeo" visible="true" hasAll="true" primaryKey="sk_endereco" caption="Geo Pa&#237;s">
      <Table name="endereco" schema="dim" alias="">
      </Table>
      <Level name="pais" visible="true" column="pais" nameColumn="pais" type="String" internalType="String" uniqueMembers="false" levelType="Regular" hideMemberIf="Never">
      </Level>
      <Level name="lat" visible="true" column="sk_latpais" nameColumn="latitudepais" type="Integer" internalType="int" uniqueMembers="false" levelType="Regular" hideMemberIf="Never">
      </Level>
      <Level name="long" visible="true" column="sk_longpais" nameColumn="longitudepais" type="Integer" internalType="int" uniqueMembers="false" levelType="Regular" hideMemberIf="Never">
      </Level>
    </Hierarchy>
    <Hierarchy name="estadogeo" visible="true" hasAll="true" primaryKey="sk_endereco" caption="Geo Estado">
      <Table name="endereco" schema="dim" alias="">
      </Table>
      <Level name="estado" visible="true" column="uf" nameColumn="uf" type="String" internalType="String" uniqueMembers="false" levelType="Regular" hideMemberIf="Never">
      </Level>
      <Level name="lat" visible="true" column="sk_latestado" nameColumn="latitudeestado" type="Integer" internalType="int" uniqueMembers="false" levelType="Regular" hideMemberIf="Never">
      </Level>
      <Level name="long" visible="true" column="sk_longestado" nameColumn="longitudeestado" type="Integer" internalType="int" uniqueMembers="false" levelType="Regular" hideMemberIf="Never">
      </Level>
    </Hierarchy>
    <Hierarchy name="municipiogeo" visible="true" hasAll="true" primaryKey="sk_endereco" caption="Geo Munic&#237;pio">
      <Table name="endereco" schema="dim" alias="">
      </Table>
      <Level name="municipio" visible="true" column="municipio" nameColumn="municipio" type="String" internalType="String" uniqueMembers="false" levelType="Regular" hideMemberIf="Never">
      </Level>
      <Level name="lat" visible="true" column="sk_lat" nameColumn="latitude" type="Integer" internalType="int" uniqueMembers="false" levelType="Regular" hideMemberIf="Never">
      </Level>
      <Level name="long" visible="true" column="sk_long" nameColumn="longitude" type="Integer" internalType="int" uniqueMembers="false" levelType="Regular" hideMemberIf="Never">
      </Level>
    </Hierarchy>
  </Dimension>
  <Dimension type="TimeDimension" visible="true" highCardinality="false" name="Periodo" caption="Periodo">
    <Hierarchy visible="true" hasAll="true" allMemberName="Todos" allMemberCaption="Todos" primaryKey="sk_tempo">
      <Table name="tempo" schema="dim">
      </Table>
      <Level name="ano" visible="true" column="ano" nameColumn="ano" type="Integer" internalType="int" uniqueMembers="false" levelType="TimeYears" hideMemberIf="Never" caption="Ano">
      </Level>
      <Level name="mes" visible="true" column="mes" nameColumn="nome_mes" type="Integer" internalType="int" uniqueMembers="false" levelType="TimeMonths" hideMemberIf="Never" caption="Mes">
      </Level>
      <Level name="dia" visible="true" column="sk_tempo" nameColumn="dia" type="Integer" uniqueMembers="true" levelType="TimeDays" hideMemberIf="Never" caption="Dia">
      </Level>
    </Hierarchy>
    <Hierarchy name="amdfull" visible="true" hasAll="true" allMemberName="Todos" allMemberCaption="Todos" primaryKey="sk_tempo" caption="Alt. Masc.">
      <Table name="tempo" schema="dim">
      </Table>
      <Level name="ano" visible="true" column="ano" nameColumn="ano" type="Integer" internalType="int" uniqueMembers="false" levelType="TimeYears" hideMemberIf="Never" caption="Ano">
      </Level>
      <Level name="mes" visible="true" column="mes" nameColumn="ano_mes_nome" type="Integer" internalType="int" uniqueMembers="false" levelType="TimeMonths" hideMemberIf="Never" caption="Mes">
      </Level>
      <Level name="semana" visible="true" column="num_semana_mes" nameColumn="num_semana_mes" type="Integer" internalType="int" uniqueMembers="false" levelType="TimeUndefined" hideMemberIf="Never" caption="Semana do Mes">
      </Level>
      <Level name="dia" visible="true" column="sk_tempo" nameColumn="ano_mes_dia" type="Integer" internalType="int" uniqueMembers="true" levelType="TimeDays" hideMemberIf="Never" caption="Dia do Ano">
      </Level>
    </Hierarchy>
  </Dimension>
  <Cube name="Faturamento" caption="Faturamento" visible="true" cache="false" enabled="true">
    <Table name="pancofato_final" schema="fato">
    </Table>
    <DimensionUsage source="Periodo" name="PeriodoFaturamento" caption="Per&#237;odo Faturamento" visible="true" foreignKey="sk_periodo" highCardinality="false">
    </DimensionUsage>
    <DimensionUsage source="Endereco" name="Endereco" visible="true" foreignKey="sk_endereco" highCardinality="false">
    </DimensionUsage>
    <Dimension type="StandardDimension" visible="true" highCardinality="false" name="InfoFaturamento" caption="Info. de Pedido">
      <Hierarchy visible="true" hasAll="true">
        <Level name="Identificador" visible="true" column="purchaseorderid" nameColumn="purchaseorderid" type="Numeric" internalType="long" uniqueMembers="false" levelType="Regular" hideMemberIf="Never" caption="Numero Ordem">
        </Level>
      </Hierarchy>
    </Dimension>
    <Dimension type="StandardDimension" visible="true" highCardinality="false" name="Cliente">
      <Hierarchy visible="true" hasAll="true">
        <Level name="nomefantasia" visible="true" column="clientname" nameColumn="clientname" type="String" internalType="String" uniqueMembers="false" levelType="Regular" hideMemberIf="Never" caption="Nome Fantasia">
        </Level>
      </Hierarchy>
    </Dimension>
    <Dimension type="StandardDimension" visible="true" highCardinality="false" name="FinalidadeConsumo" caption="Finalidade de Consumo">
      <Hierarchy visible="true" hasAll="true">
        <Level name="descricao" visible="true" column="segmentocliente" nameColumn="segmentocliente" type="String" internalType="String" uniqueMembers="false" levelType="Regular" hideMemberIf="Never" caption="Finalidade Consumo">
        </Level>
      </Hierarchy>
    </Dimension>
    <Dimension type="StandardDimension" visible="true" highCardinality="false" name="CondicaoPagamento" caption="Condicao de Pagamento">
      <Hierarchy visible="true" hasAll="true">
        <Level name="descricao" visible="true" column="condicaodepagto" nameColumn="condicaodepagto" type="String" internalType="String" uniqueMembers="false" levelType="Regular" hideMemberIf="Never" caption="Condicao de Pagamento">
        </Level>
      </Hierarchy>
    </Dimension>
    <Dimension type="StandardDimension" visible="true" highCardinality="false" name="Representante">
      <Hierarchy visible="true" hasAll="true">
        <Level name="nome" visible="true" column="representante" nameColumn="representante" type="String" internalType="String" uniqueMembers="false" levelType="Regular" hideMemberIf="Never" caption="Nome">
        </Level>
      </Hierarchy>
    </Dimension>
    <Dimension type="StandardDimension" visible="true" highCardinality="false" name="Produto">
      <Hierarchy visible="true" hasAll="true">
        <Level name="descricao" visible="true" column="produto" nameColumn="produto" type="String" internalType="String" uniqueMembers="false" levelType="Regular" hideMemberIf="Never" caption="Descricao">
        </Level>
      </Hierarchy>
    </Dimension>
    <Dimension type="StandardDimension" visible="true" highCardinality="false" name="SubCategoria" caption="Sub. Categoria">
      <Hierarchy visible="true" hasAll="true">
        <Level name="descricao" visible="true" column="subcategoria" nameColumn="subcategoria" type="String" internalType="String" uniqueMembers="false" levelType="Regular" hideMemberIf="Never" caption="Descricao Sub. Categoria">
        </Level>
      </Hierarchy>
    </Dimension>
    <Dimension type="StandardDimension" visible="true" highCardinality="false" name="Categoria">
      <Hierarchy visible="true" hasAll="true">
        <Level name="descricao" visible="true" column="categoria" nameColumn="categoria" type="String" internalType="String" uniqueMembers="false" levelType="Regular" hideMemberIf="Never" caption="Descricao Cat.">
        </Level>
      </Hierarchy>
    </Dimension>
    <Dimension type="StandardDimension" visible="true" highCardinality="false" name="Canal">
      <Hierarchy visible="true" hasAll="true">
        <Level name="descricao" visible="true" column="canal" nameColumn="canal" type="String" internalType="String" uniqueMembers="false" levelType="Regular" hideMemberIf="Never" caption="Descricao Canal">
        </Level>
      </Hierarchy>
    </Dimension>
    <Dimension type="StandardDimension" visible="true" highCardinality="false" name="ClassConta" caption="Classifica&#231;&#227;o Conta">
      <Hierarchy visible="true" hasAll="true">
        <Level name="descricao" visible="true" column="classconta" nameColumn="classconta" type="String" internalType="String" uniqueMembers="false" levelType="Regular" hideMemberIf="Never" caption="Descri&#231;&#227;o Class Conta">
        </Level>
      </Hierarchy>
    </Dimension>
    <Dimension type="StandardDimension" visible="true" highCardinality="false" name="Gerente">
      <Hierarchy visible="true" hasAll="true">
        <Level name="nome" visible="true" column="gerente" nameColumn="gerente" type="String" internalType="String" uniqueMembers="false" levelType="Regular" hideMemberIf="Never" caption="Nome">
        </Level>
      </Hierarchy>
    </Dimension>
    <Measure name="PrecoCusto" column="precocusto" datatype="Numeric" formatString="R$ #,##0.00" aggregator="sum" caption="Preco Custo" visible="true">
    </Measure>
    <Measure name="Frete" column="frete" datatype="Numeric" formatString="R$ #,##0.00" aggregator="sum" caption="Frete" visible="true">
    </Measure>
    <Measure name="Quantidade" column="quantidade" datatype="Numeric" formatString="#,##0.00" aggregator="sum" caption="Quantidade" visible="true">
    </Measure>
    <Measure name="TotalItem" column="totalitem" datatype="Numeric" formatString="R$ #,##0.00" aggregator="sum" caption="Total Item" visible="true">
    </Measure>
    <Measure name="Desconto" column="desconto" datatype="Numeric" formatString="R$ #,##0.00" aggregator="sum" caption="Desconto" visible="true">
    </Measure>
    <Measure name="IPI" column="ipi" datatype="Numeric" formatString="R$ #,##0.00" aggregator="sum" caption="Valor Ipi" visible="true">
    </Measure>
    <Measure name="ICMSST" column="icmsst" datatype="Numeric" formatString="R$ #,##0.00" aggregator="sum" caption="Valor ICMSST" visible="true">
    </Measure>
    <Measure name="TotalPedido" column="totalpedido" datatype="Numeric" formatString="R$ #,##0.00" aggregator="sum" caption="Total Pedido" visible="true">
    </Measure>
    <Measure name="PrazoEntrega" column="deliverydays" datatype="Numeric" formatString="#,##0.00" aggregator="avg" caption="M&#233;dia Prazo Entrega" visible="true">
    </Measure>
    <Measure name="QtdePedido" column="purchaseorderid" datatype="Numeric" formatString="#,##0.00" aggregator="distinct-count" caption="Qtde. Pedido" visible="true">
    </Measure>
    <Measure name="TotalInterno" column="valorinterno" datatype="Numeric" formatString="R$ #,##0.00" aggregator="sum" caption="Total Interno" visible="true">
    </Measure>
    <Measure name="TotaleCommerce" column="valorecommerce" datatype="Numeric" formatString="R$ #,##0.00" aggregator="sum" caption="Total E-Commerce" visible="true">
    </Measure>
    <Measure name="Meta" column="meta" datatype="Numeric" formatString="R$ #,##0.00" aggregator="sum" caption="Meta" visible="true">
    </Measure>
    <CalculatedMember name="percDesconto" formatString="#,##0.00%" caption="% Desconto" formula="[Measures].[Desconto]/[Measures].[TotalPedido]" dimension="Measures" visible="true">
    </CalculatedMember>
    <CalculatedMember name="TicketMedio" formatString="R$ #,##0.00" caption="Ticket Medio" formula="[Measures].[TotalPedido]/[Measures].[QtdePedido]" dimension="Measures" visible="true">
    </CalculatedMember>
    <CalculatedMember name="percMargem" formatString="#,##0.00%" caption="% Margem" formula="([Measures].[TotalPedido]-[Measures].[PrecoCusto])/[Measures].[TotalPedido]" dimension="Measures" visible="true">
    </CalculatedMember>
    <CalculatedMember name="percMeta" formatString="#,##0.00%" caption="% Ating. Meta" formula="[Measures].[TotalPedido]/[Measures].[Meta]" dimension="Measures" visible="true">
    </CalculatedMember>
  </Cube>
  <Role name="ADMINPANCO">
    <SchemaGrant access="all">
    </SchemaGrant>
  </Role>
  <Role name="GerenteSudestePanco">
    <SchemaGrant access="none">
      <CubeGrant cube="Faturamento" access="all">
        <DimensionGrant dimension="Measures" access="all">
        </DimensionGrant>
        <HierarchyGrant hierarchy="[Gerente]" topLevel="[Gerente].[nome]" bottomLevel="[Gerente].[nome]" rollupPolicy="partial" access="custom">
          <MemberGrant member="[Gerente].[Gerente Sudeste]" access="all">
          </MemberGrant>
        </HierarchyGrant>
      </CubeGrant>
    </SchemaGrant>
  </Role>
  <Role name="GerenteSulPanco">
    <SchemaGrant access="none">
      <CubeGrant cube="Faturamento" access="all">
        <DimensionGrant dimension="Measures" access="all">
        </DimensionGrant>
        <HierarchyGrant hierarchy="[Gerente]" topLevel="[Gerente].[nome]" bottomLevel="[Gerente].[nome]" rollupPolicy="partial" access="custom">
          <MemberGrant member="[Gerente].[Gerente Sudeste]" access="all">
          </MemberGrant>
        </HierarchyGrant>
      </CubeGrant>
    </SchemaGrant>
  </Role>
</Schema>
