<Schema name="viewb_analysis2" description="ViewB Analysis" measuresCaption="Medidas">
  <Dimension type="TimeDimension" visible="true" highCardinality="false" name="lcmPeriodo">
    <Hierarchy name="amd" visible="true" hasAll="true" allMemberName="todos" allMemberCaption="Todos" primaryKey="sk_tempo">
      <Table name="viewb_tempo">
      </Table>
      <Level name="ano" visible="true" column="ano" nameColumn="ano" type="Integer" internalType="int" uniqueMembers="false" levelType="TimeYears" hideMemberIf="Never" caption="Ano">
      </Level>
      <Level name="mes" visible="true" column="mes" nameColumn="nome_mes" type="Integer" internalType="int" uniqueMembers="false" levelType="TimeMonths" hideMemberIf="Never" caption="M&#234;s">
      </Level>
      <Level name="dia" visible="true" column="dia" nameColumn="dia_mes_ano" type="Integer" internalType="int" uniqueMembers="true" levelType="TimeDays" hideMemberIf="Never" caption="Dia">
      </Level>
    </Hierarchy>
    <Hierarchy name="anomes" visible="true" hasAll="true" allMemberName="todos" allMemberCaption="Todos" primaryKey="sk_tempo">
      <Table name="viewb_tempo">
      </Table>
      <Level name="ano" visible="true" column="ano" nameColumn="ano" type="Integer" internalType="int" uniqueMembers="false" levelType="TimeYears" hideMemberIf="Never" caption="Ano">
      </Level>
      <Level name="mes" visible="true" column="mes" nameColumn="ano_mes_nome" type="Integer" internalType="int" uniqueMembers="false" levelType="TimeMonths" hideMemberIf="Never" caption="M&#234;s">
      </Level>
    </Hierarchy>
    <Hierarchy name="atmd" visible="true" hasAll="true" allMemberName="todos" allMemberCaption="Todos" primaryKey="sk_tempo">
      <Table name="viewb_tempo">
      </Table>
      <Level name="ano" visible="true" column="ano" nameColumn="ano" type="Integer" internalType="int" uniqueMembers="false" levelType="TimeYears" hideMemberIf="Never" caption="Ano">
      </Level>
      <Level name="trimestre" visible="true" column="trimestre" nameColumn="trimestre" type="Integer" internalType="int" uniqueMembers="false" levelType="TimeQuarters" hideMemberIf="Never" caption="Trimestre">
      </Level>
      <Level name="mes" visible="true" column="mes" nameColumn="ano_mes_nomeabrev" type="Integer" internalType="int" uniqueMembers="false" levelType="TimeMonths" hideMemberIf="Never" caption="Ano/M&#234;s Abrev.">
      </Level>
      <Level name="dia" visible="true" column="dia" nameColumn="dia_mes_ano" type="Integer" internalType="int" uniqueMembers="true" levelType="TimeDays" hideMemberIf="Never" caption="Data">
      </Level>
    </Hierarchy>
    <Hierarchy name="am" visible="true" hasAll="true" primaryKey="sk_tempo">
      <Table name="viewb_tempo">
      </Table>
      <Level name="anomes" visible="true" column="anomes" nameColumn="anomes" type="Integer" internalType="int" uniqueMembers="false" levelType="TimeMonths" hideMemberIf="Never">
      </Level>
    </Hierarchy>
  </Dimension>
  <Dimension type="StandardDimension" visible="true" highCardinality="false" name="lcmProcesso">
    <Hierarchy name="processo" visible="true" hasAll="true" primaryKey="sk_formulario" caption="Modelo de Processos" description="Ativos">
      <View alias="processos">
        <SQL dialect="generic">
          <![CDATA[select distinct sk_formulario, cod_form, des_titulo from viewb_dim_formulario where ide_last_ativo = 'S']]>
        </SQL>
      </View>
      <Level name="processo" visible="true" column="sk_formulario" nameColumn="des_titulo" type="Integer" internalType="int" uniqueMembers="true" levelType="Regular" hideMemberIf="Never" caption="Processo">
      </Level>
    </Hierarchy>
  </Dimension>
  <Dimension type="StandardDimension" visible="true" highCardinality="false" name="lcmEtapas" caption="Etapas de Processo">
    <Hierarchy visible="true" hasAll="true" primaryKey="sk_etapa">
      <Table name="viewb_dim_etapa">
      </Table>
      <Level name="etapa" visible="true" column="sk_etapa" nameColumn="titulo_etapa" type="Numeric" internalType="long" uniqueMembers="true" levelType="Regular" hideMemberIf="Never" caption="Etapa do Processo">
      </Level>
    </Hierarchy>
  </Dimension>
  <Dimension type="StandardDimension" visible="true" highCardinality="false" name="lcmColaborador" caption="Colaboradores" description="Colaboradores">
    <Hierarchy name="DeptoColab" visible="true" hasAll="true" primaryKey="sk_colaborador" caption="Depto. / Colaborador">
      <View alias="colab">
        <SQL dialect="generic">
          <![CDATA[select
      u.cod_usuario sk_colaborador
    , u.nom_usuario nome_colaborador
    , u.cod_depto cod_depto_colaborador
    , depto.DES_DEPTO des_depto_colaborador
from usuario u
inner join depto on depto.COD_DEPTO = u.COD_DEPTO]]>
        </SQL>
      </View>
      <Level name="depto" visible="true" column="cod_depto_colaborador" nameColumn="des_depto_colaborador" type="Integer" internalType="int" uniqueMembers="false" levelType="Regular" hideMemberIf="Never" caption="Departamento">
      </Level>
      <Level name="colab" visible="true" column="sk_colaborador" nameColumn="nome_colaborador" type="Integer" internalType="int" uniqueMembers="true" levelType="Regular" hideMemberIf="Never" caption="Colaborador">
      </Level>
    </Hierarchy>
    <Hierarchy name="DeptoLiderColab" visible="true" hasAll="true" primaryKey="sk_colaborador" caption="Depto. / L&#237;der / Colab.">
      <View alias="deptolidercolab">
        <SQL dialect="generic">
          <![CDATA[select
      u.cod_usuario sk_colaborador
    , u.nom_usuario nome_colaborador
    , u.cod_depto cod_depto_colaborador
    , depto.DES_DEPTO des_depto_colaborador
    , lider.cod_usuario sk_lider
    , lider.nom_usuario nome_lider
    , depto_lider.COD_DEPTO cod_depto_lider
    , depto_lider.DES_DEPTO des_depto_lider
from usuario u
inner join depto on depto.COD_DEPTO = u.COD_DEPTO
left join usuario lider on lider.cod_usuario = u.cod_lider
left join depto depto_lider on depto_lider.COD_DEPTO = lider.COD_DEPTO]]>
        </SQL>
      </View>
      <Level name="deptolider" visible="true" column="cod_depto_lider" nameColumn="des_depto_lider" ordinalColumn="cod_depto_lider" type="Integer" internalType="int" uniqueMembers="false" levelType="Regular" hideMemberIf="Never" caption="Depto. do L&#237;der">
      </Level>
      <Level name="lider" visible="true" column="sk_lider" nameColumn="nome_lider" ordinalColumn="sk_lider" type="Integer" internalType="int" uniqueMembers="false" levelType="Regular" hideMemberIf="Never" caption="L&#237;der">
      </Level>
      <Level name="depto" visible="true" column="cod_depto_colaborador" nameColumn="des_depto_colaborador" type="Integer" internalType="int" uniqueMembers="false" levelType="Regular" hideMemberIf="Never" caption="Departamento">
      </Level>
      <Level name="colab" visible="true" column="sk_colaborador" nameColumn="nome_colaborador" type="Integer" internalType="int" uniqueMembers="true" levelType="Regular" hideMemberIf="Never" caption="Colaborador">
      </Level>
    </Hierarchy>
  </Dimension>
  <Dimension type="StandardDimension" visible="true" highCardinality="false" name="lcmStatusProcesso">
    <Hierarchy name="statusProcesso" visible="true" hasAll="true" primaryKey="sk_status_processo" caption="Status Processo">
      <View alias="statysprocesso">
        <SQL dialect="generic">
          <![CDATA[select
  sk_status_processo,
  status_processo
from (
    select 'P' sk_status_processo, 'Aprovado' status_processo union
    select 'A', 'Em Andamento' union
    select 'R', 'Rejeitado' union
    select 'C', 'Cancelado'
) dim_status_processo]]>
        </SQL>
      </View>
      <Level name="statusprocesso" visible="true" column="sk_status_processo" nameColumn="status_processo" type="String" internalType="String" uniqueMembers="true" levelType="Regular" hideMemberIf="Never" caption="Status Processo">
      </Level>
    </Hierarchy>
  </Dimension>
  <Dimension type="StandardDimension" visible="true" highCardinality="false" name="lcmPrazo">
    <Hierarchy name="prazo" visible="true" hasAll="true" primaryKey="sk_prazo">
      <Table name="viewb_dim_prazo">
      </Table>
      <Level name="prazo" visible="true" column="sk_prazo" nameColumn="desc_prazo" type="Integer" internalType="int" uniqueMembers="true" levelType="Regular" hideMemberIf="Never" caption="Prazo de Execu&#231;&#227;o">
      </Level>
    </Hierarchy>
  </Dimension>
  <Dimension type="StandardDimension" visible="true" highCardinality="false" name="lcmStatusAtividade" caption="Status Atividade">
    <Hierarchy name="statusAtividade" visible="true" hasAll="true" caption="Status Atividade">
      <Table name="viewb_dim_status_atividade">
      </Table>
      <Level name="statusAtividade" visible="true" column="sk_status_atividade" nameColumn="desc_status_atividade" type="Integer" internalType="int" uniqueMembers="true" levelType="Regular" hideMemberIf="Never" caption="Status Atividade">
      </Level>
    </Hierarchy>
  </Dimension>
  <Dimension type="StandardDimension" visible="true" highCardinality="false" name="lcmProcessoVersionado" caption="Processos Versionados">
    <Hierarchy visible="true" hasAll="true" primaryKey="sk_formulario" caption="Processo Versionado">
      <Table name="viewb_dim_formulario">
      </Table>
      <Level name="processo" visible="true" column="sk_formulario" nameColumn="des_titulo" type="Integer" internalType="int" uniqueMembers="true" levelType="Regular" hideMemberIf="Never" caption="Processo Versionado">
      </Level>
      <Level name="ativo" visible="true" column="sk_formulario" nameColumn="des_ativo" type="Integer" internalType="int" uniqueMembers="true" levelType="Regular" hideMemberIf="Never" caption="Ativo">
      </Level>
    </Hierarchy>
  </Dimension>
  <Cube name="lcmFatoProcessosAtomica" caption="Processos" visible="true" cache="true" enabled="true">
    <Table name="viewb_fato_processos_atomica">
    </Table>
    <DimensionUsage source="lcmProcesso" name="processo" caption="Modelo de Processos" visible="true" foreignKey="sk_formulario_ativo" highCardinality="false">
    </DimensionUsage>
    <DimensionUsage source="lcmStatusProcesso" name="statusProcesso" caption="Status do Processo" visible="true" foreignKey="sk_status_processo" highCardinality="false">
    </DimensionUsage>
    <DimensionUsage source="lcmColaborador" name="solicitante" caption="Solicitante" visible="true" foreignKey="sk_colaborador_solicitante" highCardinality="false">
    </DimensionUsage>
    <DimensionUsage source="lcmPeriodo" name="dataSolicitacao" caption="Data da Solicita&#231;&#227;o" visible="true" foreignKey="sk_data_inicio" highCardinality="false">
    </DimensionUsage>
    <DimensionUsage source="lcmPeriodo" name="dataConclusaoAtv" caption="Conclus&#227;o da Atividade" visible="true" foreignKey="sk_data_termino_atividade" highCardinality="false">
    </DimensionUsage>
    <DimensionUsage source="lcmPrazo" name="prazoEtapa" caption="Prazo Atividade" visible="true" foreignKey="sk_prazo" highCardinality="false">
    </DimensionUsage>
    <DimensionUsage source="lcmStatusAtividade" name="statusAtividade" caption="Status Atividade" visible="true" foreignKey="sk_status_atividade" highCardinality="false">
    </DimensionUsage>
    <DimensionUsage source="lcmEtapas" name="etapasProcesso" caption="Etapas do Processo" visible="true" foreignKey="sk_etapa" highCardinality="false">
    </DimensionUsage>
    <Dimension type="StandardDimension" visible="true" highCardinality="false" name="cicloExecucao" caption="Ciclo Execu&#231;&#227;o">
      <Hierarchy name="ciclo" visible="true" hasAll="true">
        <Level name="codigoCiclo" visible="true" column="cod_ciclo" type="String" uniqueMembers="false" levelType="Regular" hideMemberIf="Never" caption="C&#243;digo Ciclo">
        </Level>
      </Hierarchy>
    </Dimension>
    <Dimension type="StandardDimension" visible="true" highCardinality="false" name="instancia" caption="Inst&#226;ncia">
      <Hierarchy name="instancia" visible="true" hasAll="true">
        <Level name="instancia" visible="true" column="cod_processo" type="Integer" internalType="int" uniqueMembers="true" levelType="Regular" hideMemberIf="Never" caption="C&#243;d. Inst&#226;ncia do Processo">
        </Level>
      </Hierarchy>
    </Dimension>
    <DimensionUsage source="lcmColaborador" name="executor" caption="Executor" visible="true" foreignKey="sk_executor" highCardinality="false">
    </DimensionUsage>
    <DimensionUsage source="lcmPeriodo" name="dataInicioAtv" caption="In&#237;cio da Atividade" visible="true" foreignKey="sk_data_inicio_atividade" highCardinality="false">
    </DimensionUsage>
    <DimensionUsage source="lcmPeriodo" name="dataConclusao" caption="Data Conclus&#227;o" visible="true" foreignKey="sk_data_termino" highCardinality="false">
    </DimensionUsage>
    <DimensionUsage source="lcmProcessoVersionado" name="processoVersionado" caption="Modelos Processos Versionados" visible="true" foreignKey="sk_formulario" highCardinality="false">
    </DimensionUsage>
    <DimensionUsage source="lcmPrazo" name="prazoProcesso" caption="Prazo do Processo" visible="true" foreignKey="sk_prazo_processo" highCardinality="false">
    </DimensionUsage>
    <Measure name="qtdeAtvExecutadas" column="sk_etapa" datatype="Integer" formatString="#,##0.00" aggregator="count" caption="Qtde. Atividades Executadas" visible="true">
    </Measure>
    <Measure name="qtdeAtvExecutadasPrazo" column="contador_prazo" datatype="Integer" formatString="#,##0.00" aggregator="sum" caption="Qtde. Ativ, Executadas no Prazo" visible="true">
    </Measure>
    <Measure name="qtdeAtvExecutadasCiclo" column="contador_ciclo1" datatype="Integer" formatString="#,##0.00" aggregator="sum" caption="Qtde. Ativ. Executados Ciclo 1" visible="true">
    </Measure>
    <Measure name="qtdeAtvExecutadasCicloPrazo" column="contador_ciclo1_prazo" datatype="Integer" formatString="#,##0.00" aggregator="sum" caption="Qtde. Ativ. Exec. Apenas Ciclo 1 no Prazo" visible="true">
    </Measure>
    <Measure name="tempoHibernacao" column="tempo_hibernacao" datatype="Integer" formatString="#,##0.00" aggregator="sum" caption="Tempo em Hiberna&#231;&#227;o (minutos)" visible="true">
    </Measure>
    <Measure name="tempoExecucao" column="tempo_execucao" datatype="Integer" formatString="#,##0.00" aggregator="sum" caption="Tempo Execu&#231;&#227;o (minutos)" visible="true">
    </Measure>
    <Measure name="leadTime" column="lead_time" datatype="Integer" formatString="#,##0.00" aggregator="sum" caption="Lead Time (minutos)" visible="true">
    </Measure>
    <Measure name="tempoExcedido" column="tempo_estouro" datatype="Integer" formatString="#,##0.00" aggregator="sum" caption="Tempo de Excedido (minutos)" visible="true">
    </Measure>
    <Measure name="qtdeAtividadesDistintasExecutadas" column="sk_etapa" datatype="Integer" formatString="#,##0.00" aggregator="distinct-count" caption="Qtde. Atv. Distintas Executadas" visible="true">
    </Measure>
    <Measure name="tempoSalvo" column="tempo_folga" datatype="Integer" formatString="#,##0.00" aggregator="sum" caption="Tempo Salvo (minutos)" visible="true">
    </Measure>
    <Measure name="tempoMetaExecucao" column="tempo_meta_execucao" datatype="Integer" formatString="#,##0.00" aggregator="sum" caption="Meta de Execu&#231;&#227;o Efic&#225;cia (minutos)" visible="true">
    </Measure>
    <Measure name="qtdeInstancias" column="cod_processo" datatype="Integer" formatString="#,##0.00" aggregator="distinct-count" caption="Qtde. de Fluxos" visible="true">
    </Measure>
    <Measure name="qtdeExecutores" column="sk_executor" datatype="Integer" formatString="#,##0.00" aggregator="distinct-count" caption="Qtde. Executores" visible="true">
    </Measure>
    <Measure name="qtdeSolicitantes" column="sk_colaborador_solicitante" datatype="Integer" formatString="#,##0.00" aggregator="distinct-count" caption="Qtde. Solicitantes" visible="true">
    </Measure>
    <Measure name="qtdeInstanciasFechadas" column="sk_data_termino_atividade" datatype="Integer" formatString="#,##0.00" aggregator="distinct-count" caption="Qtde. Fluxos Fechados" visible="true">
    </Measure>
    <Measure name="tempoMedioExecucao" column="tempo_execucao" datatype="Numeric" formatString="#,##0.00" aggregator="avg" caption="Tempo M&#233;dio de Execu&#231;&#227;o (minutos)" visible="true">
    </Measure>
    <Measure name="tempoMedioExcedido" column="tempo_estouro" datatype="Numeric" formatString="#,##0.00" aggregator="avg" caption="Tempo M&#233;dio Excedido (minutos)" visible="true">
    </Measure>
    <Measure name="tempoMedioSalvo" column="tempo_folga" datatype="Numeric" formatString="#,##0.00" aggregator="avg" caption="Tempo M&#233;dio Salvo (minutos)" visible="true">
    </Measure>
    <Measure name="leadTimeMedio" column="lead_time" datatype="Numeric" aggregator="avg" caption="Lead Time M&#233;dio (minutos)" visible="true">
    </Measure>
    <Measure name="tempoMetaExecucaoEficiencia" column="tempo_meta_execucao_eficiencia" datatype="Integer" formatString="#,##0.00" aggregator="sum" caption="Meta de Execu&#231;&#227;o Efici&#234;ncia (minutos)" visible="true">
    </Measure>
    <Measure name="qtdeProcesso" column="cod_form" datatype="Integer" formatString="#,##0.00" aggregator="distinct-count" caption="Qtde. Modelos Processos" visible="true">
    </Measure>
    <Measure name="qtdePeriodo" column="periodoprocesso" datatype="Integer" formatString="#,##0.00" aggregator="distinct-count" caption="Qtde. Per&#237;odo" visible="false">
    </Measure>
    <Measure name="qtdeCiclosDistintosExecutados" column="cod_ciclo" datatype="Integer" formatString="#,##0.00" aggregator="distinct-count" caption="Qtde. Distintos Ciclos" visible="true">
    </Measure>
    <CalculatedMember name="indiceEficiencia" formatString="#,##0.00%" caption="% Indice de Efici&#234;ncia" formula="[Measures].[qtdeAtvExecutadasCicloPrazo] / [Measures].[qtdeAtvExecutadasCiclo]" dimension="Measures" visible="true">
    </CalculatedMember>
    <CalculatedMember name="indiceEficacia" formatString="#,##0.00%" caption="% Indice de Efic&#225;cia" formula="[Measures].[qtdeAtvExecutadasPrazo] / [Measures].[qtdeAtvExecutadas]" dimension="Measures" visible="true">
    </CalculatedMember>
    <CalculatedMember name="horasEficiencia" formatString="#,##0.00%" caption="% Horas Efici&#234;ncia" formula="[Measures].[tempoExecucao]/[Measures].[tempoMetaExecucaoEficiencia]" dimension="Measures" visible="true">
    </CalculatedMember>
    <CalculatedMember name="horasEficacia" formatString="#,##0.00%" caption="% Horas Efic&#225;cia" formula="[Measures].[tempoExecucao] / [Measures].[tempoMetaExecucao]" dimension="Measures" visible="true">
    </CalculatedMember>
    <CalculatedMember name="qtdeFechadas" formatString="#,##0.00" formula="SUM([dataConclusao.am].[anomes].CurrentMember, [Measures].[qtdeInstancias])" dimension="Measures" visible="true">
    </CalculatedMember>
    <CalculatedMember name="tempoHibernacaoHoras" formatString="#,##0.00" caption="Tempo em Hiberna&#231;&#227;o (horas)" formula="[Measures].[tempoHibernacao]  / 60" dimension="Measures" visible="true">
    </CalculatedMember>
    <CalculatedMember name="tempoHibernacaoDias" formatString="#,##0.00" caption="Tempo em Hiberna&#231;&#227;o (dias)" formula="[Measures].[tempoHibernacao]  / 1440 " dimension="Measures" visible="true">
    </CalculatedMember>
    <CalculatedMember name="tempoExcedidoHoras" formatString="#,##0.00" caption="Tempo de Excedido (horas)" formula="[Measures].[tempoExcedido] / 60" dimension="Measures" visible="true">
    </CalculatedMember>
    <CalculatedMember name="tempoExcedidoDias" formatString="#,##0.00" caption="Tempo de Excedido (dias)" formula="[Measures].[tempoExcedido] / 1440" dimension="Measures" visible="true">
    </CalculatedMember>
    <CalculatedMember name="tempoSalvoHoras" formatString="#,##0.00" caption="Tempo Salvo (horas)" formula="[Measures].[tempoSalvo]  / 60" dimension="Measures" visible="true">
    </CalculatedMember>
    <CalculatedMember name="tempoSalvoDias" formatString="#,##0.00" caption="Tempo Salvo (dias)" formula="[Measures].[tempoSalvo]  / 1440" dimension="Measures" visible="true">
    </CalculatedMember>
    <CalculatedMember name="tempoMetaExecucaoHoras" formatString="#,##0.00" caption="Meta de Execu&#231;&#227;o (horas)" formula="[Measures].[tempoMetaExecucao]  / 60" dimension="Measures" visible="true">
    </CalculatedMember>
    <CalculatedMember name="tempoMetaExecucaoDias" formatString="#,##0.00" caption="Meta de Execu&#231;&#227;o (dias)" formula="[Measures].[tempoMetaExecucao]  / 1440" dimension="Measures" visible="true">
    </CalculatedMember>
    <CalculatedMember name="tempoExecucaoHoras" formatString="#,##0.00" caption="Tempo de Execu&#231;&#227;o (horas)" formula="[Measures].[tempoExecucao]  / 60" dimension="Measures" visible="true">
    </CalculatedMember>
    <CalculatedMember name="tempoExecucaoDias" formatString="#,##0.00" caption="Tempo de Execu&#231;&#227;o (dias)" formula="[Measures].[tempoExecucao]  / 1440" dimension="Measures" visible="true">
    </CalculatedMember>
    <CalculatedMember name="tempoMedioExecucaoDias" formatString="#,##0.00" caption="Tempo M&#233;dio de Execu&#231;&#227;o (dias)" formula="[Measures].[tempoMedioExecucao]  / 1440" dimension="Measures" visible="true">
    </CalculatedMember>
    <CalculatedMember name="tempoMedioExecucaoHoras" formatString="#,##0.00" caption="Tempo M&#233;dio de Execu&#231;&#227;o" formula="[Measures].[tempoMedioExecucao]  / 60" dimension="Measures" visible="true">
    </CalculatedMember>
    <CalculatedMember name="tempoMedioExcedidoDias" formatString="#,##0.00" caption="Tempo M&#233;dio Excedido (dias)" formula="[Measures].[tempoMedioExcedido]  / 1440" dimension="Measures" visible="true">
    </CalculatedMember>
    <CalculatedMember name="tempoMedioExcedidoHoras" formatString="#,##0.00" caption="Tempo M&#233;dio Excedido (horas)" formula="[Measures].[tempoMedioExcedido]  / 60" dimension="Measures" visible="true">
    </CalculatedMember>
    <CalculatedMember name="tempoMedioSalvoDias" formatString="#,##0.00" caption="Tempo M&#233;dio Salvo (dias)" formula="[Measures].[tempoMedioSalvo]  / 1440" dimension="Measures" visible="true">
    </CalculatedMember>
    <CalculatedMember name="tempoMedioSalvoHoras" formatString="#,##0.00" caption="Tempo M&#233;dio Salvo (horas)" formula="[Measures].[tempoMedioSalvo]  / 60" dimension="Measures" visible="true">
    </CalculatedMember>
    <CalculatedMember name="leadTimeDias" formatString="#,##0.00" caption="Lead Time (dias)" formula="[Measures].[leadTime]  / 1440" dimension="Measures" visible="true">
    </CalculatedMember>
    <CalculatedMember name="leadTimeHoras" formatString="#,##0.00" caption="Lead Time (horas)" formula="[Measures].[leadTime]  / 60" dimension="Measures" visible="true">
    </CalculatedMember>
    <CalculatedMember name="leadTimeMedioDias" formatString="#,##0.00" caption="Lead Time M&#233;dio (dias)" formula="[Measures].[leadTimeMedio]  / 1440" dimension="Measures" visible="true">
    </CalculatedMember>
    <CalculatedMember name="leadTimeMedioHoras" formatString="#,##0.00" caption="Lead Time M&#233;dio (horas)" formula="[Measures].[leadTimeMedio]  / 60" dimension="Measures" visible="true">
    </CalculatedMember>
    <CalculatedMember name="qtdeFluxoMes" formatString="#,##0.00" caption="Qtde. Fluxos M&#234;s" formula="[Measures].[qtdeInstancias]/[Measures].[qtdePeriodo]" dimension="Measures" visible="true">
    </CalculatedMember>
    <CalculatedMember name="qtdeProcessoMes" formatString="#,##0.00" caption="Qtde. Modelos Processos M&#234;s" formula="[Measures].[qtdeProcesso]/[Measures].[qtdePeriodo]" dimension="Measures" visible="true">
    </CalculatedMember>
    <CalculatedMember name="qtdeCicloEtapa" formatString="#,##0.00" caption="M&#233;dia Ciclo p/ Etapa" formula="[Measures].[qtdeCiclosDistintosExecutados]/[Measures].[qtdeAtividadesDistintasExecutadas]" dimension="Measures" visible="true">
    </CalculatedMember>
  </Cube>
  <Role name="Administrator">
    <SchemaGrant access="all">
    </SchemaGrant>
  </Role>
  <Role name="admindados"><SchemaGrant access="all"/></Role>
</Schema>
