<?xml version="1.0" encoding="UTF-8" standalone="yes"?><Schema name="viewb_analysis" description="ViewB Analysis" measuresCaption="Medidas"><Dimension name="lcmPeriodo" type="TimeDimension"><Hierarchy name="amd" hasAll="true" allMemberName="todos" allMemberCaption="Todos" primaryKey="sk_tempo"><Table name="viewb_tempo" schema="dim"/><Level name="ano" column="ano" nameColumn="ano" type="Integer" uniqueMembers="false" levelType="TimeYears" hideMemberIf="Never" caption="Ano"/><Level name="mes" column="mes" nameColumn="nome_mes" type="Integer" uniqueMembers="false" levelType="TimeMonths" hideMemberIf="Never" caption="Mês"/><Level name="dia" column="dia" nameColumn="dia_mes_ano" type="Integer" uniqueMembers="true" levelType="TimeDays" hideMemberIf="Never" caption="Dia"/></Hierarchy><Hierarchy name="anomes" hasAll="true" allMemberName="todos" allMemberCaption="Todos" primaryKey="sk_tempo"><Table name="viewb_tempo" schema="dim"/><Level name="ano" column="ano" nameColumn="ano" type="Integer" uniqueMembers="false" levelType="TimeYears" hideMemberIf="Never" caption="Ano"/><Level name="mes" column="mes" nameColumn="ano_mes_nome" type="Integer" uniqueMembers="false" levelType="TimeMonths" hideMemberIf="Never" caption="Mês"/></Hierarchy><Hierarchy name="atmd" hasAll="true" allMemberName="todos" allMemberCaption="Todos" primaryKey="sk_tempo"><Table name="viewb_tempo" schema="dim"/><Level name="ano" column="ano" nameColumn="ano" type="Integer" uniqueMembers="false" levelType="TimeYears" hideMemberIf="Never" caption="Ano"/><Level name="trimestre" column="trimestre" nameColumn="trimestre" type="Integer" uniqueMembers="false" levelType="TimeQuarters" hideMemberIf="Never" caption="Trimestre"/><Level name="mes" column="mes" nameColumn="ano_mes_nomeabrev" type="Integer" uniqueMembers="false" levelType="TimeMonths" hideMemberIf="Never" caption="Ano/Mês Abrev."/><Level name="dia" column="dia" nameColumn="dia_mes_ano" type="Integer" uniqueMembers="true" levelType="TimeDays" hideMemberIf="Never" caption="Data"/></Hierarchy><Hierarchy name="am" hasAll="true" primaryKey="sk_tempo"><Table name="viewb_tempo" schema="dim"/><Level name="anomes" column="anomes" nameColumn="anomes" type="Integer" uniqueMembers="false" levelType="TimeMonths" hideMemberIf="Never"/></Hierarchy></Dimension><Dimension name="lcmProcesso" type="StandardDimension"><Hierarchy name="processo" hasAll="true" primaryKey="sk_formulario" caption="Modelo de Processos" description="Ativos"><View alias="processos"><SQL dialect="generic">
          select distinct sk_formulario, cod_form, des_titulo from dim.viewb_dim_formulario where ide_last_ativo = 'S'
        </SQL></View><Level name="processo" column="sk_formulario" nameColumn="des_titulo" type="Integer" uniqueMembers="true" levelType="Regular" hideMemberIf="Never" caption="Processo"/></Hierarchy></Dimension><Dimension name="lcmEtapas" type="StandardDimension" caption="Etapas de Processo"><Hierarchy hasAll="true" primaryKey="sk_etapa"><Table name="viewb_dim_etapa" schema="dim"/><Level name="etapa" column="sk_etapa" nameColumn="titulo_etapa" type="Numeric" uniqueMembers="true" levelType="Regular" hideMemberIf="Never" caption="Etapa do Processo"/></Hierarchy></Dimension><Dimension name="lcmColaborador" type="StandardDimension" caption="Colaboradores" description="Colaboradores"><Hierarchy name="DeptoColab" hasAll="true" primaryKey="sk_colaborador" caption="Depto. / Colaborador"><View alias="colab"><SQL dialect="generic">
          select
      u.cod_usuario sk_colaborador
    , u.nom_usuario nome_colaborador
    , u.cod_depto cod_depto_colaborador
    , depto.DES_DEPTO des_depto_colaborador
from dim.usuario u
inner join dim.depto on depto.COD_DEPTO = u.COD_DEPTO
        </SQL></View><Level name="depto" column="cod_depto_colaborador" nameColumn="des_depto_colaborador" type="Integer" uniqueMembers="false" levelType="Regular" hideMemberIf="Never" caption="Departamento"/><Level name="colab" column="sk_colaborador" nameColumn="nome_colaborador" type="Integer" uniqueMembers="true" levelType="Regular" hideMemberIf="Never" caption="Colaborador"/></Hierarchy><Hierarchy name="DeptoLiderColab" hasAll="true" primaryKey="sk_colaborador" caption="Depto. / Líder / Colab."><View alias="deptolidercolab"><SQL dialect="generic">
          select
      u.cod_usuario sk_colaborador
    , u.nom_usuario nome_colaborador
    , u.cod_depto cod_depto_colaborador
    , depto.DES_DEPTO des_depto_colaborador
    , lider.cod_usuario sk_lider
    , lider.nom_usuario nome_lider
    , depto_lider.COD_DEPTO cod_depto_lider
    , depto_lider.DES_DEPTO des_depto_lider
from dim.usuario u
inner join dim.depto on depto.COD_DEPTO = u.COD_DEPTO
left join dim.usuario lider on lider.cod_usuario = u.cod_lider
left join dim.depto depto_lider on depto_lider.COD_DEPTO = lider.COD_DEPTO
        </SQL></View><Level name="deptolider" column="cod_depto_lider" nameColumn="des_depto_lider" ordinalColumn="cod_depto_lider" type="Integer" uniqueMembers="false" levelType="Regular" hideMemberIf="Never" caption="Depto. do Líder"/><Level name="lider" column="sk_lider" nameColumn="nome_lider" ordinalColumn="sk_lider" type="Integer" uniqueMembers="false" levelType="Regular" hideMemberIf="Never" caption="Líder"/><Level name="depto" column="cod_depto_colaborador" nameColumn="des_depto_colaborador" type="Integer" uniqueMembers="false" levelType="Regular" hideMemberIf="Never" caption="Departamento"/><Level name="colab" column="sk_colaborador" nameColumn="nome_colaborador" type="Integer" uniqueMembers="true" levelType="Regular" hideMemberIf="Never" caption="Colaborador"/></Hierarchy></Dimension><Dimension name="lcmStatusProcesso" type="StandardDimension"><Hierarchy name="statusProcesso" hasAll="true" primaryKey="sk_status_processo" caption="Status Processo"><View alias="statysprocesso"><SQL dialect="generic">
          select
  sk_status_processo,
  status_processo
from (
    select 'P' sk_status_processo, 'Aprovado' status_processo union
    select 'A', 'Em Andamento' union
    select 'R', 'Rejeitado' union
    select 'C', 'Cancelado'
) dim_status_processo
        </SQL></View><Level name="statusprocesso" column="sk_status_processo" nameColumn="status_processo" type="String" uniqueMembers="true" levelType="Regular" hideMemberIf="Never" caption="Status Processo"/></Hierarchy></Dimension><Dimension name="lcmPrazo" type="StandardDimension"><Hierarchy name="prazo" hasAll="true" primaryKey="sk_prazo"><Table name="viewb_dim_prazo" schema="dim"/><Level name="prazo" column="sk_prazo" nameColumn="desc_prazo" type="Integer" uniqueMembers="true" levelType="Regular" hideMemberIf="Never" caption="Prazo de Execução"/></Hierarchy></Dimension><Dimension name="lcmStatusAtividade" type="StandardDimension" caption="Status Atividade"><Hierarchy name="statusAtividade" hasAll="true" caption="Status Atividade"><Table name="viewb_dim_status_atividade" schema="dim"/><Level name="statusAtividade" column="sk_status_atividade" nameColumn="desc_status_atividade" type="Integer" uniqueMembers="true" levelType="Regular" hideMemberIf="Never" caption="Status Atividade"/></Hierarchy></Dimension><Dimension name="lcmProcessoVersionado" type="StandardDimension" caption="Processos Versionados"><Hierarchy hasAll="true" primaryKey="sk_formulario" caption="Processo Versionado"><Table name="viewb_dim_formulario" schema="dim"/><Level name="processo" column="sk_formulario" nameColumn="des_titulo" type="Integer" uniqueMembers="true" levelType="Regular" hideMemberIf="Never" caption="Processo Versionado"/><Level name="ativo" column="sk_formulario" nameColumn="des_ativo" type="Integer" uniqueMembers="true" levelType="Regular" hideMemberIf="Never" caption="Ativo"/></Hierarchy></Dimension><Dimension name="lcm43tipoRetomada" type="StandardDimension" caption="Tipo Retomada" description="tipo retomada"><Hierarchy hasAll="true" allMemberName="todos" allMemberCaption="Todos"><View alias="tipoRetomada2"><SQL>select distinct tipo_retomada from f_retomada_bf</SQL></View><Level name="tipoRetomada" column="TIPO_RETOMADA" type="String" levelType="Regular" caption="Tipo Retomada(2)" description=""/></Hierarchy></Dimension><Dimension name="lcm43contrato" type="StandardDimension" caption="Contrato" description="contrato"><Hierarchy hasAll="true" allMemberName="todos" allMemberCaption="Todos"><View alias="contrato3"><SQL>select distinct contrato from f_retomada_bf</SQL></View><Level name="contrato" column="CONTRATO" type="String" levelType="Regular" caption="Contrato(3)" description=""/></Hierarchy></Dimension><Dimension name="lcm43financCpf" type="StandardDimension" caption="CPF" description="cpf"><Hierarchy hasAll="true" allMemberName="todos" allMemberCaption="Todos"><View alias="financCpf4"><SQL>select distinct financ_cpf from f_retomada_bf</SQL></View><Level name="financCpf" column="FINANC_CPF" type="String" levelType="Regular" caption="CPF(4)" description=""/></Hierarchy></Dimension><Dimension name="lcm43financNome" type="StandardDimension" caption="Financiado" description="financiado"><Hierarchy hasAll="true" allMemberName="todos" allMemberCaption="Todos"><View alias="financNome5"><SQL>select distinct financ_nome from f_retomada_bf</SQL></View><Level name="financNome" column="FINANC_NOME" type="String" levelType="Regular" caption="Financiado(5)" description=""/></Hierarchy></Dimension><Dimension name="lcm43bancoCnpj" type="StandardDimension" caption="CNPJ" description="cnpj"><Hierarchy hasAll="true" allMemberName="todos" allMemberCaption="Todos"><View alias="bancoCnpj6"><SQL>select distinct banco_cnpj from f_retomada_bf</SQL></View><Level name="bancoCnpj" column="BANCO_CNPJ" type="String" levelType="Regular" caption="CNPJ(6)" description=""/></Hierarchy></Dimension><Dimension name="lcm43bancoNome" type="StandardDimension" caption="Banco" description="banco"><Hierarchy hasAll="true" allMemberName="todos" allMemberCaption="Todos"><View alias="bancoNome7"><SQL>select distinct banco_nome from f_retomada_bf</SQL></View><Level name="bancoNome" column="BANCO_NOME" type="String" levelType="Regular" caption="Banco(7)" description=""/></Hierarchy></Dimension><Dimension name="lcm43marca" type="StandardDimension" caption="Marca" description="marca"><Hierarchy hasAll="true" allMemberName="todos" allMemberCaption="Todos"><View alias="marca8"><SQL>select distinct marca from f_retomada_bf</SQL></View><Level name="marca" column="MARCA" type="String" levelType="Regular" caption="Marca(8)" description=""/></Hierarchy></Dimension><Dimension name="lcm43modelo" type="StandardDimension" caption="Modelo" description="modelo"><Hierarchy hasAll="true" allMemberName="todos" allMemberCaption="Todos"><View alias="modelo9"><SQL>select distinct modelo from f_retomada_bf</SQL></View><Level name="modelo" column="MODELO" type="String" levelType="Regular" caption="Modelo(9)" description=""/></Hierarchy></Dimension><Dimension name="lcm43anoFabric" type="StandardDimension" caption="Ano Fabricação" description="ano fabricacao"><Hierarchy hasAll="true" allMemberName="todos" allMemberCaption="Todos"><View alias="anoFabric10"><SQL>select distinct ano_fabric from f_retomada_bf</SQL></View><Level name="anoFabric" column="ANO_FABRIC" type="String" levelType="Regular" caption="Ano Fabricação(10)" description=""/></Hierarchy></Dimension><Dimension name="lcm43anoModelo" type="StandardDimension" caption="Ano Modelo" description="ano modelo"><Hierarchy hasAll="true" allMemberName="todos" allMemberCaption="Todos"><View alias="anoModelo11"><SQL>select distinct ano_modelo from f_retomada_bf</SQL></View><Level name="anoModelo" column="ANO_MODELO" type="String" levelType="Regular" caption="Ano Modelo(11)" description=""/></Hierarchy></Dimension><Dimension name="lcm43chassi" type="StandardDimension" caption="Chassi" description="chassi"><Hierarchy hasAll="true" allMemberName="todos" allMemberCaption="Todos"><View alias="chassi12"><SQL>select distinct chassi from f_retomada_bf</SQL></View><Level name="chassi" column="CHASSI" type="String" levelType="Regular" caption="Chassi(12)" description=""/></Hierarchy></Dimension><Dimension name="lcm43placa" type="StandardDimension" caption="Placa" description="placa"><Hierarchy hasAll="true" allMemberName="todos" allMemberCaption="Todos"><View alias="placa13"><SQL>select distinct placa from f_retomada_bf</SQL></View><Level name="placa" column="PLACA" type="String" levelType="Regular" caption="Placa(13)" description=""/></Hierarchy></Dimension><Dimension name="lcm43renavan" type="StandardDimension" caption="Renavam" description="renavam"><Hierarchy hasAll="true" allMemberName="todos" allMemberCaption="Todos"><View alias="renavan14"><SQL>select distinct renavan from f_retomada_bf</SQL></View><Level name="renavan" column="RENAVAN" type="String" levelType="Regular" caption="Renavam(14)" description=""/></Hierarchy></Dimension><Dimension name="lcm43filial" type="StandardDimension" caption="Filial Retomados" description="filial retomados"><Hierarchy hasAll="true" allMemberName="todos" allMemberCaption="Todos"><View alias="filial15"><SQL>select distinct filial from f_retomada_bf</SQL></View><Level name="filial" column="FILIAL" type="String" levelType="Regular" caption="Filial Retomados(15)" description=""/></Hierarchy></Dimension><Dimension name="lcm43responsavelFilial" type="StandardDimension" caption="Responsável na Filial" description="responsavel na filial"><Hierarchy hasAll="true" allMemberName="todos" allMemberCaption="Todos"><View alias="responsavelFilial16"><SQL>select distinct responsavel_filial from f_retomada_bf</SQL></View><Level name="responsavelFilial" column="RESPONSAVEL_FILIAL" type="String" levelType="Regular" caption="Responsável na Filial(16)" description=""/></Hierarchy></Dimension><Dimension name="lcm43patioSituacao" type="StandardDimension" caption="&lt;b&gt;Situação Despesa&lt;/b&gt;" description="bsituacao despesab"><Hierarchy hasAll="true" allMemberName="todos" allMemberCaption="Todos"><View alias="patioSituacao32"><SQL>select distinct patio_situacao from f_retomada_bf</SQL></View><Level name="patioSituacao" column="PATIO_SITUACAO" type="String" levelType="Regular" caption="&lt;b&gt;Situação Despesa&lt;/b&gt;(32)" description=""/></Hierarchy></Dimension><Dimension name="lcm43localSituacao" type="StandardDimension" caption="&lt;b&gt;Situação Despesa&lt;/b&gt;" description="bsituacao despesab"><Hierarchy hasAll="true" allMemberName="todos" allMemberCaption="Todos"><View alias="localSituacao37"><SQL>select distinct local_situacao from f_retomada_bf</SQL></View><Level name="localSituacao" column="LOCAL_SITUACAO" type="String" levelType="Regular" caption="&lt;b&gt;Situação Despesa&lt;/b&gt;(37)" description=""/></Hierarchy></Dimension><Dimension name="lcm43entregaSituacao" type="StandardDimension" caption="&lt;b&gt;Situação Despesa&lt;/b&gt;" description="bsituacao despesab"><Hierarchy hasAll="true" allMemberName="todos" allMemberCaption="Todos"><View alias="entregaSituacao42"><SQL>select distinct entrega_situacao from f_retomada_bf</SQL></View><Level name="entregaSituacao" column="ENTREGA_SITUACAO" type="String" levelType="Regular" caption="&lt;b&gt;Situação Despesa&lt;/b&gt;(42)" description=""/></Hierarchy></Dimension><Dimension name="lcm43guinchoSituacao" type="StandardDimension" caption="&lt;b&gt;Situação Despesa&lt;/b&gt;" description="bsituacao despesab"><Hierarchy hasAll="true" allMemberName="todos" allMemberCaption="Todos"><View alias="guinchoSituacao47"><SQL>select distinct guincho_situacao from f_retomada_bf</SQL></View><Level name="guinchoSituacao" column="GUINCHO_SITUACAO" type="String" levelType="Regular" caption="&lt;b&gt;Situação Despesa&lt;/b&gt;(47)" description=""/></Hierarchy></Dimension><Dimension name="lcm43cartorioSituacao" type="StandardDimension" caption="&lt;b&gt;Situação Despesa&lt;/b&gt;" description="bsituacao despesab"><Hierarchy hasAll="true" allMemberName="todos" allMemberCaption="Todos"><View alias="cartorioSituacao52"><SQL>select distinct cartorio_situacao from f_retomada_bf</SQL></View><Level name="cartorioSituacao" column="CARTORIO_SITUACAO" type="String" levelType="Regular" caption="&lt;b&gt;Situação Despesa&lt;/b&gt;(52)" description=""/></Hierarchy></Dimension><Dimension name="lcm43distanciaLeiloeiro" type="StandardDimension" caption="Distância Leiloeiro (KM)" description="distancia leiloeiro km"><Hierarchy hasAll="true" allMemberName="todos" allMemberCaption="Todos"><View alias="distanciaLeiloeiro58"><SQL>select distinct distancia_leiloeiro from f_retomada_bf</SQL></View><Level name="distanciaLeiloeiro" column="DISTANCIA_LEILOEIRO" type="String" levelType="Regular" caption="Distância Leiloeiro (KM)(58)" description=""/></Hierarchy></Dimension><Dimension name="lcm43statusSimulador" type="StandardDimension" caption="Status Simulação" description="status simulacao"><Hierarchy hasAll="true" allMemberName="todos" allMemberCaption="Todos"><View alias="statusSimulador60"><SQL>select distinct status_simulador from f_retomada_bf</SQL></View><Level name="statusSimulador" column="STATUS_SIMULADOR" type="String" levelType="Regular" caption="Status Simulação(60)" description=""/></Hierarchy></Dimension><Dimension name="lcm43categoriaVeiculo" type="StandardDimension" caption="Produto" description="produto"><Hierarchy hasAll="true" allMemberName="todos" allMemberCaption="Todos"><View alias="categoriaVeiculo75"><SQL>select distinct categoria_veiculo from f_retomada_bf</SQL></View><Level name="categoriaVeiculo" column="CATEGORIA_VEICULO" type="String" levelType="Regular" caption="Produto(75)" description=""/></Hierarchy></Dimension><Dimension name="lcm43rejeitarPara" type="StandardDimension" caption="Ação a ser Realizada" description="acao a ser realizada"><Hierarchy hasAll="true" allMemberName="todos" allMemberCaption="Todos"><View alias="rejeitarPara76"><SQL>select distinct rejeitar_para from f_retomada_bf</SQL></View><Level name="rejeitarPara" column="REJEITAR_PARA" type="String" levelType="Regular" caption="Ação a ser Realizada(76)" description=""/></Hierarchy></Dimension><Dimension name="lcm43responsavel" type="StandardDimension" caption=" Executor da tarefa" description="executor da tarefa"><Hierarchy hasAll="true" allMemberName="todos" allMemberCaption="Todos"><View alias="responsavel81"><SQL>select distinct responsavel from f_retomada_bf</SQL></View><Level name="responsavel" column="RESPONSAVEL" type="String" levelType="Regular" caption=" Executor da tarefa(81)" description=""/></Hierarchy></Dimension><Dimension name="lcm43codProcessoPai" type="StandardDimension" caption="N° Processo Retomados" description="n processo retomados"><Hierarchy hasAll="true" allMemberName="todos" allMemberCaption="Todos"><View alias="codProcessoPai85"><SQL>select distinct cod_processo_pai from f_retomada_bf</SQL></View><Level name="codProcessoPai" column="COD_PROCESSO_PAI" type="String" levelType="Regular" caption="N° Processo Retomados(85)" description=""/></Hierarchy></Dimension><Dimension name="lcm43statusSimuladorAlc" type="StandardDimension" caption="Aprovar Simulação" description="aprovar simulacao"><Hierarchy hasAll="true" allMemberName="todos" allMemberCaption="Todos"><View alias="statusSimuladorAlc87"><SQL>select distinct status_simulador_alc from f_retomada_bf</SQL></View><Level name="statusSimuladorAlc" column="STATUS_SIMULADOR_ALC" type="String" levelType="Regular" caption="Aprovar Simulação(87)" description=""/></Hierarchy></Dimension><Dimension name="lcm43fase" type="StandardDimension" caption="Fase" description="fase"><Hierarchy hasAll="true" allMemberName="todos" allMemberCaption="Todos"><View alias="fase91"><SQL>select distinct fase from f_retomada_bf</SQL></View><Level name="fase" column="FASE" type="String" levelType="Regular" caption="Fase(91)" description=""/></Hierarchy></Dimension><Dimension name="lcm43adimplente" type="StandardDimension" caption="Adimplente" description="adimplente"><Hierarchy hasAll="true" allMemberName="todos" allMemberCaption="Todos"><View alias="adimplente92"><SQL>select distinct adimplente from f_retomada_bf</SQL></View><Level name="adimplente" column="ADIMPLENTE" type="String" levelType="Regular" caption="Adimplente(92)" description=""/></Hierarchy></Dimension><Dimension name="lcm43uf" type="StandardDimension" caption="UF da Retomada" description="uf da retomada"><Hierarchy hasAll="true" allMemberName="todos" allMemberCaption="Todos"><View alias="uf98"><SQL>select distinct uf from f_retomada_bf</SQL></View><Level name="uf" column="UF" type="String" levelType="Regular" caption="UF da Retomada(98)" description=""/></Hierarchy></Dimension><Dimension name="lcm43faseSmc" type="StandardDimension" caption="fase_smc" description="fase_smc"><Hierarchy hasAll="true" allMemberName="todos" allMemberCaption="Todos"><View alias="faseSmc106"><SQL>select distinct fase_smc from f_retomada_bf</SQL></View><Level name="faseSmc" column="FASE_SMC" type="String" levelType="Regular" caption="fase_smc(106)" description=""/></Hierarchy></Dimension><Dimension name="lcm43patioDesc" type="StandardDimension" caption="Pátio" description="patio"><Hierarchy hasAll="true" allMemberName="todos" allMemberCaption="Todos"><View alias="patioDesc126"><SQL>select distinct patio_desc from f_retomada_bf</SQL></View><Level name="patioDesc" column="PATIO_DESC" type="String" levelType="Regular" caption="Pátio(126)" description=""/></Hierarchy></Dimension><Dimension name="lcm43patioCadastrar" type="StandardDimension" caption="Cadastrar Pátio ?" description="cadastrar patio"><Hierarchy hasAll="true" allMemberName="todos" allMemberCaption="Todos"><View alias="patioCadastrar128"><SQL>select distinct patio_cadastrar from f_retomada_bf</SQL></View><Level name="patioCadastrar" column="PATIO_CADASTRAR" type="String" levelType="Regular" caption="Cadastrar Pátio ?(128)" description=""/></Hierarchy></Dimension><Dimension name="lcm43patioTipopessoa" type="StandardDimension" caption="Tipo Pessoa:" description="tipo pessoa"><Hierarchy hasAll="true" allMemberName="todos" allMemberCaption="Todos"><View alias="patioTipopessoa129"><SQL>select distinct patio_tipopessoa from f_retomada_bf</SQL></View><Level name="patioTipopessoa" column="PATIO_TIPOPESSOA" type="String" levelType="Regular" caption="Tipo Pessoa:(129)" description=""/></Hierarchy></Dimension><Dimension name="lcm43patioCnpj" type="StandardDimension" caption="CNPJ" description="cnpj"><Hierarchy hasAll="true" allMemberName="todos" allMemberCaption="Todos"><View alias="patioCnpj130"><SQL>select distinct patio_cnpj from f_retomada_bf</SQL></View><Level name="patioCnpj" column="PATIO_CNPJ" type="String" levelType="Regular" caption="CNPJ(130)" description=""/></Hierarchy></Dimension><Dimension name="lcm43patioInscmun" type="StandardDimension" caption="Insc Municipal" description="insc municipal"><Hierarchy hasAll="true" allMemberName="todos" allMemberCaption="Todos"><View alias="patioInscmun131"><SQL>select distinct patio_inscmun from f_retomada_bf</SQL></View><Level name="patioInscmun" column="PATIO_INSCMUN" type="String" levelType="Regular" caption="Insc Municipal(131)" description=""/></Hierarchy></Dimension><Dimension name="lcm43patioInscest" type="StandardDimension" caption="Insc Estadual" description="insc estadual"><Hierarchy hasAll="true" allMemberName="todos" allMemberCaption="Todos"><View alias="patioInscest132"><SQL>select distinct patio_inscest from f_retomada_bf</SQL></View><Level name="patioInscest" column="PATIO_INSCEST" type="String" levelType="Regular" caption="Insc Estadual(132)" description=""/></Hierarchy></Dimension><Dimension name="lcm43patioCpf" type="StandardDimension" caption="CPF" description="cpf"><Hierarchy hasAll="true" allMemberName="todos" allMemberCaption="Todos"><View alias="patioCpf133"><SQL>select distinct patio_cpf from f_retomada_bf</SQL></View><Level name="patioCpf" column="PATIO_CPF" type="String" levelType="Regular" caption="CPF(133)" description=""/></Hierarchy></Dimension><Dimension name="lcm43patioRg" type="StandardDimension" caption="PIS" description="pis"><Hierarchy hasAll="true" allMemberName="todos" allMemberCaption="Todos"><View alias="patioRg134"><SQL>select distinct patio_rg from f_retomada_bf</SQL></View><Level name="patioRg" column="PATIO_RG" type="String" levelType="Regular" caption="PIS(134)" description=""/></Hierarchy></Dimension><Dimension name="lcm43patioEndereco" type="StandardDimension" caption="Endereço" description="endereco"><Hierarchy hasAll="true" allMemberName="todos" allMemberCaption="Todos"><View alias="patioEndereco135"><SQL>select distinct patio_endereco from f_retomada_bf</SQL></View><Level name="patioEndereco" column="PATIO_ENDERECO" type="String" levelType="Regular" caption="Endereço(135)" description=""/></Hierarchy></Dimension><Dimension name="lcm43patioNumero" type="StandardDimension" caption="Número" description="numero"><Hierarchy hasAll="true" allMemberName="todos" allMemberCaption="Todos"><View alias="patioNumero136"><SQL>select distinct patio_numero from f_retomada_bf</SQL></View><Level name="patioNumero" column="PATIO_NUMERO" type="String" levelType="Regular" caption="Número(136)" description=""/></Hierarchy></Dimension><Dimension name="lcm43patioBairro" type="StandardDimension" caption="Bairro" description="bairro"><Hierarchy hasAll="true" allMemberName="todos" allMemberCaption="Todos"><View alias="patioBairro137"><SQL>select distinct patio_bairro from f_retomada_bf</SQL></View><Level name="patioBairro" column="PATIO_BAIRRO" type="String" levelType="Regular" caption="Bairro(137)" description=""/></Hierarchy></Dimension><Dimension name="lcm43patioCep" type="StandardDimension" caption="CEP" description="cep"><Hierarchy hasAll="true" allMemberName="todos" allMemberCaption="Todos"><View alias="patioCep138"><SQL>select distinct patio_cep from f_retomada_bf</SQL></View><Level name="patioCep" column="PATIO_CEP" type="String" levelType="Regular" caption="CEP(138)" description=""/></Hierarchy></Dimension><Dimension name="lcm43patioCidade" type="StandardDimension" caption="Cidade" description="cidade"><Hierarchy hasAll="true" allMemberName="todos" allMemberCaption="Todos"><View alias="patioCidade139"><SQL>select distinct patio_cidade from f_retomada_bf</SQL></View><Level name="patioCidade" column="PATIO_CIDADE" type="String" levelType="Regular" caption="Cidade(139)" description=""/></Hierarchy></Dimension><Dimension name="lcm43patioEstado" type="StandardDimension" caption="Estado" description="estado"><Hierarchy hasAll="true" allMemberName="todos" allMemberCaption="Todos"><View alias="patioEstado140"><SQL>select distinct patio_estado from f_retomada_bf</SQL></View><Level name="patioEstado" column="PATIO_ESTADO" type="String" levelType="Regular" caption="Estado(140)" description=""/></Hierarchy></Dimension><Dimension name="lcm43patioPais" type="StandardDimension" caption="País:" description="pais"><Hierarchy hasAll="true" allMemberName="todos" allMemberCaption="Todos"><View alias="patioPais141"><SQL>select distinct patio_pais from f_retomada_bf</SQL></View><Level name="patioPais" column="PATIO_PAIS" type="String" levelType="Regular" caption="País:(141)" description=""/></Hierarchy></Dimension><Dimension name="lcm43patioResponsavel" type="StandardDimension" caption="Responsável" description="responsavel"><Hierarchy hasAll="true" allMemberName="todos" allMemberCaption="Todos"><View alias="patioResponsavel142"><SQL>select distinct patio_responsavel from f_retomada_bf</SQL></View><Level name="patioResponsavel" column="PATIO_RESPONSAVEL" type="String" levelType="Regular" caption="Responsável(142)" description=""/></Hierarchy></Dimension><Dimension name="lcm43patioFone" type="StandardDimension" caption="Fone" description="fone"><Hierarchy hasAll="true" allMemberName="todos" allMemberCaption="Todos"><View alias="patioFone143"><SQL>select distinct patio_fone from f_retomada_bf</SQL></View><Level name="patioFone" column="PATIO_FONE" type="String" levelType="Regular" caption="Fone(143)" description=""/></Hierarchy></Dimension><Dimension name="lcm43patioLeiloeiro" type="StandardDimension" caption="Leiloeiro" description="leiloeiro"><Hierarchy hasAll="true" allMemberName="todos" allMemberCaption="Todos"><View alias="patioLeiloeiro144"><SQL>select distinct patio_leiloeiro from f_retomada_bf</SQL></View><Level name="patioLeiloeiro" column="PATIO_LEILOEIRO" type="String" levelType="Regular" caption="Leiloeiro(144)" description=""/></Hierarchy></Dimension><Dimension name="lcm43estadoBem" type="StandardDimension" caption="Estado do Veículo" description="estado do veiculo"><Hierarchy hasAll="true" allMemberName="todos" allMemberCaption="Todos"><View alias="estadoBem145"><SQL>select distinct estado_bem from f_retomada_bf</SQL></View><Level name="estadoBem" column="ESTADO_BEM" type="String" levelType="Regular" caption="Estado do Veículo(145)" description=""/></Hierarchy></Dimension><Dimension name="lcm43ajuizamento" type="StandardDimension" caption="Ajuizamento?" description="ajuizamento"><Hierarchy hasAll="true" allMemberName="todos" allMemberCaption="Todos"><View alias="ajuizamento146"><SQL>select distinct ajuizamento from f_retomada_bf</SQL></View><Level name="ajuizamento" column="AJUIZAMENTO" type="String" levelType="Regular" caption="Ajuizamento?(146)" description=""/></Hierarchy></Dimension><Dimension name="lcm43impedimentoRemocao" type="StandardDimension" caption="Impedimento de Remoção?" description="impedimento de remocao"><Hierarchy hasAll="true" allMemberName="todos" allMemberCaption="Todos"><View alias="impedimentoRemocao148"><SQL>select distinct impedimento_remocao from f_retomada_bf</SQL></View><Level name="impedimentoRemocao" column="IMPEDIMENTO_REMOCAO" type="String" levelType="Regular" caption="Impedimento de Remoção?(148)" description=""/></Hierarchy></Dimension><Dimension name="lcm43abrangencia" type="StandardDimension" caption="Abrangência" description="abrangencia"><Hierarchy hasAll="true" allMemberName="todos" allMemberCaption="Todos"><View alias="abrangencia150"><SQL>select distinct abrangencia from f_retomada_bf</SQL></View><Level name="abrangencia" column="ABRANGENCIA" type="String" levelType="Regular" caption="Abrangência(150)" description=""/></Hierarchy></Dimension><Dimension name="lcm43entregaUsuario" type="StandardDimension" caption="Responsável Filial" description="responsavel filial"><Hierarchy hasAll="true" allMemberName="todos" allMemberCaption="Todos"><View alias="entregaUsuario151"><SQL>select distinct entrega_usuario from f_retomada_bf</SQL></View><Level name="entregaUsuario" column="ENTREGA_USUARIO" type="String" levelType="Regular" caption="Responsável Filial(151)" description=""/></Hierarchy></Dimension><Dimension name="lcm43entregaLocal" type="StandardDimension" caption="Local" description="local"><Hierarchy hasAll="true" allMemberName="todos" allMemberCaption="Todos"><View alias="entregaLocal152"><SQL>select distinct entrega_local from f_retomada_bf</SQL></View><Level name="entregaLocal" column="ENTREGA_LOCAL" type="String" levelType="Regular" caption="Local(152)" description=""/></Hierarchy></Dimension><Dimension name="lcm43localizacaoAutor" type="StandardDimension" caption="Localização - Autorização" description="localizacao autorizacao"><Hierarchy hasAll="true" allMemberName="todos" allMemberCaption="Todos"><View alias="localizacaoAutor154"><SQL>select distinct localizacao_autor from f_retomada_bf</SQL></View><Level name="localizacaoAutor" column="LOCALIZACAO_AUTOR" type="String" levelType="Regular" caption="Localização - Autorização(154)" description=""/></Hierarchy></Dimension><Dimension name="lcm43localizacaoNf" type="StandardDimension" caption="Localização - NF" description="localizacao nf"><Hierarchy hasAll="true" allMemberName="todos" allMemberCaption="Todos"><View alias="localizacaoNf155"><SQL>select distinct localizacao_nf from f_retomada_bf</SQL></View><Level name="localizacaoNf" column="LOCALIZACAO_NF" type="String" levelType="Regular" caption="Localização - NF(155)" description=""/></Hierarchy></Dimension><Dimension name="lcm43estadiaTem" type="StandardDimension" caption="Estadia?" description="estadia"><Hierarchy hasAll="true" allMemberName="todos" allMemberCaption="Todos"><View alias="estadiaTem158"><SQL>select distinct estadia_tem from f_retomada_bf</SQL></View><Level name="estadiaTem" column="ESTADIA_TEM" type="String" levelType="Regular" caption="Estadia?(158)" description=""/></Hierarchy></Dimension><Dimension name="lcm43guinchoTem" type="StandardDimension" caption="Guincho?" description="guincho"><Hierarchy hasAll="true" allMemberName="todos" allMemberCaption="Todos"><View alias="guinchoTem162"><SQL>select distinct guincho_tem from f_retomada_bf</SQL></View><Level name="guinchoTem" column="GUINCHO_TEM" type="String" levelType="Regular" caption="Guincho?(162)" description=""/></Hierarchy></Dimension><Dimension name="lcm43aux" type="StandardDimension" caption="aux" description="aux"><Hierarchy hasAll="true" allMemberName="todos" allMemberCaption="Todos"><View alias="aux166"><SQL>select distinct aux from f_retomada_bf</SQL></View><Level name="aux" column="AUX" type="String" levelType="Regular" caption="aux(166)" description=""/></Hierarchy></Dimension><Dimension name="lcm43retomadaManual" type="StandardDimension" caption="Retomada manual?" description="retomada manual"><Hierarchy hasAll="true" allMemberName="todos" allMemberCaption="Todos"><View alias="retomadaManual171"><SQL>select distinct retomada_manual from f_retomada_bf</SQL></View><Level name="retomadaManual" column="RETOMADA_MANUAL" type="String" levelType="Regular" caption="Retomada manual?(171)" description=""/></Hierarchy></Dimension><Dimension name="lcm43pasta" type="StandardDimension" caption="PASTA" description="pasta"><Hierarchy hasAll="true" allMemberName="todos" allMemberCaption="Todos"><View alias="pasta220"><SQL>select distinct pasta from f_retomada_bf</SQL></View><Level name="pasta" column="PASTA" type="String" levelType="Regular" caption="PASTA(220)" description=""/></Hierarchy></Dimension><Dimension name="lcm43numeroProcesso" type="StandardDimension" caption="PROCESSO" description="processo"><Hierarchy hasAll="true" allMemberName="todos" allMemberCaption="Todos"><View alias="numeroProcesso221"><SQL>select distinct numero_processo from f_retomada_bf</SQL></View><Level name="numeroProcesso" column="NUMERO_PROCESSO" type="String" levelType="Regular" caption="PROCESSO(221)" description=""/></Hierarchy></Dimension><Dimension name="lcm43usuarioOcorrencia" type="StandardDimension" caption="Nome Operador:" description="nome operador"><Hierarchy hasAll="true" allMemberName="todos" allMemberCaption="Todos"><View alias="usuarioOcorrencia222"><SQL>select distinct usuario_ocorrencia from f_retomada_bf</SQL></View><Level name="usuarioOcorrencia" column="USUARIO_OCORRENCIA" type="String" levelType="Regular" caption="Nome Operador:(222)" description=""/></Hierarchy></Dimension><Dimension name="lcm43comarca" type="StandardDimension" caption="Comarca" description="comarca"><Hierarchy hasAll="true" allMemberName="todos" allMemberCaption="Todos"><View alias="comarca223"><SQL>select distinct comarca from f_retomada_bf</SQL></View><Level name="comarca" column="COMARCA" type="String" levelType="Regular" caption="Comarca(223)" description=""/></Hierarchy></Dimension><Dimension name="lcm43vara" type="StandardDimension" caption="Vara" description="vara"><Hierarchy hasAll="true" allMemberName="todos" allMemberCaption="Todos"><View alias="vara224"><SQL>select distinct vara from f_retomada_bf</SQL></View><Level name="vara" column="VARA" type="String" levelType="Regular" caption="Vara(224)" description=""/></Hierarchy></Dimension><Dimension name="lcm43selecionaFilial" type="StandardDimension" caption="Filial Responsável" description="filial responsavel"><Hierarchy hasAll="true" allMemberName="todos" allMemberCaption="Todos"><View alias="selecionaFilial226"><SQL>select distinct seleciona_filial from f_retomada_bf</SQL></View><Level name="selecionaFilial" column="SELECIONA_FILIAL" type="String" levelType="Regular" caption="Filial Responsável(226)" description=""/></Hierarchy></Dimension><Dimension name="lcm43usoGuincho" type="StandardDimension" caption="Uso de Guincho:" description="uso de guincho"><Hierarchy hasAll="true" allMemberName="todos" allMemberCaption="Todos"><View alias="usoGuincho230"><SQL>select distinct uso_guincho from f_retomada_bf</SQL></View><Level name="usoGuincho" column="USO_GUINCHO" type="String" levelType="Regular" caption="Uso de Guincho:(230)" description=""/></Hierarchy></Dimension><Dimension name="lcm43renavam" type="StandardDimension" caption="Renavam" description="renavam"><Hierarchy hasAll="true" allMemberName="todos" allMemberCaption="Todos"><View alias="renavam232"><SQL>select distinct renavam from f_retomada_bf</SQL></View><Level name="renavam" column="RENAVAM" type="String" levelType="Regular" caption="Renavam(232)" description=""/></Hierarchy></Dimension><Dimension name="lcm43autorizaoSimulador" type="StandardDimension" caption="Possui Autorização do Simulador?" description="possui autorizacao do simulador"><Hierarchy hasAll="true" allMemberName="todos" allMemberCaption="Todos"><View alias="autorizaoSimulador235"><SQL>select distinct autorizao_simulador from f_retomada_bf</SQL></View><Level name="autorizaoSimulador" column="AUTORIZAO_SIMULADOR" type="String" levelType="Regular" caption="Possui Autorização do Simulador?(235)" description=""/></Hierarchy></Dimension><Dimension name="lcm43categoriaVeic" type="StandardDimension" caption="Produto" description="produto"><Hierarchy hasAll="true" allMemberName="todos" allMemberCaption="Todos"><View alias="categoriaVeic244"><SQL>select distinct categoria_veic from f_retomada_bf</SQL></View><Level name="categoriaVeic" column="CATEGORIA_VEIC" type="String" levelType="Regular" caption="Produto(244)" description=""/></Hierarchy></Dimension><Dimension name="lcm43termoEntregaUp" type="StandardDimension" caption="Termo de Entrega:" description="termo de entrega"><Hierarchy hasAll="true" allMemberName="todos" allMemberCaption="Todos"><View alias="termoEntregaUp259"><SQL>select distinct termo_entrega_up from f_retomada_bf</SQL></View><Level name="termoEntregaUp" column="TERMO_ENTREGA_UP" type="String" levelType="Regular" caption="Termo de Entrega:(259)" description=""/></Hierarchy></Dimension><Dimension name="lcm43laudoVistoriaUp" type="StandardDimension" caption="Laudo da Vistoria:" description="laudo da vistoria"><Hierarchy hasAll="true" allMemberName="todos" allMemberCaption="Todos"><View alias="laudoVistoriaUp260"><SQL>select distinct laudo_vistoria_up from f_retomada_bf</SQL></View><Level name="laudoVistoriaUp" column="LAUDO_VISTORIA_UP" type="String" levelType="Regular" caption="Laudo da Vistoria:(260)" description=""/></Hierarchy></Dimension><Dimension name="lcm43debitosdetranUp" type="StandardDimension" caption="Débitos do Detran:" description="debitos do detran"><Hierarchy hasAll="true" allMemberName="todos" allMemberCaption="Todos"><View alias="debitosdetranUp261"><SQL>select distinct debitosdetran_up from f_retomada_bf</SQL></View><Level name="debitosdetranUp" column="DEBITOSDETRAN_UP" type="String" levelType="Regular" caption="Débitos do Detran:(261)" description=""/></Hierarchy></Dimension><Dimension name="lcm43telaMolicarUp" type="StandardDimension" caption="Tela Molicar:" description="tela molicar"><Hierarchy hasAll="true" allMemberName="todos" allMemberCaption="Todos"><View alias="telaMolicarUp262"><SQL>select distinct tela_molicar_up from f_retomada_bf</SQL></View><Level name="telaMolicarUp" column="TELA_MOLICAR_UP" type="String" levelType="Regular" caption="Tela Molicar:(262)" description=""/></Hierarchy></Dimension><Dimension name="lcm43termoAssinadoUp" type="StandardDimension" caption="Termo de Entrega Assinado:" description="termo de entrega assinado"><Hierarchy hasAll="true" allMemberName="todos" allMemberCaption="Todos"><View alias="termoAssinadoUp263"><SQL>select distinct termo_assinado_up from f_retomada_bf</SQL></View><Level name="termoAssinadoUp" column="TERMO_ASSINADO_UP" type="String" levelType="Regular" caption="Termo de Entrega Assinado:(263)" description=""/></Hierarchy></Dimension><Dimension name="lcm43autoApreensaoUp" type="StandardDimension" caption="Auto de Apreensão:" description="auto de apreensao"><Hierarchy hasAll="true" allMemberName="todos" allMemberCaption="Todos"><View alias="autoApreensaoUp264"><SQL>select distinct auto_apreensao_up from f_retomada_bf</SQL></View><Level name="autoApreensaoUp" column="AUTO_APREENSAO_UP" type="String" levelType="Regular" caption="Auto de Apreensão:(264)" description=""/></Hierarchy></Dimension><Dimension name="lcm43mandadoUp" type="StandardDimension" caption="Mandado:" description="mandado"><Hierarchy hasAll="true" allMemberName="todos" allMemberCaption="Todos"><View alias="mandadoUp265"><SQL>select distinct mandado_up from f_retomada_bf</SQL></View><Level name="mandadoUp" column="MANDADO_UP" type="String" levelType="Regular" caption="Mandado:(265)" description=""/></Hierarchy></Dimension><Dimension name="lcm43certidaoCitacaoUp" type="StandardDimension" caption="Certidão de Citação:" description="certidao de citacao"><Hierarchy hasAll="true" allMemberName="todos" allMemberCaption="Todos"><View alias="certidaoCitacaoUp266"><SQL>select distinct certidao_citacao_up from f_retomada_bf</SQL></View><Level name="certidaoCitacaoUp" column="CERTIDAO_CITACAO_UP" type="String" levelType="Regular" caption="Certidão de Citação:(266)" description=""/></Hierarchy></Dimension><Dimension name="lcm43reciboDutUp" type="StandardDimension" caption="Recibo do Veículo/Termo Perda DUT:" description="recibo do veiculotermo perda dut"><Hierarchy hasAll="true" allMemberName="todos" allMemberCaption="Todos"><View alias="reciboDutUp267"><SQL>select distinct recibo_dut_up from f_retomada_bf</SQL></View><Level name="reciboDutUp" column="RECIBO_DUT_UP" type="String" levelType="Regular" caption="Recibo do Veículo/Termo Perda DUT:(267)" description=""/></Hierarchy></Dimension><Dimension name="lcm43telaBiUp" type="StandardDimension" caption="Tela de BI:" description="tela de bi"><Hierarchy hasAll="true" allMemberName="todos" allMemberCaption="Todos"><View alias="telaBiUp268"><SQL>select distinct tela_bi_up from f_retomada_bf</SQL></View><Level name="telaBiUp" column="TELA_BI_UP" type="String" levelType="Regular" caption="Tela de BI:(268)" description=""/></Hierarchy></Dimension><Dimension name="lcm43fotosVeiculoUp" type="StandardDimension" caption="Fotos do Veículo:" description="fotos do veiculo"><Hierarchy hasAll="true" allMemberName="todos" allMemberCaption="Todos"><View alias="fotosVeiculoUp269"><SQL>select distinct fotos_veiculo_up from f_retomada_bf</SQL></View><Level name="fotosVeiculoUp" column="FOTOS_VEICULO_UP" type="String" levelType="Regular" caption="Fotos do Veículo:(269)" description=""/></Hierarchy></Dimension><Dimension name="lcm43tipoDocPatio" type="StandardDimension" caption="Tipo Documento" description="tipo documento"><Hierarchy hasAll="true" allMemberName="todos" allMemberCaption="Todos"><View alias="tipoDocPatio276"><SQL>select distinct tipo_doc_patio from f_retomada_bf</SQL></View><Level name="tipoDocPatio" column="TIPO_DOC_PATIO" type="String" levelType="Regular" caption="Tipo Documento(276)" description=""/></Hierarchy></Dimension><Dimension name="lcm43tipoDocLocal" type="StandardDimension" caption="Tipo Documento" description="tipo documento"><Hierarchy hasAll="true" allMemberName="todos" allMemberCaption="Todos"><View alias="tipoDocLocal277"><SQL>select distinct tipo_doc_local from f_retomada_bf</SQL></View><Level name="tipoDocLocal" column="TIPO_DOC_LOCAL" type="String" levelType="Regular" caption="Tipo Documento(277)" description=""/></Hierarchy></Dimension><Dimension name="lcm43tipoDocEntrega" type="StandardDimension" caption="Tipo Documento" description="tipo documento"><Hierarchy hasAll="true" allMemberName="todos" allMemberCaption="Todos"><View alias="tipoDocEntrega278"><SQL>select distinct tipo_doc_entrega from f_retomada_bf</SQL></View><Level name="tipoDocEntrega" column="TIPO_DOC_ENTREGA" type="String" levelType="Regular" caption="Tipo Documento(278)" description=""/></Hierarchy></Dimension><Dimension name="lcm43tipoDocGuincho" type="StandardDimension" caption="Tipo Documento" description="tipo documento"><Hierarchy hasAll="true" allMemberName="todos" allMemberCaption="Todos"><View alias="tipoDocGuincho279"><SQL>select distinct tipo_doc_guincho from f_retomada_bf</SQL></View><Level name="tipoDocGuincho" column="TIPO_DOC_GUINCHO" type="String" levelType="Regular" caption="Tipo Documento(279)" description=""/></Hierarchy></Dimension><Dimension name="lcm43tipoDocCart" type="StandardDimension" caption="Tipo Documento" description="tipo documento"><Hierarchy hasAll="true" allMemberName="todos" allMemberCaption="Todos"><View alias="tipoDocCart280"><SQL>select distinct tipo_doc_cart from f_retomada_bf</SQL></View><Level name="tipoDocCart" column="TIPO_DOC_CART" type="String" levelType="Regular" caption="Tipo Documento(280)" description=""/></Hierarchy></Dimension><Dimension name="lcm43relatViagemSituaca" type="StandardDimension" caption="&lt;b&gt;Situação Despesa&lt;/b&gt;" description="bsituacao despesab"><Hierarchy hasAll="true" allMemberName="todos" allMemberCaption="Todos"><View alias="relatViagemSituaca285"><SQL>select distinct relat_viagem_situaca from f_retomada_bf</SQL></View><Level name="relatViagemSituaca" column="RELAT_VIAGEM_SITUACA" type="String" levelType="Regular" caption="&lt;b&gt;Situação Despesa&lt;/b&gt;(285)" description=""/></Hierarchy></Dimension><Dimension name="lcm43venc1parcela" type="TimeDimension" caption="Venc. 1° Parcela" description=""><Hierarchy hasAll="true" allMemberName="todos" allMemberCaption="Todos" primaryKey="sk_tempo"><Table name="viewb_tempo"/><Level name="ano" column="ano" nameColumn="ano" type="Integer" levelType="TimeYears" caption="Ano"/><Level name="mes" column="mes" nameColumn="nome_mes" type="Integer" levelType="TimeMonths" caption="Mês"/><Level name="dia" column="dia" nameColumn="dia" type="Integer" levelType="TimeDays" caption="Dia"/></Hierarchy></Dimension><Dimension name="lcm43dataRetomada" type="TimeDimension" caption="Data Retomada" description=""><Hierarchy hasAll="true" allMemberName="todos" allMemberCaption="Todos" primaryKey="sk_tempo"><Table name="viewb_tempo"/><Level name="ano" column="ano" nameColumn="ano" type="Integer" levelType="TimeYears" caption="Ano"/><Level name="mes" column="mes" nameColumn="nome_mes" type="Integer" levelType="TimeMonths" caption="Mês"/><Level name="dia" column="dia" nameColumn="dia" type="Integer" levelType="TimeDays" caption="Dia"/></Hierarchy></Dimension><Dimension name="lcm43parcelaAntiga" type="TimeDimension" caption="1° Parcela em Atraso" description=""><Hierarchy hasAll="true" allMemberName="todos" allMemberCaption="Todos" primaryKey="sk_tempo"><Table name="viewb_tempo"/><Level name="ano" column="ano" nameColumn="ano" type="Integer" levelType="TimeYears" caption="Ano"/><Level name="mes" column="mes" nameColumn="nome_mes" type="Integer" levelType="TimeMonths" caption="Mês"/><Level name="dia" column="dia" nameColumn="dia" type="Integer" levelType="TimeDays" caption="Dia"/></Hierarchy></Dimension><Dimension name="lcm43dataAjuizamento" type="TimeDimension" caption="Data do Ajuizamento" description=""><Hierarchy hasAll="true" allMemberName="todos" allMemberCaption="Todos" primaryKey="sk_tempo"><Table name="viewb_tempo"/><Level name="ano" column="ano" nameColumn="ano" type="Integer" levelType="TimeYears" caption="Ano"/><Level name="mes" column="mes" nameColumn="nome_mes" type="Integer" levelType="TimeMonths" caption="Mês"/><Level name="dia" column="dia" nameColumn="dia" type="Integer" levelType="TimeDays" caption="Dia"/></Hierarchy></Dimension><Dimension name="lcm43dataPreenchimento" type="TimeDimension" caption="Data Preenchimento Simulador" description=""><Hierarchy hasAll="true" allMemberName="todos" allMemberCaption="Todos" primaryKey="sk_tempo"><Table name="viewb_tempo"/><Level name="ano" column="ano" nameColumn="ano" type="Integer" levelType="TimeYears" caption="Ano"/><Level name="mes" column="mes" nameColumn="nome_mes" type="Integer" levelType="TimeMonths" caption="Mês"/><Level name="dia" column="dia" nameColumn="dia" type="Integer" levelType="TimeDays" caption="Dia"/></Hierarchy></Dimension><Cube name="lcmFatoProcessosAtomica" caption="Processos" cache="true" enabled="true" visible="true"><Table name="viewb_fato_processos_atomica_colunar" schema="fato"/><DimensionUsage name="processo" source="lcmProcesso" foreignKey="sk_formulario_ativo" highCardinality="false" caption="Modelo de Processos"/><DimensionUsage name="statusProcesso" source="lcmStatusProcesso" foreignKey="sk_status_processo" highCardinality="false" caption="Status do Processo"/><DimensionUsage name="solicitante" source="lcmColaborador" foreignKey="sk_colaborador_solicitante" highCardinality="false" caption="Solicitante"/><DimensionUsage name="dataSolicitacao" source="lcmPeriodo" foreignKey="sk_data_inicio" highCardinality="false" caption="Data da Solicitação"/><DimensionUsage name="dataConclusaoAtv" source="lcmPeriodo" foreignKey="sk_data_termino_atividade" highCardinality="false" caption="Conclusão da Atividade"/><DimensionUsage name="prazoEtapa" source="lcmPrazo" foreignKey="sk_prazo" highCardinality="false" caption="Prazo Atividade"/><DimensionUsage name="statusAtividade" source="lcmStatusAtividade" foreignKey="sk_status_atividade" highCardinality="false" caption="Status Atividade"/><DimensionUsage name="etapasProcesso" source="lcmEtapas" foreignKey="sk_etapa" highCardinality="false" caption="Etapas do Processo"/><Dimension name="cicloExecucao" type="StandardDimension" caption="Ciclo Execução" highCardinality="false"><Hierarchy name="ciclo" hasAll="true"><Level name="codigoCiclo" column="cod_ciclo" type="String" uniqueMembers="false" levelType="Regular" hideMemberIf="Never" caption="Código Ciclo"/></Hierarchy></Dimension><Dimension name="instancia" type="StandardDimension" caption="Instância" highCardinality="false"><Hierarchy name="instancia" hasAll="true"><Level name="instancia" column="cod_processo" type="Integer" uniqueMembers="true" levelType="Regular" hideMemberIf="Never" caption="Cód. Instância do Processo"/></Hierarchy></Dimension><DimensionUsage name="executor" source="lcmColaborador" foreignKey="sk_executor" highCardinality="false" caption="Executor"/><DimensionUsage name="dataInicioAtv" source="lcmPeriodo" foreignKey="sk_data_inicio_atividade" highCardinality="false" caption="Início da Atividade"/><DimensionUsage name="dataConclusao" source="lcmPeriodo" foreignKey="sk_data_termino" highCardinality="false" caption="Data Conclusão"/><DimensionUsage name="processoVersionado" source="lcmProcessoVersionado" foreignKey="sk_formulario" highCardinality="false" caption="Modelos Processos Versionados"/><DimensionUsage name="prazoProcesso" source="lcmPrazo" foreignKey="sk_prazo_processo" highCardinality="false" caption="Prazo do Processo"/><Measure name="qtdeAtvExecutadas" column="sk_etapa" datatype="Integer" formatString="#,##0.00" aggregator="count" caption="Qtde. Atividades Executadas" visible="true"/><Measure name="qtdeAtvExecutadasPrazo" column="contador_prazo" datatype="Integer" formatString="#,##0.00" aggregator="sum" caption="Qtde. Ativ, Executadas no Prazo" visible="true"/><Measure name="qtdeAtvExecutadasCiclo" column="contador_ciclo1" datatype="Integer" formatString="#,##0.00" aggregator="sum" caption="Qtde. Ativ. Executados Ciclo 1" visible="true"/><Measure name="qtdeAtvExecutadasCicloPrazo" column="contador_ciclo1_prazo" datatype="Integer" formatString="#,##0.00" aggregator="sum" caption="Qtde. Ativ. Exec. Apenas Ciclo 1 no Prazo" visible="true"/><Measure name="tempoHibernacao" column="tempo_hibernacao" datatype="Integer" formatString="#,##0.00" aggregator="sum" caption="Tempo em Hibernação (minutos)" visible="true"/><Measure name="tempoExecucao" column="tempo_execucao" datatype="Integer" formatString="#,##0.00" aggregator="sum" caption="Tempo Execução (minutos)" visible="true"/><Measure name="leadTime" column="lead_time" datatype="Integer" formatString="#,##0.00" aggregator="sum" caption="Lead Time (minutos)" visible="true"/><Measure name="tempoExcedido" column="tempo_estouro" datatype="Integer" formatString="#,##0.00" aggregator="sum" caption="Tempo de Excedido (minutos)" visible="true"/><Measure name="qtdeAtividadesDistintasExecutadas" column="sk_etapa" datatype="Integer" formatString="#,##0.00" aggregator="distinct-count" caption="Qtde. Atv. Distintas Executadas" visible="true"/><Measure name="tempoSalvo" column="tempo_folga" datatype="Integer" formatString="#,##0.00" aggregator="sum" caption="Tempo Salvo (minutos)" visible="true"/><Measure name="tempoMetaExecucao" column="tempo_meta_execucao" datatype="Integer" formatString="#,##0.00" aggregator="sum" caption="Meta de Execução Eficácia (minutos)" visible="true"/><Measure name="qtdeInstancias" column="cod_processo" datatype="Integer" formatString="#,##0.00" aggregator="distinct-count" caption="Qtde. de Fluxos" visible="true"/><Measure name="qtdeExecutores" column="sk_executor" datatype="Integer" formatString="#,##0.00" aggregator="distinct-count" caption="Qtde. Executores" visible="true"/><Measure name="qtdeSolicitantes" column="sk_colaborador_solicitante" datatype="Integer" formatString="#,##0.00" aggregator="distinct-count" caption="Qtde. Solicitantes" visible="true"/><Measure name="qtdeInstanciasFechadas" column="sk_data_termino_atividade" datatype="Integer" formatString="#,##0.00" aggregator="distinct-count" caption="Qtde. Fluxos Fechados" visible="true"/><Measure name="tempoMedioExecucao" column="tempo_execucao" datatype="Numeric" formatString="#,##0.00" aggregator="avg" caption="Tempo Médio de Execução (minutos)" visible="true"/><Measure name="tempoMedioExcedido" column="tempo_estouro" datatype="Numeric" formatString="#,##0.00" aggregator="avg" caption="Tempo Médio Excedido (minutos)" visible="true"/><Measure name="tempoMedioSalvo" column="tempo_folga" datatype="Numeric" formatString="#,##0.00" aggregator="avg" caption="Tempo Médio Salvo (minutos)" visible="true"/><Measure name="leadTimeMedio" column="lead_time" datatype="Numeric" aggregator="avg" caption="Lead Time Médio (minutos)" visible="true"/><Measure name="tempoMetaExecucaoEficiencia" column="tempo_meta_execucao_eficiencia" datatype="Integer" formatString="#,##0.00" aggregator="sum" caption="Meta de Execução Eficiência (minutos)" visible="true"/><Measure name="qtdeProcesso" column="cod_form" datatype="Integer" formatString="#,##0.00" aggregator="distinct-count" caption="Qtde. Modelos Processos" visible="true"/><Measure name="qtdePeriodo" column="periodoprocesso" datatype="Integer" formatString="#,##0.00" aggregator="distinct-count" caption="Qtde. Período" visible="false"/><Measure name="qtdeCiclosDistintosExecutados" column="cod_ciclo" datatype="Integer" formatString="#,##0.00" aggregator="distinct-count" caption="Qtde. Distintos Ciclos" visible="true"/><CalculatedMember name="indiceEficiencia" formatString="#,##0.00%" caption="% Indice de Eficiência" formula="[Measures].[qtdeAtvExecutadasCicloPrazo] / [Measures].[qtdeAtvExecutadasCiclo]" dimension="Measures" visible="true"/><CalculatedMember name="indiceEficacia" formatString="#,##0.00%" caption="% Indice de Eficácia" formula="[Measures].[qtdeAtvExecutadasPrazo] / [Measures].[qtdeAtvExecutadas]" dimension="Measures" visible="true"/><CalculatedMember name="horasEficiencia" formatString="#,##0.00%" caption="% Horas Eficiência" formula="[Measures].[tempoExecucao]/[Measures].[tempoMetaExecucaoEficiencia]" dimension="Measures" visible="true"/><CalculatedMember name="horasEficacia" formatString="#,##0.00%" caption="% Horas Eficácia" formula="[Measures].[tempoExecucao] / [Measures].[tempoMetaExecucao]" dimension="Measures" visible="true"/><CalculatedMember name="qtdeFechadas" formatString="#,##0.00" formula="SUM([dataConclusao.am].[anomes].CurrentMember, [Measures].[qtdeInstancias])" dimension="Measures" visible="true"/><CalculatedMember name="tempoHibernacaoHoras" formatString="#,##0.00" caption="Tempo em Hibernação (horas)" formula="[Measures].[tempoHibernacao]  / 60" dimension="Measures" visible="true"/><CalculatedMember name="tempoHibernacaoDias" formatString="#,##0.00" caption="Tempo em Hibernação (dias)" formula="[Measures].[tempoHibernacao]  / 1440 " dimension="Measures" visible="true"/><CalculatedMember name="tempoExcedidoHoras" formatString="#,##0.00" caption="Tempo de Excedido (horas)" formula="[Measures].[tempoExcedido] / 60" dimension="Measures" visible="true"/><CalculatedMember name="tempoExcedidoDias" formatString="#,##0.00" caption="Tempo de Excedido (dias)" formula="[Measures].[tempoExcedido] / 1440" dimension="Measures" visible="true"/><CalculatedMember name="tempoSalvoHoras" formatString="#,##0.00" caption="Tempo Salvo (horas)" formula="[Measures].[tempoSalvo]  / 60" dimension="Measures" visible="true"/><CalculatedMember name="tempoSalvoDias" formatString="#,##0.00" caption="Tempo Salvo (dias)" formula="[Measures].[tempoSalvo]  / 1440" dimension="Measures" visible="true"/><CalculatedMember name="tempoMetaExecucaoHoras" formatString="#,##0.00" caption="Meta de Execução (horas)" formula="[Measures].[tempoMetaExecucao]  / 60" dimension="Measures" visible="true"/><CalculatedMember name="tempoMetaExecucaoDias" formatString="#,##0.00" caption="Meta de Execução (dias)" formula="[Measures].[tempoMetaExecucao]  / 1440" dimension="Measures" visible="true"/><CalculatedMember name="tempoExecucaoHoras" formatString="#,##0.00" caption="Tempo de Execução (horas)" formula="[Measures].[tempoExecucao]  / 60" dimension="Measures" visible="true"/><CalculatedMember name="tempoExecucaoDias" formatString="#,##0.00" caption="Tempo de Execução (dias)" formula="[Measures].[tempoExecucao]  / 1440" dimension="Measures" visible="true"/><CalculatedMember name="tempoMedioExecucaoDias" formatString="#,##0.00" caption="Tempo Médio de Execução (dias)" formula="[Measures].[tempoMedioExecucao]  / 1440" dimension="Measures" visible="true"/><CalculatedMember name="tempoMedioExecucaoHoras" formatString="#,##0.00" caption="Tempo Médio de Execução" formula="[Measures].[tempoMedioExecucao]  / 60" dimension="Measures" visible="true"/><CalculatedMember name="tempoMedioExcedidoDias" formatString="#,##0.00" caption="Tempo Médio Excedido (dias)" formula="[Measures].[tempoMedioExcedido]  / 1440" dimension="Measures" visible="true"/><CalculatedMember name="tempoMedioExcedidoHoras" formatString="#,##0.00" caption="Tempo Médio Excedido (horas)" formula="[Measures].[tempoMedioExcedido]  / 60" dimension="Measures" visible="true"/><CalculatedMember name="tempoMedioSalvoDias" formatString="#,##0.00" caption="Tempo Médio Salvo (dias)" formula="[Measures].[tempoMedioSalvo]  / 1440" dimension="Measures" visible="true"/><CalculatedMember name="tempoMedioSalvoHoras" formatString="#,##0.00" caption="Tempo Médio Salvo (horas)" formula="[Measures].[tempoMedioSalvo]  / 60" dimension="Measures" visible="true"/><CalculatedMember name="leadTimeDias" formatString="#,##0.00" caption="Lead Time (dias)" formula="[Measures].[leadTime]  / 1440" dimension="Measures" visible="true"/><CalculatedMember name="leadTimeHoras" formatString="#,##0.00" caption="Lead Time (horas)" formula="[Measures].[leadTime]  / 60" dimension="Measures" visible="true"/><CalculatedMember name="leadTimeMedioDias" formatString="#,##0.00" caption="Lead Time Médio (dias)" formula="[Measures].[leadTimeMedio]  / 1440" dimension="Measures" visible="true"/><CalculatedMember name="leadTimeMedioHoras" formatString="#,##0.00" caption="Lead Time Médio (horas)" formula="[Measures].[leadTimeMedio]  / 60" dimension="Measures" visible="true"/><CalculatedMember name="qtdeFluxoMes" formatString="#,##0.00" caption="Qtde. Fluxos Mês" formula="[Measures].[qtdeInstancias]/[Measures].[qtdePeriodo]" dimension="Measures" visible="true"/><CalculatedMember name="qtdeProcessoMes" formatString="#,##0.00" caption="Qtde. Modelos Processos Mês" formula="[Measures].[qtdeProcesso]/[Measures].[qtdePeriodo]" dimension="Measures" visible="true"/><CalculatedMember name="qtdeCicloEtapa" formatString="#,##0.00" caption="Média Ciclo p/ Etapa" formula="[Measures].[qtdeCiclosDistintosExecutados]/[Measures].[qtdeAtividadesDistintasExecutadas]" dimension="Measures" visible="true"/></Cube><Cube name="lcm43simuladorRetomadaBfprocesso" caption="Simulador / Retomada BF" description="As simulações deverão ser feitas para cada iniciativa de retomada, sendo essa entrega amigável ou de busca e apreensão, logo, serão iniciadas automaticamente pelos fluxos Retomados Itaú, Retomados Bradesco e Retomados Pan." visible="true"><View alias="v_f_retomada_bf"><SQL>SELECT f.COD_PROCESSO, (p.COD_FORM * 1000000 + p.COD_VERSAO * 1000) SK_PROCESSO, (p.COD_FORM * 1000000 + p.COD_VERSAO * 1000 + f.COD_ETAPA_F) SK_ETAPA, TIPO_RETOMADA, CONTRATO, FINANC_CPF, FINANC_NOME, BANCO_CNPJ, BANCO_NOME, MARCA, MODELO, ANO_FABRIC, ANO_MODELO, CHASSI, PLACA, RENAVAN, FILIAL, RESPONSAVEL_FILIAL, PATIO_SITUACAO, LOCAL_SITUACAO, ENTREGA_SITUACAO, GUINCHO_SITUACAO, CARTORIO_SITUACAO, DISTANCIA_LEILOEIRO, STATUS_SIMULADOR, CATEGORIA_VEICULO, REJEITAR_PARA, RESPONSAVEL, COD_PROCESSO_PAI, STATUS_SIMULADOR_ALC, cast(date_format(VENC_1PARCELA,'%Y%m%d') as UNSIGNED) as SK_VENC_1PARCELA, cast(date_format(DATA_RETOMADA,'%Y%m%d') as UNSIGNED) as SK_DATA_RETOMADA, FASE, ADIMPLENTE, UF, cast(date_format(PARCELA_ANTIGA,'%Y%m%d') as UNSIGNED) as SK_PARCELA_ANTIGA, FASE_SMC, PATIO_DESC, PATIO_CADASTRAR, PATIO_TIPOPESSOA, PATIO_CNPJ, PATIO_INSCMUN, PATIO_INSCEST, PATIO_CPF, PATIO_RG, PATIO_ENDERECO, PATIO_NUMERO, PATIO_BAIRRO, PATIO_CEP, PATIO_CIDADE, PATIO_ESTADO, PATIO_PAIS, PATIO_RESPONSAVEL, PATIO_FONE, PATIO_LEILOEIRO, ESTADO_BEM, AJUIZAMENTO, cast(date_format(DATA_AJUIZAMENTO,'%Y%m%d') as UNSIGNED) as SK_DATA_AJUIZAMENTO, IMPEDIMENTO_REMOCAO, ABRANGENCIA, ENTREGA_USUARIO, ENTREGA_LOCAL, LOCALIZACAO_AUTOR, LOCALIZACAO_NF, ESTADIA_TEM, GUINCHO_TEM, AUX, RETOMADA_MANUAL, PASTA, NUMERO_PROCESSO, USUARIO_OCORRENCIA, COMARCA, VARA, SELECIONA_FILIAL, USO_GUINCHO, RENAVAM, AUTORIZAO_SIMULADOR, CATEGORIA_VEIC, cast(date_format(DATA_PREENCHIMENTO,'%Y%m%d') as UNSIGNED) as SK_DATA_PREENCHIMENTO, TERMO_ENTREGA_UP, LAUDO_VISTORIA_UP, DEBITOSDETRAN_UP, TELA_MOLICAR_UP, TERMO_ASSINADO_UP, AUTO_APREENSAO_UP, MANDADO_UP, CERTIDAO_CITACAO_UP, RECIBO_DUT_UP, TELA_BI_UP, FOTOS_VEICULO_UP, TIPO_DOC_PATIO, TIPO_DOC_LOCAL, TIPO_DOC_ENTREGA, TIPO_DOC_GUINCHO, TIPO_DOC_CART, RELAT_VIAGEM_SITUACA, PARCELAS_PLANO, PARCELAS_PAGAS, PERCENT_PAGO, VALOR_RISCO, MOLICAR_FIPE, DEPRECIACAO, VALOR_DEPRECIADO, DEBITOS_DETRAN, VALOR_FINAL, PATIO_CONTRATADO, PATIO_REEMB, PATIO_DESPESA, LOCAL_CONTRATADO, LOCAL_REEMB, LOCAL_DESPESA, ENTREGA_CONTRATADO, ENTREGA_REEMB, ENTREGA_DESPESA, GUINCHO_CONTRATADO, GUINCHO_REEMB, GUINCHO_DESPESA, CARTORIO_CONTRATADO, CARTORIO_REEMB, CARTORIO_DESPESA, REDUCAO_NECESSARIA, QTDE_ESTADIAS, HO, HONORARIO, HO_PERCENT, HONORARIO_REAL, DETRAN, FAIXA_LEILOEIRO, REMOCAO_ESTADIA, FATOR_IDADE_PARCELA, FATOR_MULTIPLICADOR, HONORARIO_MIN, DEPRECIA, VALOR_LOCALIZACAO, ESTADIA_QTDE_DIAS, ESTADIA_DIARIA, ESTADIA_TOTAL, GUINCHO_TOTAL, S_ENTREGA_CONTRATAD, VALORGUINCHO, PERCENT_LOCALIZADOR, VALOR_MIN_LOCALIZADO, VALOR_MAX_LOCALIZ, PERC_LOCALIZ_MAIOR90, VALOR_MIN_MAIOR90, VALOR_MAX_MAIOR90, RELAT_VIAGEM_CONTRAT, RELAT_VIAGEM_REEMB, RELAT_VIAGEM_DESPESA FROM processo p INNER JOIN f_retomada_bf f  ON f.COD_PROCESSO_F = p.COD_PROCESSO AND f.COD_ETAPA_F = p.COD_ETAPA_ATUAL AND f.COD_CICLO_F = p.COD_CICLO_ATUAL WHERE p.COD_FORM = 43</SQL></View><DimensionUsage name="tipoRetomada" source="lcm43tipoRetomada" foreignKey="TIPO_RETOMADA" caption="Tipo Retomada"/><DimensionUsage name="contrato" source="lcm43contrato" foreignKey="CONTRATO" caption="Contrato"/><DimensionUsage name="financCpf" source="lcm43financCpf" foreignKey="FINANC_CPF" caption="CPF"/><DimensionUsage name="financNome" source="lcm43financNome" foreignKey="FINANC_NOME" caption="Financiado"/><DimensionUsage name="bancoCnpj" source="lcm43bancoCnpj" foreignKey="BANCO_CNPJ" caption="CNPJ"/><DimensionUsage name="bancoNome" source="lcm43bancoNome" foreignKey="BANCO_NOME" caption="Banco"/><DimensionUsage name="marca" source="lcm43marca" foreignKey="MARCA" caption="Marca"/><DimensionUsage name="modelo" source="lcm43modelo" foreignKey="MODELO" caption="Modelo"/><DimensionUsage name="anoFabric" source="lcm43anoFabric" foreignKey="ANO_FABRIC" caption="Ano Fabricação"/><DimensionUsage name="anoModelo" source="lcm43anoModelo" foreignKey="ANO_MODELO" caption="Ano Modelo"/><DimensionUsage name="chassi" source="lcm43chassi" foreignKey="CHASSI" caption="Chassi"/><DimensionUsage name="placa" source="lcm43placa" foreignKey="PLACA" caption="Placa"/><DimensionUsage name="renavan" source="lcm43renavan" foreignKey="RENAVAN" caption="Renavam"/><DimensionUsage name="filial" source="lcm43filial" foreignKey="FILIAL" caption="Filial Retomados"/><DimensionUsage name="responsavelFilial" source="lcm43responsavelFilial" foreignKey="RESPONSAVEL_FILIAL" caption="Responsável na Filial"/><DimensionUsage name="patioSituacao" source="lcm43patioSituacao" foreignKey="PATIO_SITUACAO" caption="&lt;b&gt;Situação Despesa&lt;/b&gt;"/><DimensionUsage name="localSituacao" source="lcm43localSituacao" foreignKey="LOCAL_SITUACAO" caption="&lt;b&gt;Situação Despesa&lt;/b&gt;"/><DimensionUsage name="entregaSituacao" source="lcm43entregaSituacao" foreignKey="ENTREGA_SITUACAO" caption="&lt;b&gt;Situação Despesa&lt;/b&gt;"/><DimensionUsage name="guinchoSituacao" source="lcm43guinchoSituacao" foreignKey="GUINCHO_SITUACAO" caption="&lt;b&gt;Situação Despesa&lt;/b&gt;"/><DimensionUsage name="cartorioSituacao" source="lcm43cartorioSituacao" foreignKey="CARTORIO_SITUACAO" caption="&lt;b&gt;Situação Despesa&lt;/b&gt;"/><DimensionUsage name="distanciaLeiloeiro" source="lcm43distanciaLeiloeiro" foreignKey="DISTANCIA_LEILOEIRO" caption="Distância Leiloeiro (KM)"/><DimensionUsage name="statusSimulador" source="lcm43statusSimulador" foreignKey="STATUS_SIMULADOR" caption="Status Simulação"/><DimensionUsage name="categoriaVeiculo" source="lcm43categoriaVeiculo" foreignKey="CATEGORIA_VEICULO" caption="Produto"/><DimensionUsage name="rejeitarPara" source="lcm43rejeitarPara" foreignKey="REJEITAR_PARA" caption="Ação a ser Realizada"/><DimensionUsage name="responsavel" source="lcm43responsavel" foreignKey="RESPONSAVEL" caption=" Executor da tarefa"/><DimensionUsage name="codProcessoPai" source="lcm43codProcessoPai" foreignKey="COD_PROCESSO_PAI" caption="N° Processo Retomados"/><DimensionUsage name="statusSimuladorAlc" source="lcm43statusSimuladorAlc" foreignKey="STATUS_SIMULADOR_ALC" caption="Aprovar Simulação"/><DimensionUsage name="venc1parcela" source="lcm43venc1parcela" foreignKey="SK_VENC_1PARCELA" caption="Venc. 1° Parcela"/><DimensionUsage name="dataRetomada" source="lcm43dataRetomada" foreignKey="SK_DATA_RETOMADA" caption="Data Retomada"/><DimensionUsage name="fase" source="lcm43fase" foreignKey="FASE" caption="Fase"/><DimensionUsage name="adimplente" source="lcm43adimplente" foreignKey="ADIMPLENTE" caption="Adimplente"/><DimensionUsage name="uf" source="lcm43uf" foreignKey="UF" caption="UF da Retomada"/><DimensionUsage name="parcelaAntiga" source="lcm43parcelaAntiga" foreignKey="SK_PARCELA_ANTIGA" caption="1° Parcela em Atraso"/><DimensionUsage name="faseSmc" source="lcm43faseSmc" foreignKey="FASE_SMC" caption="fase_smc"/><DimensionUsage name="patioDesc" source="lcm43patioDesc" foreignKey="PATIO_DESC" caption="Pátio"/><DimensionUsage name="patioCadastrar" source="lcm43patioCadastrar" foreignKey="PATIO_CADASTRAR" caption="Cadastrar Pátio ?"/><DimensionUsage name="patioTipopessoa" source="lcm43patioTipopessoa" foreignKey="PATIO_TIPOPESSOA" caption="Tipo Pessoa:"/><DimensionUsage name="patioCnpj" source="lcm43patioCnpj" foreignKey="PATIO_CNPJ" caption="CNPJ"/><DimensionUsage name="patioInscmun" source="lcm43patioInscmun" foreignKey="PATIO_INSCMUN" caption="Insc Municipal"/><DimensionUsage name="patioInscest" source="lcm43patioInscest" foreignKey="PATIO_INSCEST" caption="Insc Estadual"/><DimensionUsage name="patioCpf" source="lcm43patioCpf" foreignKey="PATIO_CPF" caption="CPF"/><DimensionUsage name="patioRg" source="lcm43patioRg" foreignKey="PATIO_RG" caption="PIS"/><DimensionUsage name="patioEndereco" source="lcm43patioEndereco" foreignKey="PATIO_ENDERECO" caption="Endereço"/><DimensionUsage name="patioNumero" source="lcm43patioNumero" foreignKey="PATIO_NUMERO" caption="Número"/><DimensionUsage name="patioBairro" source="lcm43patioBairro" foreignKey="PATIO_BAIRRO" caption="Bairro"/><DimensionUsage name="patioCep" source="lcm43patioCep" foreignKey="PATIO_CEP" caption="CEP"/><DimensionUsage name="patioCidade" source="lcm43patioCidade" foreignKey="PATIO_CIDADE" caption="Cidade"/><DimensionUsage name="patioEstado" source="lcm43patioEstado" foreignKey="PATIO_ESTADO" caption="Estado"/><DimensionUsage name="patioPais" source="lcm43patioPais" foreignKey="PATIO_PAIS" caption="País:"/><DimensionUsage name="patioResponsavel" source="lcm43patioResponsavel" foreignKey="PATIO_RESPONSAVEL" caption="Responsável"/><DimensionUsage name="patioFone" source="lcm43patioFone" foreignKey="PATIO_FONE" caption="Fone"/><DimensionUsage name="patioLeiloeiro" source="lcm43patioLeiloeiro" foreignKey="PATIO_LEILOEIRO" caption="Leiloeiro"/><DimensionUsage name="estadoBem" source="lcm43estadoBem" foreignKey="ESTADO_BEM" caption="Estado do Veículo"/><DimensionUsage name="ajuizamento" source="lcm43ajuizamento" foreignKey="AJUIZAMENTO" caption="Ajuizamento?"/><DimensionUsage name="dataAjuizamento" source="lcm43dataAjuizamento" foreignKey="SK_DATA_AJUIZAMENTO" caption="Data do Ajuizamento"/><DimensionUsage name="impedimentoRemocao" source="lcm43impedimentoRemocao" foreignKey="IMPEDIMENTO_REMOCAO" caption="Impedimento de Remoção?"/><DimensionUsage name="abrangencia" source="lcm43abrangencia" foreignKey="ABRANGENCIA" caption="Abrangência"/><DimensionUsage name="entregaUsuario" source="lcm43entregaUsuario" foreignKey="ENTREGA_USUARIO" caption="Responsável Filial"/><DimensionUsage name="entregaLocal" source="lcm43entregaLocal" foreignKey="ENTREGA_LOCAL" caption="Local"/><DimensionUsage name="localizacaoAutor" source="lcm43localizacaoAutor" foreignKey="LOCALIZACAO_AUTOR" caption="Localização - Autorização"/><DimensionUsage name="localizacaoNf" source="lcm43localizacaoNf" foreignKey="LOCALIZACAO_NF" caption="Localização - NF"/><DimensionUsage name="estadiaTem" source="lcm43estadiaTem" foreignKey="ESTADIA_TEM" caption="Estadia?"/><DimensionUsage name="guinchoTem" source="lcm43guinchoTem" foreignKey="GUINCHO_TEM" caption="Guincho?"/><DimensionUsage name="aux" source="lcm43aux" foreignKey="AUX" caption="aux"/><DimensionUsage name="retomadaManual" source="lcm43retomadaManual" foreignKey="RETOMADA_MANUAL" caption="Retomada manual?"/><DimensionUsage name="pasta" source="lcm43pasta" foreignKey="PASTA" caption="PASTA"/><DimensionUsage name="numeroProcesso" source="lcm43numeroProcesso" foreignKey="NUMERO_PROCESSO" caption="PROCESSO"/><DimensionUsage name="usuarioOcorrencia" source="lcm43usuarioOcorrencia" foreignKey="USUARIO_OCORRENCIA" caption="Nome Operador:"/><DimensionUsage name="comarca" source="lcm43comarca" foreignKey="COMARCA" caption="Comarca"/><DimensionUsage name="vara" source="lcm43vara" foreignKey="VARA" caption="Vara"/><DimensionUsage name="selecionaFilial" source="lcm43selecionaFilial" foreignKey="SELECIONA_FILIAL" caption="Filial Responsável"/><DimensionUsage name="usoGuincho" source="lcm43usoGuincho" foreignKey="USO_GUINCHO" caption="Uso de Guincho:"/><DimensionUsage name="renavam" source="lcm43renavam" foreignKey="RENAVAM" caption="Renavam"/><DimensionUsage name="autorizaoSimulador" source="lcm43autorizaoSimulador" foreignKey="AUTORIZAO_SIMULADOR" caption="Possui Autorização do Simulador?"/><DimensionUsage name="categoriaVeic" source="lcm43categoriaVeic" foreignKey="CATEGORIA_VEIC" caption="Produto"/><DimensionUsage name="dataPreenchimento" source="lcm43dataPreenchimento" foreignKey="SK_DATA_PREENCHIMENTO" caption="Data Preenchimento Simulador"/><DimensionUsage name="termoEntregaUp" source="lcm43termoEntregaUp" foreignKey="TERMO_ENTREGA_UP" caption="Termo de Entrega:"/><DimensionUsage name="laudoVistoriaUp" source="lcm43laudoVistoriaUp" foreignKey="LAUDO_VISTORIA_UP" caption="Laudo da Vistoria:"/><DimensionUsage name="debitosdetranUp" source="lcm43debitosdetranUp" foreignKey="DEBITOSDETRAN_UP" caption="Débitos do Detran:"/><DimensionUsage name="telaMolicarUp" source="lcm43telaMolicarUp" foreignKey="TELA_MOLICAR_UP" caption="Tela Molicar:"/><DimensionUsage name="termoAssinadoUp" source="lcm43termoAssinadoUp" foreignKey="TERMO_ASSINADO_UP" caption="Termo de Entrega Assinado:"/><DimensionUsage name="autoApreensaoUp" source="lcm43autoApreensaoUp" foreignKey="AUTO_APREENSAO_UP" caption="Auto de Apreensão:"/><DimensionUsage name="mandadoUp" source="lcm43mandadoUp" foreignKey="MANDADO_UP" caption="Mandado:"/><DimensionUsage name="certidaoCitacaoUp" source="lcm43certidaoCitacaoUp" foreignKey="CERTIDAO_CITACAO_UP" caption="Certidão de Citação:"/><DimensionUsage name="reciboDutUp" source="lcm43reciboDutUp" foreignKey="RECIBO_DUT_UP" caption="Recibo do Veículo/Termo Perda DUT:"/><DimensionUsage name="telaBiUp" source="lcm43telaBiUp" foreignKey="TELA_BI_UP" caption="Tela de BI:"/><DimensionUsage name="fotosVeiculoUp" source="lcm43fotosVeiculoUp" foreignKey="FOTOS_VEICULO_UP" caption="Fotos do Veículo:"/><DimensionUsage name="tipoDocPatio" source="lcm43tipoDocPatio" foreignKey="TIPO_DOC_PATIO" caption="Tipo Documento"/><DimensionUsage name="tipoDocLocal" source="lcm43tipoDocLocal" foreignKey="TIPO_DOC_LOCAL" caption="Tipo Documento"/><DimensionUsage name="tipoDocEntrega" source="lcm43tipoDocEntrega" foreignKey="TIPO_DOC_ENTREGA" caption="Tipo Documento"/><DimensionUsage name="tipoDocGuincho" source="lcm43tipoDocGuincho" foreignKey="TIPO_DOC_GUINCHO" caption="Tipo Documento"/><DimensionUsage name="tipoDocCart" source="lcm43tipoDocCart" foreignKey="TIPO_DOC_CART" caption="Tipo Documento"/><DimensionUsage name="relatViagemSituaca" source="lcm43relatViagemSituaca" foreignKey="RELAT_VIAGEM_SITUACA" caption="&lt;b&gt;Situação Despesa&lt;/b&gt;"/><DimensionUsage name="etapas" source="lcmEtapas" foreignKey="sk_etapa" caption="Etapas do Processo"/><DimensionUsage name="processoVersionado" source="lcmProcesso" foreignKey="sk_formulario" caption="Modelos Processos Versionados"/><Dimension name="instancia" caption="Instância"><Hierarchy hasAll="true" allMemberName="todos" allMemberCaption="Todos"><Level name="instancia" column="cod_processo" type="Integer" uniqueMembers="true" caption="Cod. Instância do Processo"/></Hierarchy></Dimension><Measure name="parcelasPlanoOrig" column="PARCELAS_PLANO" datatype="Integer" aggregator="sum" caption="Parcelas do Plano" description="" visible="true"/><Measure name="parcelasPagasOrig" column="PARCELAS_PAGAS" datatype="Integer" aggregator="sum" caption="Parcelas Pagas" description="" visible="true"/><Measure name="percentPagoOrig" column="PERCENT_PAGO" datatype="Integer" aggregator="sum" caption="% Pago" description="" visible="true"/><Measure name="valorRiscoOrig" column="VALOR_RISCO" datatype="Numeric" aggregator="sum" caption="Valor Risco/PDD" description="" visible="true"/><Measure name="molicarFipeOrig" column="MOLICAR_FIPE" datatype="Numeric" aggregator="sum" caption="Valor Molicar" description="" visible="true"/><Measure name="depreciacaoOrig" column="DEPRECIACAO" datatype="Integer" aggregator="sum" caption="Qtde Parcelas" description="" visible="true"/><Measure name="valorDepreciadoOrig" column="VALOR_DEPRECIADO" datatype="Numeric" aggregator="sum" caption="Valor Depreciado" description="" visible="true"/><Measure name="debitosDetranOrig" column="DEBITOS_DETRAN" datatype="Numeric" aggregator="sum" caption="Débitos Detran" description="" visible="true"/><Measure name="valorFinalOrig" column="VALOR_FINAL" datatype="Numeric" aggregator="sum" caption="Valor Final - Venda" description="" visible="true"/><Measure name="patioContratadoOrig" column="PATIO_CONTRATADO" datatype="Numeric" aggregator="sum" caption="Valor Contratado" description="" visible="true"/><Measure name="patioReembOrig" column="PATIO_REEMB" datatype="Numeric" aggregator="sum" caption="Valor Reembolsável" description="" visible="true"/><Measure name="patioDespesaOrig" column="PATIO_DESPESA" datatype="Numeric" aggregator="sum" caption="Valor Despesa" description="" visible="true"/><Measure name="localContratadoOrig" column="LOCAL_CONTRATADO" datatype="Numeric" aggregator="sum" caption="Valor Contratado" description="" visible="true"/><Measure name="localReembOrig" column="LOCAL_REEMB" datatype="Numeric" aggregator="sum" caption="Valor Reembolsável" description="" visible="true"/><Measure name="localDespesaOrig" column="LOCAL_DESPESA" datatype="Numeric" aggregator="sum" caption="Valor Despesa" description="" visible="true"/><Measure name="entregaContratadoOrig" column="ENTREGA_CONTRATADO" datatype="Numeric" aggregator="sum" caption="Valor Contratado:" description="" visible="true"/><Measure name="entregaReembOrig" column="ENTREGA_REEMB" datatype="Numeric" aggregator="sum" caption="Valor Reembolsável" description="" visible="true"/><Measure name="entregaDespesaOrig" column="ENTREGA_DESPESA" datatype="Numeric" aggregator="sum" caption="Valor Despesa" description="" visible="true"/><Measure name="guinchoContratadoOrig" column="GUINCHO_CONTRATADO" datatype="Numeric" aggregator="sum" caption="Valor Contratado:" description="" visible="true"/><Measure name="guinchoReembOrig" column="GUINCHO_REEMB" datatype="Numeric" aggregator="sum" caption="Valor Reembolsável" description="" visible="true"/><Measure name="guinchoDespesaOrig" column="GUINCHO_DESPESA" datatype="Numeric" aggregator="sum" caption="Valor Despesa" description="" visible="true"/><Measure name="cartorioContratadoOrig" column="CARTORIO_CONTRATADO" datatype="Numeric" aggregator="sum" caption="Valor Contratado:" description="" visible="true"/><Measure name="cartorioReembOrig" column="CARTORIO_REEMB" datatype="Numeric" aggregator="sum" caption="Valor Reembolsável" description="" visible="true"/><Measure name="cartorioDespesaOrig" column="CARTORIO_DESPESA" datatype="Numeric" aggregator="sum" caption="Valor Despesa" description="" visible="true"/><Measure name="reducaoNecessariaOrig" column="REDUCAO_NECESSARIA" datatype="Numeric" aggregator="sum" caption="NECESSÁRIA REDUÇÃO DE DESPESAS EM" description="" visible="true"/><Measure name="qtdeEstadiasOrig" column="QTDE_ESTADIAS" datatype="Integer" aggregator="sum" caption="Qtde estadias aprovadas" description="" visible="true"/><Measure name="hoOrig" column="HO" datatype="Numeric" aggregator="sum" caption="% Honorários " description="" visible="true"/><Measure name="honorarioOrig" column="HONORARIO" datatype="Numeric" aggregator="sum" caption=" Honorários Bruto (R$)" description="" visible="true"/><Measure name="hoPercentOrig" column="HO_PERCENT" datatype="Numeric" aggregator="sum" caption="Receita Liquida (%)" description="Percentual da Receita Liquida." visible="true"/><Measure name="honorarioRealOrig" column="HONORARIO_REAL" datatype="Numeric" aggregator="sum" caption="Receita Liquida (R$)" description="Honorários Bruto em Reais, sem Desconto das despesas." visible="true"/><Measure name="detranOrig" column="DETRAN" datatype="Numeric" aggregator="sum" caption="% Detran" description="" visible="true"/><Measure name="faixaLeiloeiroOrig" column="FAIXA_LEILOEIRO" datatype="Numeric" aggregator="sum" caption="Faixa Leiloeiro" description="" visible="true"/><Measure name="remocaoEstadiaOrig" column="REMOCAO_ESTADIA" datatype="Numeric" aggregator="sum" caption="% Remoção/Estadia" description="" visible="true"/><Measure name="fatorIdadeParcelaOrig" column="FATOR_IDADE_PARCELA" datatype="Numeric" aggregator="sum" caption="Fator Idade/Parcela" description="" visible="true"/><Measure name="fatorMultiplicadorOrig" column="FATOR_MULTIPLICADOR" datatype="Numeric" aggregator="sum" caption="Multiplicador (%)" description="" visible="true"/><Measure name="honorarioMinOrig" column="HONORARIO_MIN" datatype="Numeric" aggregator="sum" caption="Honorários Min (R$)" description="Valor do Honorário minimo para ser Aprovado o Simulador. " visible="true"/><Measure name="depreciaOrig" column="DEPRECIA" datatype="Numeric" aggregator="sum" caption="Depreciação (%)" description="" visible="true"/><Measure name="valorLocalizacaoOrig" column="VALOR_LOCALIZACAO" datatype="Numeric" aggregator="sum" caption="Valor Localização" description="" visible="true"/><Measure name="estadiaQtdeDiasOrig" column="ESTADIA_QTDE_DIAS" datatype="Integer" aggregator="sum" caption="Qtde de Dias" description="" visible="true"/><Measure name="estadiaDiariaOrig" column="ESTADIA_DIARIA" datatype="Numeric" aggregator="sum" caption="Valor da Diária" description="" visible="true"/><Measure name="estadiaTotalOrig" column="ESTADIA_TOTAL" datatype="Numeric" aggregator="sum" caption="Total" description="" visible="true"/><Measure name="guinchoTotalOrig" column="GUINCHO_TOTAL" datatype="Numeric" aggregator="sum" caption="Total Guincho" description="" visible="true"/><Measure name="sEntregaContratadOrig" column="S_ENTREGA_CONTRATAD" datatype="Numeric" aggregator="sum" caption="Valor Contratado:" description="" visible="true"/><Measure name="valorguinchoOrig" column="VALORGUINCHO" datatype="Numeric" aggregator="sum" caption="Valor do Guincho:" description="" visible="true"/><Measure name="percentLocalizadorOrig" column="PERCENT_LOCALIZADOR" datatype="Numeric" aggregator="sum" caption="Percentual do Localizador" description="" visible="true"/><Measure name="valorMinLocalizadoOrig" column="VALOR_MIN_LOCALIZADO" datatype="Numeric" aggregator="sum" caption="Valor Minimo do Localizador" description="" visible="true"/><Measure name="valorMaxLocalizOrig" column="VALOR_MAX_LOCALIZ" datatype="Numeric" aggregator="sum" caption="Valor Maximo de Localizador" description="" visible="true"/><Measure name="percLocalizMaior90Orig" column="PERC_LOCALIZ_MAIOR90" datatype="Numeric" aggregator="sum" caption="Percentual para maior que 90" description="" visible="true"/><Measure name="valorMinMaior90Orig" column="VALOR_MIN_MAIOR90" datatype="Numeric" aggregator="sum" caption="Valor Minimo &gt; 90" description="" visible="true"/><Measure name="valorMaxMaior90Orig" column="VALOR_MAX_MAIOR90" datatype="Numeric" aggregator="sum" caption="Valor Maximo &gt; 90" description="" visible="true"/><Measure name="relatViagemContratOrig" column="RELAT_VIAGEM_CONTRAT" datatype="Numeric" aggregator="sum" caption="Valor Contratado:" description="" visible="true"/><Measure name="relatViagemReembOrig" column="RELAT_VIAGEM_REEMB" datatype="Numeric" aggregator="sum" caption="Valor Reembolsável:" description="" visible="true"/><Measure name="relatViagemDespesaOrig" column="RELAT_VIAGEM_DESPESA" datatype="Numeric" aggregator="sum" caption="Valor Despesa" description="" visible="true"/></Cube><VirtualCube name="lcm43simuladorRetomadaBf" caption="Simulador / Retomada BF" description="As simulações deverão ser feitas para cada iniciativa de retomada, sendo essa entrega amigável ou de busca e apreensão, logo, serão iniciadas automaticamente pelos fluxos Retomados Itaú, Retomados Bradesco e Retomados Pan."><CubeUsages><CubeUsage cubeName="lcm43simuladorRetomadaBfprocesso" ignoreUnrelatedDimensions="false"/></CubeUsages><VirtualCubeDimension cubeName="lcm43simuladorRetomadaBfprocesso" name="tipoRetomada"/><VirtualCubeDimension cubeName="lcm43simuladorRetomadaBfprocesso" name="contrato"/><VirtualCubeDimension cubeName="lcm43simuladorRetomadaBfprocesso" name="financCpf"/><VirtualCubeDimension cubeName="lcm43simuladorRetomadaBfprocesso" name="financNome"/><VirtualCubeDimension cubeName="lcm43simuladorRetomadaBfprocesso" name="bancoCnpj"/><VirtualCubeDimension cubeName="lcm43simuladorRetomadaBfprocesso" name="bancoNome"/><VirtualCubeDimension cubeName="lcm43simuladorRetomadaBfprocesso" name="marca"/><VirtualCubeDimension cubeName="lcm43simuladorRetomadaBfprocesso" name="modelo"/><VirtualCubeDimension cubeName="lcm43simuladorRetomadaBfprocesso" name="anoFabric"/><VirtualCubeDimension cubeName="lcm43simuladorRetomadaBfprocesso" name="anoModelo"/><VirtualCubeDimension cubeName="lcm43simuladorRetomadaBfprocesso" name="chassi"/><VirtualCubeDimension cubeName="lcm43simuladorRetomadaBfprocesso" name="placa"/><VirtualCubeDimension cubeName="lcm43simuladorRetomadaBfprocesso" name="renavan"/><VirtualCubeDimension cubeName="lcm43simuladorRetomadaBfprocesso" name="filial"/><VirtualCubeDimension cubeName="lcm43simuladorRetomadaBfprocesso" name="responsavelFilial"/><VirtualCubeDimension cubeName="lcm43simuladorRetomadaBfprocesso" name="patioSituacao"/><VirtualCubeDimension cubeName="lcm43simuladorRetomadaBfprocesso" name="localSituacao"/><VirtualCubeDimension cubeName="lcm43simuladorRetomadaBfprocesso" name="entregaSituacao"/><VirtualCubeDimension cubeName="lcm43simuladorRetomadaBfprocesso" name="guinchoSituacao"/><VirtualCubeDimension cubeName="lcm43simuladorRetomadaBfprocesso" name="cartorioSituacao"/><VirtualCubeDimension cubeName="lcm43simuladorRetomadaBfprocesso" name="distanciaLeiloeiro"/><VirtualCubeDimension cubeName="lcm43simuladorRetomadaBfprocesso" name="statusSimulador"/><VirtualCubeDimension cubeName="lcm43simuladorRetomadaBfprocesso" name="categoriaVeiculo"/><VirtualCubeDimension cubeName="lcm43simuladorRetomadaBfprocesso" name="rejeitarPara"/><VirtualCubeDimension cubeName="lcm43simuladorRetomadaBfprocesso" name="responsavel"/><VirtualCubeDimension cubeName="lcm43simuladorRetomadaBfprocesso" name="codProcessoPai"/><VirtualCubeDimension cubeName="lcm43simuladorRetomadaBfprocesso" name="statusSimuladorAlc"/><VirtualCubeDimension cubeName="lcm43simuladorRetomadaBfprocesso" name="venc1parcela"/><VirtualCubeDimension cubeName="lcm43simuladorRetomadaBfprocesso" name="dataRetomada"/><VirtualCubeDimension cubeName="lcm43simuladorRetomadaBfprocesso" name="fase"/><VirtualCubeDimension cubeName="lcm43simuladorRetomadaBfprocesso" name="adimplente"/><VirtualCubeDimension cubeName="lcm43simuladorRetomadaBfprocesso" name="uf"/><VirtualCubeDimension cubeName="lcm43simuladorRetomadaBfprocesso" name="parcelaAntiga"/><VirtualCubeDimension cubeName="lcm43simuladorRetomadaBfprocesso" name="faseSmc"/><VirtualCubeDimension cubeName="lcm43simuladorRetomadaBfprocesso" name="patioDesc"/><VirtualCubeDimension cubeName="lcm43simuladorRetomadaBfprocesso" name="patioCadastrar"/><VirtualCubeDimension cubeName="lcm43simuladorRetomadaBfprocesso" name="patioTipopessoa"/><VirtualCubeDimension cubeName="lcm43simuladorRetomadaBfprocesso" name="patioCnpj"/><VirtualCubeDimension cubeName="lcm43simuladorRetomadaBfprocesso" name="patioInscmun"/><VirtualCubeDimension cubeName="lcm43simuladorRetomadaBfprocesso" name="patioInscest"/><VirtualCubeDimension cubeName="lcm43simuladorRetomadaBfprocesso" name="patioCpf"/><VirtualCubeDimension cubeName="lcm43simuladorRetomadaBfprocesso" name="patioRg"/><VirtualCubeDimension cubeName="lcm43simuladorRetomadaBfprocesso" name="patioEndereco"/><VirtualCubeDimension cubeName="lcm43simuladorRetomadaBfprocesso" name="patioNumero"/><VirtualCubeDimension cubeName="lcm43simuladorRetomadaBfprocesso" name="patioBairro"/><VirtualCubeDimension cubeName="lcm43simuladorRetomadaBfprocesso" name="patioCep"/><VirtualCubeDimension cubeName="lcm43simuladorRetomadaBfprocesso" name="patioCidade"/><VirtualCubeDimension cubeName="lcm43simuladorRetomadaBfprocesso" name="patioEstado"/><VirtualCubeDimension cubeName="lcm43simuladorRetomadaBfprocesso" name="patioPais"/><VirtualCubeDimension cubeName="lcm43simuladorRetomadaBfprocesso" name="patioResponsavel"/><VirtualCubeDimension cubeName="lcm43simuladorRetomadaBfprocesso" name="patioFone"/><VirtualCubeDimension cubeName="lcm43simuladorRetomadaBfprocesso" name="patioLeiloeiro"/><VirtualCubeDimension cubeName="lcm43simuladorRetomadaBfprocesso" name="estadoBem"/><VirtualCubeDimension cubeName="lcm43simuladorRetomadaBfprocesso" name="ajuizamento"/><VirtualCubeDimension cubeName="lcm43simuladorRetomadaBfprocesso" name="dataAjuizamento"/><VirtualCubeDimension cubeName="lcm43simuladorRetomadaBfprocesso" name="impedimentoRemocao"/><VirtualCubeDimension cubeName="lcm43simuladorRetomadaBfprocesso" name="abrangencia"/><VirtualCubeDimension cubeName="lcm43simuladorRetomadaBfprocesso" name="entregaUsuario"/><VirtualCubeDimension cubeName="lcm43simuladorRetomadaBfprocesso" name="entregaLocal"/><VirtualCubeDimension cubeName="lcm43simuladorRetomadaBfprocesso" name="localizacaoAutor"/><VirtualCubeDimension cubeName="lcm43simuladorRetomadaBfprocesso" name="localizacaoNf"/><VirtualCubeDimension cubeName="lcm43simuladorRetomadaBfprocesso" name="estadiaTem"/><VirtualCubeDimension cubeName="lcm43simuladorRetomadaBfprocesso" name="guinchoTem"/><VirtualCubeDimension cubeName="lcm43simuladorRetomadaBfprocesso" name="aux"/><VirtualCubeDimension cubeName="lcm43simuladorRetomadaBfprocesso" name="retomadaManual"/><VirtualCubeDimension cubeName="lcm43simuladorRetomadaBfprocesso" name="pasta"/><VirtualCubeDimension cubeName="lcm43simuladorRetomadaBfprocesso" name="numeroProcesso"/><VirtualCubeDimension cubeName="lcm43simuladorRetomadaBfprocesso" name="usuarioOcorrencia"/><VirtualCubeDimension cubeName="lcm43simuladorRetomadaBfprocesso" name="comarca"/><VirtualCubeDimension cubeName="lcm43simuladorRetomadaBfprocesso" name="vara"/><VirtualCubeDimension cubeName="lcm43simuladorRetomadaBfprocesso" name="selecionaFilial"/><VirtualCubeDimension cubeName="lcm43simuladorRetomadaBfprocesso" name="usoGuincho"/><VirtualCubeDimension cubeName="lcm43simuladorRetomadaBfprocesso" name="renavam"/><VirtualCubeDimension cubeName="lcm43simuladorRetomadaBfprocesso" name="autorizaoSimulador"/><VirtualCubeDimension cubeName="lcm43simuladorRetomadaBfprocesso" name="categoriaVeic"/><VirtualCubeDimension cubeName="lcm43simuladorRetomadaBfprocesso" name="dataPreenchimento"/><VirtualCubeDimension cubeName="lcm43simuladorRetomadaBfprocesso" name="termoEntregaUp"/><VirtualCubeDimension cubeName="lcm43simuladorRetomadaBfprocesso" name="laudoVistoriaUp"/><VirtualCubeDimension cubeName="lcm43simuladorRetomadaBfprocesso" name="debitosdetranUp"/><VirtualCubeDimension cubeName="lcm43simuladorRetomadaBfprocesso" name="telaMolicarUp"/><VirtualCubeDimension cubeName="lcm43simuladorRetomadaBfprocesso" name="termoAssinadoUp"/><VirtualCubeDimension cubeName="lcm43simuladorRetomadaBfprocesso" name="autoApreensaoUp"/><VirtualCubeDimension cubeName="lcm43simuladorRetomadaBfprocesso" name="mandadoUp"/><VirtualCubeDimension cubeName="lcm43simuladorRetomadaBfprocesso" name="certidaoCitacaoUp"/><VirtualCubeDimension cubeName="lcm43simuladorRetomadaBfprocesso" name="reciboDutUp"/><VirtualCubeDimension cubeName="lcm43simuladorRetomadaBfprocesso" name="telaBiUp"/><VirtualCubeDimension cubeName="lcm43simuladorRetomadaBfprocesso" name="fotosVeiculoUp"/><VirtualCubeDimension cubeName="lcm43simuladorRetomadaBfprocesso" name="tipoDocPatio"/><VirtualCubeDimension cubeName="lcm43simuladorRetomadaBfprocesso" name="tipoDocLocal"/><VirtualCubeDimension cubeName="lcm43simuladorRetomadaBfprocesso" name="tipoDocEntrega"/><VirtualCubeDimension cubeName="lcm43simuladorRetomadaBfprocesso" name="tipoDocGuincho"/><VirtualCubeDimension cubeName="lcm43simuladorRetomadaBfprocesso" name="tipoDocCart"/><VirtualCubeDimension cubeName="lcm43simuladorRetomadaBfprocesso" name="relatViagemSituaca"/><VirtualCubeMeasure cubeName="lcm43simuladorRetomadaBfprocesso" name="[Measures].[parcelasPlanoOrig]" visible="true"/><VirtualCubeMeasure cubeName="lcm43simuladorRetomadaBfprocesso" name="[Measures].[parcelasPagasOrig]" visible="true"/><VirtualCubeMeasure cubeName="lcm43simuladorRetomadaBfprocesso" name="[Measures].[percentPagoOrig]" visible="true"/><VirtualCubeMeasure cubeName="lcm43simuladorRetomadaBfprocesso" name="[Measures].[valorRiscoOrig]" visible="true"/><VirtualCubeMeasure cubeName="lcm43simuladorRetomadaBfprocesso" name="[Measures].[molicarFipeOrig]" visible="true"/><VirtualCubeMeasure cubeName="lcm43simuladorRetomadaBfprocesso" name="[Measures].[depreciacaoOrig]" visible="true"/><VirtualCubeMeasure cubeName="lcm43simuladorRetomadaBfprocesso" name="[Measures].[valorDepreciadoOrig]" visible="true"/><VirtualCubeMeasure cubeName="lcm43simuladorRetomadaBfprocesso" name="[Measures].[debitosDetranOrig]" visible="true"/><VirtualCubeMeasure cubeName="lcm43simuladorRetomadaBfprocesso" name="[Measures].[valorFinalOrig]" visible="true"/><VirtualCubeMeasure cubeName="lcm43simuladorRetomadaBfprocesso" name="[Measures].[patioContratadoOrig]" visible="true"/><VirtualCubeMeasure cubeName="lcm43simuladorRetomadaBfprocesso" name="[Measures].[patioReembOrig]" visible="true"/><VirtualCubeMeasure cubeName="lcm43simuladorRetomadaBfprocesso" name="[Measures].[patioDespesaOrig]" visible="true"/><VirtualCubeMeasure cubeName="lcm43simuladorRetomadaBfprocesso" name="[Measures].[localContratadoOrig]" visible="true"/><VirtualCubeMeasure cubeName="lcm43simuladorRetomadaBfprocesso" name="[Measures].[localReembOrig]" visible="true"/><VirtualCubeMeasure cubeName="lcm43simuladorRetomadaBfprocesso" name="[Measures].[localDespesaOrig]" visible="true"/><VirtualCubeMeasure cubeName="lcm43simuladorRetomadaBfprocesso" name="[Measures].[entregaContratadoOrig]" visible="true"/><VirtualCubeMeasure cubeName="lcm43simuladorRetomadaBfprocesso" name="[Measures].[entregaReembOrig]" visible="true"/><VirtualCubeMeasure cubeName="lcm43simuladorRetomadaBfprocesso" name="[Measures].[entregaDespesaOrig]" visible="true"/><VirtualCubeMeasure cubeName="lcm43simuladorRetomadaBfprocesso" name="[Measures].[guinchoContratadoOrig]" visible="true"/><VirtualCubeMeasure cubeName="lcm43simuladorRetomadaBfprocesso" name="[Measures].[guinchoReembOrig]" visible="true"/><VirtualCubeMeasure cubeName="lcm43simuladorRetomadaBfprocesso" name="[Measures].[guinchoDespesaOrig]" visible="true"/><VirtualCubeMeasure cubeName="lcm43simuladorRetomadaBfprocesso" name="[Measures].[cartorioContratadoOrig]" visible="true"/><VirtualCubeMeasure cubeName="lcm43simuladorRetomadaBfprocesso" name="[Measures].[cartorioReembOrig]" visible="true"/><VirtualCubeMeasure cubeName="lcm43simuladorRetomadaBfprocesso" name="[Measures].[cartorioDespesaOrig]" visible="true"/><VirtualCubeMeasure cubeName="lcm43simuladorRetomadaBfprocesso" name="[Measures].[reducaoNecessariaOrig]" visible="true"/><VirtualCubeMeasure cubeName="lcm43simuladorRetomadaBfprocesso" name="[Measures].[qtdeEstadiasOrig]" visible="true"/><VirtualCubeMeasure cubeName="lcm43simuladorRetomadaBfprocesso" name="[Measures].[hoOrig]" visible="true"/><VirtualCubeMeasure cubeName="lcm43simuladorRetomadaBfprocesso" name="[Measures].[honorarioOrig]" visible="true"/><VirtualCubeMeasure cubeName="lcm43simuladorRetomadaBfprocesso" name="[Measures].[hoPercentOrig]" visible="true"/><VirtualCubeMeasure cubeName="lcm43simuladorRetomadaBfprocesso" name="[Measures].[honorarioRealOrig]" visible="true"/><VirtualCubeMeasure cubeName="lcm43simuladorRetomadaBfprocesso" name="[Measures].[detranOrig]" visible="true"/><VirtualCubeMeasure cubeName="lcm43simuladorRetomadaBfprocesso" name="[Measures].[faixaLeiloeiroOrig]" visible="true"/><VirtualCubeMeasure cubeName="lcm43simuladorRetomadaBfprocesso" name="[Measures].[remocaoEstadiaOrig]" visible="true"/><VirtualCubeMeasure cubeName="lcm43simuladorRetomadaBfprocesso" name="[Measures].[fatorIdadeParcelaOrig]" visible="true"/><VirtualCubeMeasure cubeName="lcm43simuladorRetomadaBfprocesso" name="[Measures].[fatorMultiplicadorOrig]" visible="true"/><VirtualCubeMeasure cubeName="lcm43simuladorRetomadaBfprocesso" name="[Measures].[honorarioMinOrig]" visible="true"/><VirtualCubeMeasure cubeName="lcm43simuladorRetomadaBfprocesso" name="[Measures].[depreciaOrig]" visible="true"/><VirtualCubeMeasure cubeName="lcm43simuladorRetomadaBfprocesso" name="[Measures].[valorLocalizacaoOrig]" visible="true"/><VirtualCubeMeasure cubeName="lcm43simuladorRetomadaBfprocesso" name="[Measures].[estadiaQtdeDiasOrig]" visible="true"/><VirtualCubeMeasure cubeName="lcm43simuladorRetomadaBfprocesso" name="[Measures].[estadiaDiariaOrig]" visible="true"/><VirtualCubeMeasure cubeName="lcm43simuladorRetomadaBfprocesso" name="[Measures].[estadiaTotalOrig]" visible="true"/><VirtualCubeMeasure cubeName="lcm43simuladorRetomadaBfprocesso" name="[Measures].[guinchoTotalOrig]" visible="true"/><VirtualCubeMeasure cubeName="lcm43simuladorRetomadaBfprocesso" name="[Measures].[sEntregaContratadOrig]" visible="true"/><VirtualCubeMeasure cubeName="lcm43simuladorRetomadaBfprocesso" name="[Measures].[valorguinchoOrig]" visible="true"/><VirtualCubeMeasure cubeName="lcm43simuladorRetomadaBfprocesso" name="[Measures].[percentLocalizadorOrig]" visible="true"/><VirtualCubeMeasure cubeName="lcm43simuladorRetomadaBfprocesso" name="[Measures].[valorMinLocalizadoOrig]" visible="true"/><VirtualCubeMeasure cubeName="lcm43simuladorRetomadaBfprocesso" name="[Measures].[valorMaxLocalizOrig]" visible="true"/><VirtualCubeMeasure cubeName="lcm43simuladorRetomadaBfprocesso" name="[Measures].[percLocalizMaior90Orig]" visible="true"/><VirtualCubeMeasure cubeName="lcm43simuladorRetomadaBfprocesso" name="[Measures].[valorMinMaior90Orig]" visible="true"/><VirtualCubeMeasure cubeName="lcm43simuladorRetomadaBfprocesso" name="[Measures].[valorMaxMaior90Orig]" visible="true"/><VirtualCubeMeasure cubeName="lcm43simuladorRetomadaBfprocesso" name="[Measures].[relatViagemContratOrig]" visible="true"/><VirtualCubeMeasure cubeName="lcm43simuladorRetomadaBfprocesso" name="[Measures].[relatViagemReembOrig]" visible="true"/><VirtualCubeMeasure cubeName="lcm43simuladorRetomadaBfprocesso" name="[Measures].[relatViagemDespesaOrig]" visible="true"/></VirtualCube><Role name="Administrator"><SchemaGrant access="all"/></Role><Role name="admindados"><SchemaGrant access="all"/></Role></Schema>